fdc_id,description,protein_g,fat_g,carbs_g,calories_kcal,fiber_g,sodium_mg,saturated_fat_g
169831,"APPLEBEE'S, 9 oz house sirloin steak",26.85,9.08,0.0,189.0,,604.0,3.477
169008,"APPLEBEE'S, Double Crunch Shrimp",12.31,18.9,25.96,323.0,2.6,838.0,3.366
169010,"APPLEBEE'S, KRAFT, Macaroni & Cheese, from kid's menu",5.01,4.34,21.08,143.0,1.3,288.0,1.312
169841,"APPLEBEE'S, chicken tenders platter",19.62,16.24,17.98,297.0,1.0,740.0,2.849
169012,"APPLEBEE'S, chicken tenders, from kids' menu",19.25,16.15,18.36,296.0,1.2,763.0,2.852
169018,"APPLEBEE'S, chili",12.56,9.79,4.57,157.0,1.4,381.0,4.15
169020,"APPLEBEE'S, coleslaw",0.79,7.09,13.17,120.0,2.8,178.0,1.061
169840,"APPLEBEE'S, crunchy onion rings",4.58,19.61,40.17,356.0,3.1,833.0,3.574
169017,"APPLEBEE'S, fish, hand battered",13.23,9.14,16.65,202.0,0.9,607.0,1.613
169009,"APPLEBEE'S, french fries",3.31,13.17,39.5,290.0,3.9,618.0,2.333
169011,"APPLEBEE'S, mozzarella sticks",14.87,18.37,22.87,316.0,2.1,838.0,6.73
170791,"ARBY'S, roast beef sandwich, classic",15.17,10.3,22.21,242.0,1.3,653.0,3.399
167782,"Abiyuch, raw",1.5,0.1,17.6,69.0,5.3,20.0,0.014
171687,"Acerola juice, raw",0.4,0.3,4.8,23.0,0.3,3.0,0.068
171686,"Acerola, (west indian cherry), raw",0.4,0.3,7.69,32.0,1.1,7.0,0.068
168061,Acorn stew (Apache),6.81,3.47,9.22,95.0,0.7,130.0,1.28
168992,"Agave, cooked (Southwest)",0.99,0.29,32.0,135.0,10.6,13.0,
168993,"Agave, dried (Southwest)",1.71,0.69,81.98,341.0,15.6,14.0,
169814,"Agave, raw (Southwest)",0.52,0.15,16.23,68.0,6.6,14.0,
169823,"Agutuk, fish with shortening (Alaskan ice cream) (Alaska Native)",9.0,43.5,10.5,470.0,,24.0,8.6
168976,"Agutuk, fish/berry with seal oil (Alaskan ice cream) (Alaska Native)",3.4,31.8,13.4,353.0,0.5,21.0,7.7
168977,"Agutuk, meat-caribou (Alaskan ice cream) (Alaska Native)",21.7,18.6,0.9,258.0,,95.0,5.1
173191,"Alcoholic Beverage, wine, table, red, Barbera",0.07,0.0,2.79,85.0,,,
173208,"Alcoholic Beverage, wine, table, red, Burgundy",0.07,0.0,3.69,86.0,,,
174834,"Alcoholic Beverage, wine, table, red, Cabernet Franc",0.07,0.0,2.45,83.0,,,
174833,"Alcoholic Beverage, wine, table, red, Cabernet Sauvignon",0.07,0.0,2.6,83.0,,,
174840,"Alcoholic Beverage, wine, table, red, Carignane",0.07,0.0,2.4,74.0,,,
173194,"Alcoholic Beverage, wine, table, red, Claret",0.07,0.0,3.01,83.0,,,
171872,"Alcoholic Beverage, wine, table, red, Gamay",0.07,0.0,2.38,78.0,,,
174838,"Alcoholic Beverage, wine, table, red, Lemberger",0.07,0.0,2.46,80.0,,,
171925,"Alcoholic Beverage, wine, table, red, Merlot",0.07,0.0,2.51,83.0,0.0,4.0,
174109,"Alcoholic Beverage, wine, table, red, Mouvedre",0.07,0.0,2.64,88.0,,,
173193,"Alcoholic Beverage, wine, table, red, Petite Sirah",0.07,0.0,2.68,85.0,,,
174835,"Alcoholic Beverage, wine, table, red, Pinot Noir",0.07,0.0,2.31,82.0,,,
174839,"Alcoholic Beverage, wine, table, red, Sangiovese",0.07,0.0,2.62,86.0,,,
174836,"Alcoholic Beverage, wine, table, red, Syrah",0.07,0.0,2.58,83.0,,,
173192,"Alcoholic Beverage, wine, table, red, Zinfandel",0.07,0.0,2.86,88.0,,,
168749,"Alcoholic beverage, beer, light",0.24,0.0,1.64,29.0,0.0,4.0,0.0
169572,"Alcoholic beverage, beer, light, BUD LIGHT",0.25,0.0,1.3,29.0,0.0,3.0,
168748,"Alcoholic beverage, beer, light, BUDWEISER SELECT",0.2,0.0,0.87,28.0,0.0,3.0,
174145,"Alcoholic beverage, beer, light, higher alcohol",0.25,0.0,0.77,46.0,0.0,4.0,0.0
169575,"Alcoholic beverage, beer, light, low carb",0.17,0.0,0.73,27.0,0.0,3.0,0.0
168747,"Alcoholic beverage, beer, regular, BUDWEISER",0.36,0.0,2.97,41.0,0.0,3.0,
168746,"Alcoholic beverage, beer, regular, all",0.46,0.0,3.55,43.0,0.0,4.0,0.0
173168,"Alcoholic beverage, creme de menthe, 72 proof",0.0,0.3,41.6,371.0,0.0,5.0,0.014
169573,"Alcoholic beverage, daiquiri, canned",0.0,0.0,15.7,125.0,0.0,40.0,0.0
169574,"Alcoholic beverage, daiquiri, prepared-from-recipe",0.06,0.06,6.94,186.0,0.1,5.0,0.006
173664,"Alcoholic beverage, distilled, all (gin, rum, vodka, whiskey) 100 proof",0.0,0.0,0.0,295.0,0.0,1.0,0.0
174815,"Alcoholic beverage, distilled, all (gin, rum, vodka, whiskey) 80 proof",0.0,0.0,0.0,231.0,0.0,1.0,0.0
171919,"Alcoholic beverage, distilled, all (gin, rum, vodka, whiskey) 86 proof",0.0,0.0,0.1,250.0,0.0,1.0,0.0
171920,"Alcoholic beverage, distilled, all (gin, rum, vodka, whiskey) 90 proof",0.0,0.0,0.0,263.0,0.0,1.0,0.0
173663,"Alcoholic beverage, distilled, all (gin, rum, vodka, whiskey) 94 proof",0.0,0.0,0.0,275.0,0.0,1.0,0.0
174817,"Alcoholic beverage, distilled, rum, 80 proof",0.0,0.0,0.0,231.0,0.0,1.0,0.0
174818,"Alcoholic beverage, distilled, vodka, 80 proof",0.0,0.0,0.0,231.0,0.0,1.0,0.0
174819,"Alcoholic beverage, distilled, whiskey, 86 proof",0.0,0.0,0.1,250.0,0.0,0.0,0.0
175098,"Alcoholic beverage, liqueur, coffee with cream, 34 proof",2.8,15.7,20.9,327.0,0.0,92.0,9.664
175097,"Alcoholic beverage, liqueur, coffee, 53 proof",0.1,0.3,46.8,336.0,0.0,8.0,0.106
173665,"Alcoholic beverage, liqueur, coffee, 63 proof",0.1,0.3,32.2,308.0,0.0,8.0,0.106
174141,"Alcoholic beverage, malt beer, hard lemonade",0.0,0.0,10.07,68.0,0.0,5.0,0.0
168750,"Alcoholic beverage, pina colada, canned",0.6,7.6,27.6,237.0,0.1,71.0,6.571
168752,"Alcoholic beverage, pina colada, prepared-from-recipe",0.42,1.88,22.66,174.0,0.3,6.0,1.636
167723,"Alcoholic beverage, rice (sake)",0.5,0.0,5.0,134.0,0.0,2.0,0.0
168753,"Alcoholic beverage, tequila sunrise, canned",0.3,0.1,11.3,110.0,0.0,57.0,
173662,"Alcoholic beverage, whiskey sour",0.0,0.03,13.17,149.0,0.0,20.0,0.005
174810,"Alcoholic beverage, whiskey sour, canned",0.0,0.0,13.4,119.0,0.1,44.0,
174812,"Alcoholic beverage, whiskey sour, prepared from item 14028",0.06,0.06,12.82,153.0,0.0,61.0,0.005
173164,"Alcoholic beverage, whiskey sour, prepared with water, whiskey and powder mix",0.1,0.02,15.85,164.0,0.0,47.0,0.003
169070,"Alcoholic beverage, wine, cooking",0.5,0.0,6.3,50.0,0.0,626.0,0.0
175112,"Alcoholic beverage, wine, dessert, dry",0.2,0.0,11.67,152.0,0.0,9.0,0.0
173176,"Alcoholic beverage, wine, dessert, sweet",0.2,0.0,13.69,160.0,0.0,9.0,0.0
169071,"Alcoholic beverage, wine, light",0.07,0.0,1.17,49.0,0.0,7.0,0.0
173185,"Alcoholic beverage, wine, table, all",0.07,0.0,2.72,83.0,0.0,5.0,0.0
173190,"Alcoholic beverage, wine, table, red",0.07,0.0,2.61,85.0,0.0,4.0,0.0
174837,"Alcoholic beverage, wine, table, white",0.07,0.0,2.6,82.0,0.0,5.0,0.0
174110,"Alcoholic beverage, wine, table, white, Chardonnay",0.07,0.0,2.16,84.0,0.0,5.0,
173195,"Alcoholic beverage, wine, table, white, Chenin Blanc",0.07,0.0,3.31,80.0,,,
173196,"Alcoholic beverage, wine, table, white, Fume Blanc",0.07,0.0,2.27,82.0,,,
174843,"Alcoholic beverage, wine, table, white, Gewurztraminer",0.07,0.0,2.6,81.0,,,
173198,"Alcoholic beverage, wine, table, white, Muller Thurgau",0.07,0.0,3.48,76.0,,,
174849,"Alcoholic beverage, wine, table, white, Muscat",0.07,0.0,5.23,82.0,,,
174848,"Alcoholic beverage, wine, table, white, Pinot Blanc",0.07,0.0,1.94,81.0,,,
174841,"Alcoholic beverage, wine, table, white, Pinot Gris (Grigio)",0.07,0.0,2.06,83.0,,,
173200,"Alcoholic beverage, wine, table, white, Riesling",0.07,0.0,3.74,80.0,,,
173201,"Alcoholic beverage, wine, table, white, Sauvignon Blanc",0.07,0.0,2.05,81.0,,,
174845,"Alcoholic beverage, wine, table, white, Semillon",0.07,0.0,3.12,82.0,,,
173202,"Alcoholic beverage, wine, table, white, late harvest",0.07,0.0,13.39,112.0,,,
174844,"Alcoholic beverage, wine, table, white, late harvest, Gewurztraminer",0.07,0.0,11.39,108.0,,,
171906,"Alcoholic beverages, beer, higher alcohol",0.9,0.0,0.27,58.0,0.0,4.0,0.0
171908,"Alcoholic beverages, wine, rose",0.36,0.0,3.8,83.0,0.0,5.0,0.0
168384,"Alfalfa seeds, sprouted, raw",3.99,0.69,2.1,23.0,1.9,6.0,0.069
170683,"Amaranth grain, cooked",3.8,1.58,18.69,102.0,2.1,6.0,
170682,"Amaranth grain, uncooked",13.56,7.02,65.25,371.0,6.7,4.0,1.459
168492,"Amaranth leaves, cooked, boiled, drained, with salt",2.11,0.18,4.11,21.0,,257.0,0.05
169202,"Amaranth leaves, cooked, boiled, drained, without salt",2.11,0.18,4.11,21.0,,21.0,0.05
168385,"Amaranth leaves, raw",2.46,0.33,4.02,23.0,,20.0,0.091
167590,"Andrea's, Gluten Free Soft Dinner Roll",5.65,8.2,40.24,257.0,2.9,544.0,
172345,"Animal fat, bacon grease",0.0,99.5,0.0,897.0,0.0,150.0,39.004
167771,"Apple juice, canned or bottled, unsweetened, with added ascorbic acid",0.1,0.13,11.3,46.0,0.2,4.0,0.022
167800,"Apple juice, canned or bottled, unsweetened, with added ascorbic acid, calcium, and potassium",0.12,0.17,11.49,48.0,0.3,5.0,0.029
173933,"Apple juice, canned or bottled, unsweetened, without added ascorbic acid",0.1,0.13,11.3,46.0,0.2,4.0,0.022
173935,"Apple juice, frozen concentrate, unsweetened, diluted with 3 volume water without added ascorbic acid",0.14,0.1,11.54,47.0,0.1,7.0,0.018
167775,"Apple juice, frozen concentrate, unsweetened, diluted with 3 volume water, with added ascorbic acid",0.14,0.1,11.54,47.0,0.1,7.0,0.018
168188,"Apple juice, frozen concentrate, unsweetened, undiluted, with added ascorbic acid",0.51,0.37,41.0,166.0,,25.0,0.06
173934,"Apple juice, frozen concentrate, unsweetened, undiluted, without added ascorbic acid",0.51,0.37,41.0,166.0,0.4,25.0,0.06
173930,"Apples, canned, sweetened, sliced, drained, heated",0.18,0.43,16.84,67.0,2.0,3.0,0.07
171690,"Apples, dehydrated (low moisture), sulfured, stewed",0.28,0.12,19.91,74.0,2.6,26.0,0.02
173931,"Apples, dehydrated (low moisture), sulfured, uncooked",1.32,0.58,93.53,346.0,12.4,124.0,0.095
171693,"Apples, dried, sulfured, stewed, with added sugar",0.2,0.07,20.73,83.0,1.9,19.0,0.011
171692,"Apples, dried, sulfured, stewed, without added sugar",0.22,0.07,15.32,57.0,2.0,20.0,0.012
171691,"Apples, dried, sulfured, uncooked",0.93,0.32,65.89,243.0,8.7,87.0,0.052
173932,"Apples, frozen, unsweetened, heated (Includes foods for USDA's Food Distribution Program)",0.29,0.33,12.0,47.0,1.3,3.0,0.053
171694,"Apples, frozen, unsweetened, unheated (Includes foods for USDA's Food Distribution Program)",0.28,0.32,12.31,48.0,1.3,3.0,0.053
167793,"Apples, raw, fuji, with skin (Includes foods for USDA's Food Distribution Program)",0.2,0.18,15.22,63.0,2.1,1.0,
168204,"Apples, raw, gala, with skin (Includes foods for USDA's Food Distribution Program)",0.25,0.12,13.68,57.0,2.3,1.0,
168202,"Apples, raw, golden delicious, with skin",0.28,0.15,13.6,57.0,2.4,2.0,
168203,"Apples, raw, granny smith, with skin (Includes foods for USDA's Food Distribution Program)",0.44,0.19,13.61,58.0,2.8,1.0,
168201,"Apples, raw, red delicious, with skin (Includes foods for USDA's Food Distribution Program)",0.27,0.2,14.06,59.0,2.3,1.0,
171688,"Apples, raw, with skin (Includes foods for USDA's Food Distribution Program)",0.26,0.17,13.81,52.0,2.4,1.0,0.028
171689,"Apples, raw, without skin",0.27,0.13,12.76,48.0,1.3,0.0,0.021
173928,"Apples, raw, without skin, cooked, boiled",0.26,0.36,13.64,53.0,2.4,1.0,0.058
173929,"Apples, raw, without skin, cooked, microwave",0.28,0.42,14.41,56.0,2.8,1.0,0.068
167773,"Applesauce, canned, sweetened, with salt",0.18,0.18,19.91,76.0,1.2,28.0,0.03
171696,"Applesauce, canned, sweetened, without salt",0.16,0.17,17.49,68.0,1.2,2.0,0.03
167772,"Applesauce, canned, unsweetened, with added ascorbic acid",0.17,0.1,11.27,42.0,1.1,2.0,0.008
171695,"Applesauce, canned, unsweetened, without added ascorbic acid (Includes foods for USDA's Food Distribution Program)",0.17,0.1,11.27,42.0,1.1,2.0,0.008
171704,"Apricot nectar, canned, with added ascorbic acid",0.17,0.45,13.63,56.0,0.1,8.0,0.033
171701,"Apricots, canned, extra heavy syrup pack, without skin, solids and liquids",0.55,0.04,24.85,96.0,1.6,13.0,0.003
173938,"Apricots, canned, extra light syrup pack, with skin, solids and liquids (Includes foods for USDA's Food Distribution Program)",0.6,0.1,12.5,49.0,1.6,2.0,0.007
171699,"Apricots, canned, heavy syrup pack, with skin, solids and liquids",0.53,0.08,21.47,83.0,1.6,4.0,0.005
171700,"Apricots, canned, heavy syrup pack, without skin, solids and liquids",0.51,0.09,21.45,83.0,1.6,11.0,0.006
167768,"Apricots, canned, heavy syrup, drained",0.64,0.11,21.31,83.0,2.7,4.0,0.007
173937,"Apricots, canned, juice pack, with skin, solids and liquids",0.63,0.04,12.34,48.0,1.6,4.0,0.003
173939,"Apricots, canned, light syrup pack, with skin, solids and liquids",0.53,0.05,16.49,63.0,1.6,4.0,0.003
171698,"Apricots, canned, water pack, with skin, solids and liquids",0.71,0.16,6.39,27.0,1.6,3.0,0.011
173936,"Apricots, canned, water pack, without skin, solids and liquids",0.69,0.03,5.48,22.0,1.1,11.0,0.002
173940,"Apricots, dehydrated (low-moisture), sulfured, stewed",1.93,0.24,32.62,126.0,,5.0,0.017
171702,"Apricots, dehydrated (low-moisture), sulfured, uncooked",4.9,0.62,82.89,320.0,,13.0,0.043
173943,"Apricots, dried, sulfured, stewed, with added sugar",1.17,0.15,29.26,113.0,4.1,3.0,0.01
173942,"Apricots, dried, sulfured, stewed, without added sugar",1.2,0.18,22.15,85.0,2.6,4.0,0.006
173941,"Apricots, dried, sulfured, uncooked",3.39,0.51,62.64,241.0,7.3,10.0,0.017
171703,"Apricots, frozen, sweetened",0.7,0.1,25.1,98.0,2.2,4.0,0.007
171697,"Apricots, raw",1.4,0.39,11.12,48.0,2.0,1.0,0.027
175071,"Archway Home Style Cookies, Chocolate Chip Ice Box",4.28,24.4,65.02,497.0,2.0,270.0,8.08
173245,"Archway Home Style Cookies, Coconut Macaroon",3.02,22.55,61.23,460.0,5.1,200.0,20.1
173246,"Archway Home Style Cookies, Date Filled Oatmeal",4.67,12.05,68.16,400.0,2.1,331.0,2.76
173247,"Archway Home Style Cookies, Dutch Cocoa",4.5,14.99,69.44,431.0,2.6,384.0,3.62
173248,"Archway Home Style Cookies, Frosty Lemon",4.41,17.11,64.78,430.0,0.7,449.0,5.83
173249,"Archway Home Style Cookies, Iced Molasses",3.5,14.43,69.12,420.0,1.0,605.0,4.16
175072,"Archway Home Style Cookies, Iced Oatmeal",4.89,16.53,66.76,435.0,2.0,377.0,4.61
175073,"Archway Home Style Cookies, Molasses",4.25,12.06,69.41,403.0,1.2,577.0,2.81
175074,"Archway Home Style Cookies, Oatmeal",5.48,14.08,68.17,421.0,2.9,394.0,3.2
175075,"Archway Home Style Cookies, Oatmeal Raisin",5.17,12.08,69.27,406.0,2.7,339.0,2.75
173250,"Archway Home Style Cookies, Old Fashioned Molasses",4.27,11.83,70.55,406.0,1.1,561.0,2.77
173251,"Archway Home Style Cookies, Old Fashioned Windmill Cookies",5.17,17.55,72.23,468.0,1.8,471.0,3.75
173252,"Archway Home Style Cookies, Peanut Butter",9.0,24.28,58.48,480.0,2.8,404.0,5.39
173253,"Archway Home Style Cookies, Raspberry Filled",4.35,13.26,65.92,400.0,2.2,334.0,5.16
175077,"Archway Home Style Cookies, Reduced Fat Ginger Snaps",4.67,11.14,76.23,424.0,1.1,406.0,2.6
175076,"Archway Home Style Cookies, Strawberry Filled",4.35,13.26,65.92,400.0,2.2,377.0,5.16
175070,"Archway Home Style Cookies, Sugar Free Oatmeal",5.54,20.92,67.2,442.0,1.9,308.0,4.9
168493,"Arrowhead, cooked, boiled, drained, with salt",4.49,0.1,16.14,78.0,,254.0,
169204,"Arrowhead, cooked, boiled, drained, without salt",4.49,0.1,16.14,78.0,,18.0,
169203,"Arrowhead, raw",5.33,0.29,20.23,99.0,,22.0,
170684,Arrowroot flour,0.3,0.1,88.15,357.0,3.4,2.0,0.019
168490,"Arrowroot, raw",4.24,0.2,13.39,65.0,1.3,26.0,0.039
169311,"Artichokes, (globe or french), cooked, boiled, drained, with salt",2.89,0.34,11.39,51.0,5.7,296.0,0.079
168386,"Artichokes, (globe or french), cooked, boiled, drained, without salt",2.89,0.34,11.95,53.0,5.7,60.0,0.079
169312,"Artichokes, (globe or french), frozen, cooked, boiled, drained, with salt",3.11,0.5,9.18,45.0,4.6,289.0,0.119
168388,"Artichokes, (globe or french), frozen, cooked, boiled, drained, without salt",3.11,0.5,9.18,45.0,4.6,53.0,0.119
168387,"Artichokes, (globe or french), frozen, unprepared",2.63,0.43,7.75,38.0,3.9,47.0,0.099
169205,"Artichokes, (globe or french), raw",3.27,0.15,10.51,47.0,5.4,94.0,0.036
175078,"Artificial Blueberry Muffin Mix, dry",4.7,8.7,77.45,407.0,,760.0,1.865
169387,"Arugula, raw",2.58,0.66,3.65,25.0,1.6,27.0,0.086
168978,Ascidians (tunughnak) (Alaska Native),3.8,0.5,0.0,20.0,,656.0,0.1
169207,"Asparagus, canned, drained solids",2.14,0.65,2.46,19.0,1.6,287.0,0.147
169314,"Asparagus, canned, no salt added, solids and liquids",1.8,0.18,2.48,15.0,1.0,26.0,0.041
169206,"Asparagus, canned, regular pack, solids and liquids",1.8,0.18,2.48,15.0,1.0,284.0,0.044
168390,"Asparagus, cooked, boiled, drained",2.4,0.22,4.11,22.0,2.0,14.0,0.048
169313,"Asparagus, cooked, boiled, drained, with salt",2.4,0.22,4.11,22.0,2.0,240.0,0.048
168494,"Asparagus, frozen, cooked, boiled, drained, with salt",2.95,0.42,1.92,18.0,1.6,240.0,0.096
169209,"Asparagus, frozen, cooked, boiled, drained, without salt",2.95,0.42,1.92,18.0,1.6,3.0,0.096
169208,"Asparagus, frozen, unprepared",3.23,0.23,4.1,24.0,1.9,8.0,0.052
168389,"Asparagus, raw",2.2,0.12,3.88,20.0,2.1,2.0,0.04
171706,"Avocados, raw, California",1.96,15.41,8.64,167.0,6.8,8.0,2.126
171707,"Avocados, raw, Florida",2.23,10.06,7.82,120.0,5.6,2.0,1.96
171705,"Avocados, raw, all commercial varieties",2.0,14.66,8.53,160.0,6.7,7.0,2.126
169783,"BANQUET, Salisbury Steak With Gravy, family size, frozen, unprepared",6.89,11.1,6.96,155.0,1.0,517.0,4.282
172076,"BURGER KING, CROISSAN'WICH with Egg and Cheese",10.35,15.78,24.79,283.0,0.7,650.0,4.766
173316,"BURGER KING, CROISSAN'WICH with Sausage and Cheese",13.73,25.45,23.0,376.0,0.7,782.0,8.595
173315,"BURGER KING, CROISSAN'WICH with Sausage, Egg and Cheese",12.09,21.78,15.9,308.0,1.8,577.0,8.342
170329,"BURGER KING, Cheeseburger",14.57,14.81,23.71,286.0,1.0,602.0,6.842
170731,"BURGER KING, Chicken Strips",18.2,15.25,20.49,292.0,1.3,859.0,2.699
170729,"BURGER KING, DOUBLE WHOPPER, no cheese",13.94,15.66,13.74,252.0,1.4,289.0,5.773
170730,"BURGER KING, DOUBLE WHOPPER, with cheese",14.47,17.06,13.52,266.0,1.6,387.0,6.998
170374,"BURGER KING, Double Cheeseburger",16.83,16.13,17.43,282.0,,562.0,6.922
170328,"BURGER KING, Hamburger",14.85,10.55,26.76,261.0,1.0,461.0,3.821
172078,"BURGER KING, Hash Brown Rounds",2.8,19.3,29.37,302.0,2.3,568.0,3.285
170771,"BURGER KING, Onion Rings",3.86,25.23,43.58,417.0,2.7,776.0,4.194
170331,"BURGER KING, Original Chicken Sandwich",12.14,14.69,26.22,286.0,2.4,638.0,2.723
170330,"BURGER KING, Premium Fish Sandwich",10.29,12.45,26.69,260.0,0.9,602.0,1.949
170700,"BURGER KING, Vanilla Shake",3.19,8.74,19.03,168.0,0.0,100.0,5.335
170727,"BURGER KING, WHOPPER, no cheese",10.74,12.84,18.55,233.0,1.8,313.0,4.25
170728,"BURGER KING, WHOPPER, with cheese",11.19,15.33,16.7,250.0,1.0,453.0,5.782
170327,"BURGER KING, french fries",3.23,12.48,38.7,280.0,2.9,279.0,2.137
172077,"BURGER KING, french toast sticks",6.0,17.74,41.21,349.0,1.4,428.0,3.989
171001,"Babyfood, Baby MUM MUM Rice Biscuits",12.5,0.87,83.21,391.0,0.0,313.0,0.238
173487,"Babyfood, GERBER, 2nd Foods, apple, carrot and squash, organic",1.1,0.0,14.82,64.0,1.2,20.0,0.0
172254,"Babyfood, GERBER, 3rd Foods, apple, mango and kiwi",0.47,0.0,12.88,48.0,2.0,2.0,0.0
169792,"Babyfood, GERBER, Banana with orange medley",1.06,0.0,20.41,69.0,2.1,10.0,0.0
171371,"Babyfood, GERBER, GRADUATES Lil Biscuits Vanilla Wheat",7.97,9.27,72.48,407.0,5.9,259.0,0.81
171000,"Babyfood, Multigrain whole grain cereal, dry fortified",6.67,6.67,80.06,407.0,6.7,33.0,1.058
171398,"Babyfood, Snack, GERBER, GRADUATES, LIL CRUNCHIES, baked whole grain corn snack",0.0,28.57,61.59,503.0,0.0,500.0,4.669
167690,"Babyfood, apple yogurt dessert, strained",0.8,1.6,19.5,93.0,0.5,20.0,1.034
171351,"Babyfood, apple-banana juice",0.2,0.1,12.3,51.0,0.2,4.0,0.018
173517,"Babyfood, apples with ham, strained",2.6,0.9,10.9,62.0,1.8,9.0,0.25
173511,"Babyfood, apples, dices, toddler",0.19,0.36,11.56,50.0,1.9,2.0,0.02
169047,"Babyfood, baked product, finger snacks cereal fortified",6.4,9.9,76.68,421.0,2.3,0.0,1.646
167733,"Babyfood, banana apple dessert, strained",0.3,0.2,16.3,68.0,1.0,7.0,0.058
168090,"Babyfood, banana juice with low fat yogurt",2.5,0.8,17.54,86.0,0.4,37.0,0.517
167732,"Babyfood, banana no tapioca, strained",1.0,0.2,21.34,91.0,1.6,2.0,0.072
170999,"Babyfood, banana with mixed berries, strained",1.01,0.36,21.31,92.0,1.0,0.0,0.081
173519,"Babyfood, beverage, GERBER, GRADUATES, FRUIT SPLASHERS",0.0,0.0,7.35,29.0,0.0,11.0,0.0
173518,"Babyfood, carrots and beef, strained",3.4,2.5,5.7,59.0,2.6,69.0,0.96
169871,"Babyfood, carrots, toddler",0.6,0.3,5.23,21.0,2.3,48.0,0.052
173509,"Babyfood, cereal, Oatmeal, dry, GERBER, SINGLE GRAIN, fortified",10.94,6.42,73.57,396.0,7.0,23.0,0.844
171358,"Babyfood, cereal, barley, dry fortified",13.2,6.6,69.4,376.0,6.6,33.0,0.894
172296,"Babyfood, cereal, barley, prepared with whole milk",3.73,3.26,9.94,84.0,0.6,43.0,1.76
169048,"Babyfood, cereal, brown rice, dry, instant",8.7,3.0,85.98,406.0,6.5,12.0,0.61
171366,"Babyfood, cereal, egg yolks and bacon, junior",2.5,5.0,6.2,79.0,0.9,48.0,1.64
173528,"Babyfood, cereal, high protein, prepared with whole milk",8.7,3.8,11.6,111.0,,49.0,
170973,"Babyfood, cereal, high protein, with apple and orange, dry",25.4,6.5,57.6,374.0,7.1,104.0,0.96
173533,"Babyfood, cereal, high protein, with apple and orange, prepared with whole milk",6.9,3.9,13.4,112.0,,58.0,
170964,"Babyfood, cereal, mixed, dry fortified",6.66,6.66,78.21,399.0,6.7,33.0,0.769
173529,"Babyfood, cereal, mixed, prepared with whole milk",4.14,3.38,12.3,96.0,0.8,42.0,1.745
170967,"Babyfood, cereal, mixed, with applesauce and bananas, junior, fortified",0.71,0.51,18.79,84.0,1.0,5.0,0.072
170966,"Babyfood, cereal, mixed, with applesauce and bananas, strained",0.71,0.51,18.38,82.0,1.0,5.0,0.09
170965,"Babyfood, cereal, mixed, with bananas, dry",10.7,4.6,77.1,391.0,7.8,0.0,0.846
173530,"Babyfood, cereal, mixed, with bananas, prepared with whole milk",3.82,3.46,10.0,86.0,0.4,48.0,1.808
173532,"Babyfood, cereal, mixed, with honey, prepared with whole milk",5.0,3.6,15.9,115.0,,48.0,
171360,"Babyfood, cereal, oatmeal, dry fortified",10.99,6.36,73.48,394.0,7.3,21.0,0.841
173531,"Babyfood, cereal, oatmeal, prepared with whole milk",5.0,4.1,15.3,116.0,1.1,46.0,2.258
171363,"Babyfood, cereal, oatmeal, with applesauce and bananas, junior, fortified",0.89,0.89,16.03,76.0,0.9,4.0,0.126
171362,"Babyfood, cereal, oatmeal, with applesauce and bananas, strained",0.89,0.89,15.62,75.0,0.9,4.0,0.125
171361,"Babyfood, cereal, oatmeal, with bananas, dry",6.67,6.67,78.07,399.0,5.2,33.0,1.267
172297,"Babyfood, cereal, oatmeal, with bananas, prepared with whole milk",3.82,3.46,10.0,86.0,0.4,48.0,1.82
170968,"Babyfood, cereal, oatmeal, with honey, dry",13.5,7.0,69.3,391.0,,47.0,
172298,"Babyfood, cereal, oatmeal, with honey, prepared with whole milk",5.0,3.9,15.3,115.0,,49.0,
167731,"Babyfood, cereal, rice with pears and apple, dry, instant fortified",6.6,0.9,88.5,389.0,2.6,2.0,0.185
170969,"Babyfood, cereal, rice, dry fortified",6.65,2.19,83.14,390.0,1.3,32.0,0.234
172299,"Babyfood, cereal, rice, prepared with whole milk",3.45,3.38,10.31,85.0,0.0,42.0,1.793
170970,"Babyfood, cereal, rice, with applesauce and bananas, strained",1.2,0.4,17.1,80.0,1.0,4.0,0.114
170974,"Babyfood, cereal, rice, with bananas, dry",8.7,4.2,79.9,404.0,1.0,0.0,0.978
173534,"Babyfood, cereal, rice, with bananas, prepared with whole milk",3.57,3.32,10.49,86.0,0.1,47.0,1.798
172300,"Babyfood, cereal, rice, with honey, prepared with whole milk",3.9,3.3,17.1,115.0,,49.0,
171359,"Babyfood, cereal, whole wheat, with apples, dry fortified",6.6,4.8,83.2,402.0,6.7,66.0,0.639
171364,"Babyfood, cereal, with egg yolks, junior",1.9,1.8,7.1,52.0,0.9,33.0,0.61
170971,"Babyfood, cereal, with egg yolks, strained",1.9,1.8,7.0,51.0,0.9,33.0,0.61
171365,"Babyfood, cereal, with eggs, strained",2.2,1.5,8.0,58.0,,38.0,0.49
170978,"Babyfood, cherry cobbler, junior",0.3,0.1,19.2,78.0,0.2,0.0,0.02
171368,"Babyfood, cookie, baby, fruit",6.8,12.6,73.7,435.0,3.4,9.0,2.7
170975,"Babyfood, cookies",11.8,13.2,67.1,433.0,0.2,300.0,2.352
171369,"Babyfood, cookies, arrowroot",7.6,10.0,75.4,424.0,0.2,319.0,1.048
172317,"Babyfood, corn and sweet potatoes, strained",1.26,0.28,15.23,68.0,1.8,14.0,0.053
170972,"Babyfood, crackers, vegetable",8.4,19.6,66.85,477.0,4.0,633.0,1.966
169872,"Babyfood, dessert, banana pudding, strained",1.0,0.8,14.14,68.0,0.8,54.0,0.264
168135,"Babyfood, dessert, banana yogurt, strained",1.1,0.52,17.35,78.0,0.5,14.0,0.37
168134,"Babyfood, dessert, blueberry yogurt, strained",0.5,0.7,17.05,77.0,0.4,14.0,0.452
171373,"Babyfood, dessert, cherry vanilla pudding, junior",0.2,0.2,18.4,69.0,0.3,0.0,0.058
170979,"Babyfood, dessert, cherry vanilla pudding, strained",0.2,0.3,17.8,68.0,0.3,0.0,0.087
171380,"Babyfood, dessert, custard pudding, vanilla, junior",1.76,0.98,17.58,86.0,0.2,26.0,0.325
171379,"Babyfood, dessert, custard pudding, vanilla, strained",1.6,2.0,16.0,85.0,0.0,0.0,1.01
170977,"Babyfood, dessert, dutch apple, junior",0.2,0.16,19.18,79.0,1.4,3.0,0.025
170976,"Babyfood, dessert, dutch apple, strained",0.2,0.4,19.74,75.0,1.4,0.0,0.19
171377,"Babyfood, dessert, fruit dessert, without ascorbic acid, junior",0.3,0.0,17.2,63.0,0.6,0.0,0.0
170983,"Babyfood, dessert, fruit dessert, without ascorbic acid, strained",0.3,0.0,16.0,59.0,0.6,0.0,0.0
171374,"Babyfood, dessert, fruit pudding, orange, strained",1.1,0.9,17.7,80.0,0.6,20.0,0.545
170982,"Babyfood, dessert, fruit pudding, pineapple, strained",1.3,0.3,20.3,81.0,0.7,0.0,0.099
171376,"Babyfood, dessert, peach cobbler, junior",0.3,0.0,18.3,67.0,0.7,0.0,0.0
171375,"Babyfood, dessert, peach cobbler, strained",0.3,0.0,17.8,65.0,0.7,7.0,0.0
170981,"Babyfood, dessert, peach melba, junior",0.3,0.0,16.4,60.0,,9.0,
170980,"Babyfood, dessert, peach melba, strained",0.2,0.0,16.5,60.0,,9.0,
168133,"Babyfood, dessert, peach yogurt",0.9,0.18,17.6,77.0,0.4,14.0,0.117
171378,"Babyfood, dessert, tropical fruit, junior",0.2,0.0,16.4,60.0,,7.0,
172287,"Babyfood, dinner, apples and chicken, strained",2.16,1.38,10.88,65.0,1.8,12.0,0.347
172260,"Babyfood, dinner, beef and rice, toddler",5.0,2.9,8.8,82.0,,32.0,
173489,"Babyfood, dinner, beef lasagna, toddler",4.2,2.1,10.0,77.0,,41.0,
173516,"Babyfood, dinner, beef noodle, junior",2.5,1.9,7.3,57.0,1.1,26.0,0.766
172258,"Babyfood, dinner, beef noodle, strained",2.44,2.26,8.18,63.0,1.3,15.0,0.937
172261,"Babyfood, dinner, beef with vegetables",2.03,6.93,6.36,96.0,1.8,38.0,2.84
172288,"Babyfood, dinner, broccoli and chicken, junior",3.59,2.48,6.34,62.0,1.4,17.0,0.51
169054,"Babyfood, dinner, chicken and rice",1.6,0.9,9.2,51.0,1.1,25.0,0.211
172264,"Babyfood, dinner, chicken noodle, junior",3.53,3.23,7.8,74.0,1.7,25.0,0.341
172263,"Babyfood, dinner, chicken noodle, strained",3.53,3.22,7.81,74.0,1.7,25.0,0.341
173496,"Babyfood, dinner, chicken soup, strained",1.6,1.7,7.2,50.0,1.1,16.0,0.278
173497,"Babyfood, dinner, chicken stew, toddler",5.2,3.7,6.4,78.0,0.6,25.0,1.1
172270,"Babyfood, dinner, macaroni and cheese, junior",2.6,2.0,8.2,61.0,0.3,183.0,1.175
173503,"Babyfood, dinner, macaroni and cheese, strained",3.14,2.11,8.95,67.0,0.7,88.0,1.291
173491,"Babyfood, dinner, macaroni and tomato and beef, junior",2.5,1.1,9.4,59.0,1.1,35.0,0.411
173490,"Babyfood, dinner, macaroni and tomato and beef, strained",2.36,1.47,9.45,61.0,1.2,38.0,0.486
168125,"Babyfood, dinner, macaroni, beef and tomato sauce, toddler",4.34,1.9,11.53,82.0,1.1,35.0,0.705
172281,"Babyfood, dinner, mixed vegetable, junior",1.01,0.11,7.88,34.0,1.0,40.0,0.0
173514,"Babyfood, dinner, mixed vegetable, strained",1.2,0.1,9.5,41.0,,38.0,
172266,"Babyfood, dinner, pasta with vegetables",1.7,2.1,8.4,60.0,1.5,11.0,1.23
173492,"Babyfood, dinner, spaghetti and tomato and meat, junior",2.57,1.37,11.42,68.0,1.1,30.0,0.543
173493,"Babyfood, dinner, spaghetti and tomato and meat, toddler",5.3,1.0,10.8,75.0,,239.0,
173521,"Babyfood, dinner, sweet potatoes and chicken, strained",2.51,2.17,11.04,74.0,1.3,22.0,0.572
173500,"Babyfood, dinner, turkey and rice, junior",2.37,0.92,9.57,56.0,1.0,23.0,0.239
172269,"Babyfood, dinner, turkey and rice, strained",2.27,1.24,7.94,52.0,0.9,19.0,0.338
172286,"Babyfood, dinner, turkey, rice, and vegetables, toddler",3.8,1.6,7.5,60.0,0.8,176.0,0.5
173495,"Babyfood, dinner, vegetables and beef, junior",2.21,3.6,8.84,77.0,1.3,31.0,1.367
173494,"Babyfood, dinner, vegetables and beef, strained",2.21,3.6,8.84,77.0,1.3,31.0,0.87
173513,"Babyfood, dinner, vegetables and chicken, junior",2.04,1.12,8.66,53.0,1.1,34.0,0.302
173488,"Babyfood, dinner, vegetables and dumplings and beef, junior",2.1,0.8,8.0,48.0,,52.0,
172256,"Babyfood, dinner, vegetables and dumplings and beef, strained",2.0,0.9,7.7,48.0,,49.0,
172262,"Babyfood, dinner, vegetables and lamb, junior",2.1,1.7,7.1,51.0,1.1,13.0,0.696
172268,"Babyfood, dinner, vegetables and noodles and turkey, junior",1.8,1.5,7.6,52.0,1.1,17.0,
172267,"Babyfood, dinner, vegetables and noodles and turkey, strained",1.2,1.2,6.8,44.0,1.1,21.0,
173502,"Babyfood, dinner, vegetables and turkey, junior",1.72,1.74,7.55,53.0,0.9,45.0,0.485
173501,"Babyfood, dinner, vegetables and turkey, strained",2.32,0.9,7.62,48.0,1.5,20.0,0.236
173498,"Babyfood, dinner, vegetables chicken, strained",2.47,1.73,8.42,59.0,2.1,24.0,0.496
172265,"Babyfood, dinner, vegetables, noodles and chicken, junior",1.7,2.2,9.1,64.0,1.1,26.0,
173499,"Babyfood, dinner, vegetables, noodles and chicken, strained",2.0,2.5,7.9,63.0,1.1,20.0,
172252,"Babyfood, finger snacks, GERBER, GRADUATES, PUFFS, apple and cinnamon",6.19,2.3,85.79,344.0,3.8,13.0,0.143
171388,"Babyfood, fortified cereal bar, fruit filling",5.43,5.3,68.63,344.0,1.7,157.0,0.453
170952,"Babyfood, fruit and vegetable, apple and sweet potato",0.3,0.22,15.3,64.0,1.4,3.0,0.041
171341,"Babyfood, fruit dessert, mango with tapioca",0.3,0.2,19.0,70.0,1.1,4.0,0.039
168140,"Babyfood, fruit supreme dessert",0.5,0.2,17.18,73.0,2.0,1.0,0.03
170958,"Babyfood, fruit, apple and blueberry, junior",0.2,0.2,16.6,62.0,1.8,1.0,0.024
170957,"Babyfood, fruit, apple and blueberry, strained",0.2,0.2,16.3,61.0,1.8,1.0,0.024
171346,"Babyfood, fruit, apple and raspberry, junior",0.2,0.2,15.4,58.0,2.1,0.0,0.032
171345,"Babyfood, fruit, apple and raspberry, strained",0.2,0.2,15.6,58.0,2.1,0.0,0.033
170948,"Babyfood, fruit, applesauce and apricots, junior",0.2,0.2,12.4,47.0,1.8,0.0,0.028
170947,"Babyfood, fruit, applesauce and apricots, strained",0.2,0.2,11.64,44.0,1.8,0.0,0.024
170950,"Babyfood, fruit, applesauce and cherries, junior",0.0,0.0,14.1,51.0,1.1,1.0,0.0
170949,"Babyfood, fruit, applesauce and cherries, strained",0.0,0.0,14.1,51.0,1.1,1.0,0.0
171344,"Babyfood, fruit, applesauce and pineapple, junior",0.1,0.1,10.5,39.0,1.5,2.0,0.011
171343,"Babyfood, fruit, applesauce and pineapple, strained",0.1,0.1,10.1,37.0,1.5,2.0,0.01
170951,"Babyfood, fruit, applesauce with banana, junior",0.37,0.1,16.16,66.0,1.6,3.0,0.04
172278,"Babyfood, fruit, applesauce, junior",0.0,0.0,10.3,37.0,1.7,1.0,0.0
173512,"Babyfood, fruit, applesauce, strained",0.2,0.2,10.8,41.0,1.7,0.0,0.032
170942,"Babyfood, fruit, apricot with tapioca, junior",0.3,0.0,17.3,63.0,1.5,0.0,0.0
172279,"Babyfood, fruit, apricot with tapioca, strained",0.3,0.0,16.3,60.0,1.5,0.0,0.0
170998,"Babyfood, fruit, banana and strawberry, junior",0.71,0.37,25.78,109.0,1.4,1.0,0.121
170953,"Babyfood, fruit, bananas and pineapple with tapioca, junior",0.2,0.1,18.4,68.0,1.6,0.0,0.036
170954,"Babyfood, fruit, bananas and pineapple with tapioca, strained",0.2,0.0,17.8,65.0,1.6,0.0,0.0
170956,"Babyfood, fruit, bananas with apples and pears, strained",0.9,0.22,19.31,83.0,1.4,2.0,0.106
172282,"Babyfood, fruit, bananas with tapioca, junior",0.4,0.2,17.8,67.0,1.6,0.0,0.076
171335,"Babyfood, fruit, bananas with tapioca, strained",0.4,0.1,15.3,56.0,1.6,0.0,0.035
171348,"Babyfood, fruit, guava and papaya with tapioca, strained",0.2,0.1,17.0,63.0,,4.0,
171350,"Babyfood, fruit, papaya and applesauce with tapioca, strained",0.2,0.1,18.9,70.0,1.4,5.0,
171337,"Babyfood, fruit, peaches, junior",0.94,0.33,14.48,65.0,1.3,4.0,0.02
171336,"Babyfood, fruit, peaches, strained",0.94,0.33,14.48,65.0,1.3,4.0,0.02
171347,"Babyfood, fruit, pears and pineapple, junior",0.3,0.2,11.4,44.0,2.6,0.0,0.013
170955,"Babyfood, fruit, pears and pineapple, strained",0.3,0.1,10.9,41.0,2.6,0.0,0.007
170943,"Babyfood, fruit, pears, junior",0.3,0.1,11.6,44.0,2.8,1.0,0.006
171338,"Babyfood, fruit, pears, strained",0.3,0.2,10.8,42.0,2.8,1.0,0.012
170945,"Babyfood, fruit, plums with tapioca, without ascorbic acid, junior",0.1,0.0,20.5,74.0,1.2,0.0,0.0
170944,"Babyfood, fruit, plums with tapioca, without ascorbic acid, strained",0.1,0.0,19.7,71.0,1.2,0.0,0.0
171339,"Babyfood, fruit, prunes with tapioca, without ascorbic acid, junior",0.6,0.1,18.7,70.0,2.7,2.0,0.008
170946,"Babyfood, fruit, prunes with tapioca, without ascorbic acid, strained",0.6,0.1,18.5,69.0,2.7,5.0,0.008
169874,"Babyfood, fruit, tutti frutti, junior",0.4,0.4,16.0,69.0,0.4,17.0,0.11
169873,"Babyfood, fruit, tutti frutti, strained",0.4,0.3,15.48,66.0,0.6,25.0,0.087
168144,"Babyfood, grape juice, no sugar, canned",0.0,0.0,15.38,62.0,0.0,10.0,0.0
169049,"Babyfood, green beans and turkey, strained",4.1,1.5,5.35,51.0,1.4,11.0,0.5
172273,"Babyfood, green beans, dices, toddler",1.2,0.2,5.7,29.0,1.3,37.0,0.044
173478,"Babyfood, juice treats, fruit medley, toddler",0.0,0.02,86.68,347.0,0.0,89.0,0.0
170959,"Babyfood, juice, apple",0.0,0.1,11.7,47.0,0.1,8.0,0.018
167729,"Babyfood, juice, apple - cherry",0.2,0.1,11.2,47.0,0.3,4.0,0.02
171381,"Babyfood, juice, apple and grape",0.1,0.2,11.34,46.0,0.1,0.0,0.04
171352,"Babyfood, juice, apple and peach",0.2,0.1,10.5,43.0,0.1,0.0,0.018
171353,"Babyfood, juice, apple and prune",0.2,0.1,18.1,72.0,0.1,8.0,0.018
170985,"Babyfood, juice, apple, with calcium",0.06,0.1,11.1,46.0,0.4,3.0,0.018
169042,"Babyfood, juice, apple-sweet potato",0.3,0.1,11.4,47.0,0.5,5.0,0.03
170984,"Babyfood, juice, fruit punch, with calcium",0.2,0.1,12.7,52.0,0.4,4.0,0.02
171357,"Babyfood, juice, mixed fruit",0.1,0.1,11.7,47.0,0.1,8.0,0.015
171354,"Babyfood, juice, orange",0.6,0.3,10.2,45.0,0.1,0.0,0.035
171355,"Babyfood, juice, orange and apple",0.4,0.2,10.1,43.0,,3.0,
170960,"Babyfood, juice, orange and apple and banana",0.4,0.1,11.5,47.0,0.1,0.0,0.016
170961,"Babyfood, juice, orange and apricot",0.8,0.1,10.9,46.0,0.1,6.0,0.011
170962,"Babyfood, juice, orange and banana",0.7,0.1,11.9,50.0,,3.0,
170963,"Babyfood, juice, orange and pineapple",0.5,0.1,11.7,48.0,0.1,2.0,0.01
169043,"Babyfood, juice, orange-carrot",0.5,0.1,9.9,43.0,0.4,10.0,0.01
167718,"Babyfood, juice, pear",0.0,0.0,11.86,43.0,0.1,8.0,0.0
171356,"Babyfood, juice, prune and orange",0.6,0.3,16.8,70.0,,2.0,
172259,"Babyfood, macaroni and cheese, toddler",3.5,2.6,11.2,82.0,0.5,264.0,1.53
170989,"Babyfood, mashed cheddar potatoes and broccoli, toddlers",1.11,1.47,7.47,48.0,1.2,176.0,0.875
167720,"Babyfood, meat, beef with vegetables, toddler",3.5,2.1,8.72,69.0,1.8,26.0,0.847
172244,"Babyfood, meat, beef, junior",12.03,2.52,2.43,81.0,0.0,41.0,1.18
173479,"Babyfood, meat, beef, strained",12.03,2.52,2.43,81.0,0.0,41.0,1.18
172249,"Babyfood, meat, chicken sticks, junior",14.6,14.4,1.5,188.0,0.2,267.0,4.094
172248,"Babyfood, meat, chicken, junior",14.0,9.6,0.0,146.0,0.0,49.0,2.47
173483,"Babyfood, meat, chicken, strained",13.7,7.9,0.1,130.0,0.0,49.0,2.03
173480,"Babyfood, meat, ham, junior",11.3,3.8,3.7,97.0,0.0,44.0,1.271
172247,"Babyfood, meat, ham, strained",11.3,3.8,3.7,97.0,0.0,44.0,1.267
173482,"Babyfood, meat, lamb, junior",15.2,5.2,0.0,112.0,0.0,42.0,2.56
173481,"Babyfood, meat, lamb, strained",14.07,3.41,0.85,94.0,0.0,43.0,1.65
173486,"Babyfood, meat, meat sticks, junior",13.4,14.6,1.1,184.0,0.2,267.0,5.82
172246,"Babyfood, meat, pork, strained",14.0,7.1,0.0,124.0,0.0,42.0,2.4
173484,"Babyfood, meat, turkey sticks, junior",13.7,14.2,1.4,188.0,0.2,295.0,4.143
172251,"Babyfood, meat, turkey, junior",11.5,6.2,1.4,111.0,0.0,49.0,1.641
172250,"Babyfood, meat, turkey, strained",11.5,6.2,1.4,111.0,0.0,49.0,1.641
172245,"Babyfood, meat, veal, strained",13.12,2.45,1.51,81.0,0.0,39.0,1.063
168091,"Babyfood, mixed fruit juice with low fat yogurt",2.4,0.8,14.68,74.0,0.4,36.0,0.517
167726,"Babyfood, mixed fruit yogurt, strained",0.8,0.8,16.23,75.0,0.4,16.0,0.517
171367,"Babyfood, oatmeal cereal with fruit, dry, instant, toddler fortified",10.5,7.05,74.1,402.0,7.8,0.0,1.572
171349,"Babyfood, peaches, dices, toddler",0.5,0.2,11.8,51.0,0.8,9.0,0.016
171342,"Babyfood, pears, dices, toddler",0.3,0.1,13.6,57.0,1.2,6.0,0.01
169865,"Babyfood, peas and brown rice",3.4,0.5,11.49,64.0,2.5,6.0,0.1
170940,"Babyfood, peas, dices, toddler",3.9,0.8,10.3,64.0,3.9,48.0,0.14
172285,"Babyfood, plums, bananas and rice, strained",1.1,0.3,12.7,57.0,1.3,0.0,0.06
173508,"Babyfood, potatoes, toddler",1.0,0.1,11.73,52.0,0.9,57.0,0.015
171370,"Babyfood, pretzels",10.8,2.0,82.2,397.0,2.3,269.0,0.4
171340,"Babyfood, prunes, without vitamin c, strained",1.0,0.2,23.52,100.0,2.7,1.0,0.02
172257,"Babyfood, ravioli, cheese filled, with tomato sauce",3.6,2.2,16.3,99.0,0.1,282.0,0.96
167728,"Babyfood, rice and apples, dry",6.7,2.4,86.89,396.0,3.0,16.0,0.503
168975,"Babyfood, rice cereal, dry, EARTHS BEST ORGANIC WHOLE GRAIN, fortified only with iron",7.5,4.9,78.06,386.0,0.5,7.0,0.919
173485,"Babyfood, snack, GERBER GRADUATE FRUIT  STRIPS, Real Fruit Bars",0.82,2.24,76.61,330.0,2.0,14.0,0.364
173520,"Babyfood, snack, GERBER, GRADUATES, YOGURT MELTS",14.29,4.0,71.82,380.0,2.3,286.0,2.236
172255,"Babyfood, tropical fruit medley",0.31,0.14,12.22,46.0,1.3,0.0,0.0
169864,"Babyfood, vegetable and brown rice, strained",1.9,1.5,12.1,69.0,1.1,14.0,0.14
173510,"Babyfood, vegetable, butternut squash and corn",2.0,0.6,9.26,50.0,2.0,5.0,0.095
173504,"Babyfood, vegetable, green beans and potatoes",2.2,1.9,9.0,62.0,1.4,18.0,1.117
173505,"Babyfood, vegetables, beets, strained",1.3,0.1,7.7,34.0,1.9,83.0,0.016
173507,"Babyfood, vegetables, carrots, junior",0.8,0.2,7.2,32.0,1.7,49.0,0.036
173506,"Babyfood, vegetables, carrots, strained",0.8,0.1,6.0,26.0,1.7,69.0,0.018
171334,"Babyfood, vegetables, corn, creamed, junior",1.4,0.4,16.25,65.0,2.1,52.0,0.074
172280,"Babyfood, vegetables, corn, creamed, strained",1.4,0.4,14.1,57.0,2.1,43.0,0.076
172284,"Babyfood, vegetables, garden vegetable, strained",2.3,0.2,6.8,32.0,1.5,31.0,0.035
172272,"Babyfood, vegetables, green beans, junior",1.2,0.1,5.8,24.0,1.9,5.0,0.023
172271,"Babyfood, vegetables, green beans, strained",1.2,0.17,6.29,27.0,2.2,7.0,0.039
172283,"Babyfood, vegetables, mix vegetables junior",1.4,0.4,8.2,36.0,1.5,36.0,0.079
173515,"Babyfood, vegetables, mix vegetables strained",1.0,0.5,8.25,36.0,1.5,0.0,0.089
170939,"Babyfood, vegetables, peas, strained",3.27,0.43,8.36,50.0,2.0,5.0,0.07
170941,"Babyfood, vegetables, spinach, creamed, strained",2.5,1.3,5.7,37.0,1.8,49.0,0.702
172275,"Babyfood, vegetables, squash, junior",0.81,0.2,5.73,24.0,0.9,5.0,0.02
172274,"Babyfood, vegetables, squash, strained",0.81,0.2,5.73,28.0,0.9,5.0,0.02
172276,"Babyfood, vegetables, sweet potatoes strained",1.1,0.1,13.2,57.0,1.5,22.0,0.021
172277,"Babyfood, vegetables, sweet potatoes, junior",1.1,0.1,14.0,60.0,1.5,18.0,0.021
172253,"Babyfood, water, bottled, GERBER, without added fluoride",0.0,0.0,0.0,0.0,0.0,0.0,0.0
170987,"Babyfood, yogurt, whole milk, with fruit, multigrain cereal and added DHA fortified",3.4,3.53,13.22,98.0,0.3,41.0,1.84
170990,"Babyfood, yogurt, whole milk, with fruit, multigrain cereal and added iron fortified",3.05,3.08,13.0,92.0,0.6,38.0,1.582
174602,Bacon and beef sticks,29.1,44.2,0.8,517.0,0.0,1420.0,16.0
169893,"Bacon bits, meatless",32.0,25.9,28.6,476.0,10.2,1770.0,4.055
172439,"Bacon, meatless",11.69,29.52,5.31,309.0,2.6,1465.0,4.622
168382,"Bacon, pre-sliced, reduced/low sodium, unprepared",12.53,39.27,0.83,407.0,0.0,470.0,
171640,"Bacon, turkey, low sodium",13.33,20.0,4.8,253.0,0.0,900.0,6.667
171639,"Bacon, turkey, microwaved",29.5,25.87,4.24,368.0,0.0,2021.0,6.933
174592,"Bacon, turkey, unprepared",15.94,16.93,1.89,226.0,,1069.0,4.52
172664,"Bagels, cinnamon-raisin",9.8,1.7,55.2,274.0,2.3,407.0,0.274
172665,"Bagels, cinnamon-raisin, toasted",10.6,1.8,59.3,294.0,2.5,370.0,0.295
174901,"Bagels, egg",10.6,2.1,53.0,278.0,2.3,505.0,0.421
171852,"Bagels, multigrain",9.9,1.24,47.47,241.0,6.2,359.0,0.0
172666,"Bagels, oat bran",10.7,1.2,53.3,255.0,3.6,590.0,0.191
174899,"Bagels, plain, enriched, with calcium propionate (includes onion, poppy, sesame)",10.56,1.32,52.38,264.0,1.6,422.0,0.36
174900,"Bagels, plain, enriched, with calcium propionate (includes onion, poppy, sesame), toasted",11.14,1.43,57.39,287.0,1.8,457.0,0.229
175049,"Bagels, plain, enriched, without calcium propionate (includes onion, poppy, sesame)",10.5,1.6,53.4,275.0,2.3,534.0,0.22
175050,"Bagels, plain, unenriched, with calcium propionate (includes onion, poppy, sesame)",10.5,1.6,53.4,275.0,2.3,534.0,0.22
175051,"Bagels, plain, unenriched, without calcium propionate(includes onion, poppy, sesame)",10.5,1.6,53.4,275.0,2.3,534.0,0.22
167533,"Bagels, wheat",10.2,1.53,48.89,250.0,4.1,439.0,0.0
174092,"Bagels, whole grain white",9.3,0.0,54.52,255.0,4.7,372.0,0.0
169584,"Baking chocolate, MARS SNACKFOOD US, M&M's Milk Chocolate Mini Baking Bits",4.78,23.36,68.4,502.0,2.7,68.0,14.466
169581,"Baking chocolate, MARS SNACKFOOD US, M&M's Semisweet Chocolate Mini Baking Bits",4.44,26.15,65.96,517.0,6.7,2.0,15.618
167999,"Baking chocolate, mexican, squares",3.64,15.59,77.41,426.0,4.0,3.0,8.606
167567,"Baking chocolate, unsweetened, liquid",12.1,47.7,36.2,472.0,18.1,12.0,25.29
167568,"Baking chocolate, unsweetened, squares",14.32,52.31,28.42,642.0,16.6,24.0,32.277
168495,"Balsam-pear (bitter gourd), leafy tips, cooked, boiled, drained, with salt",3.6,0.2,6.16,32.0,1.9,249.0,
168392,"Balsam-pear (bitter gourd), leafy tips, cooked, boiled, drained, without salt",3.6,0.2,6.68,34.0,1.9,13.0,0.032
168391,"Balsam-pear (bitter gourd), leafy tips, raw",5.3,0.69,3.29,30.0,,11.0,
168496,"Balsam-pear (bitter gourd), pods, cooked, boiled, drained, with salt",0.84,0.18,4.32,19.0,2.0,242.0,
168394,"Balsam-pear (bitter gourd), pods, cooked, boiled, drained, without salt",0.84,0.18,4.32,19.0,2.0,6.0,0.014
168393,"Balsam-pear (bitter gourd), pods, raw",1.0,0.17,3.7,17.0,2.8,5.0,
169212,"Bamboo shoots, canned, drained solids",1.72,0.4,3.22,19.0,1.4,7.0,0.092
168497,"Bamboo shoots, cooked, boiled, drained, with salt",1.53,0.22,1.52,11.0,1.0,240.0,0.051
169211,"Bamboo shoots, cooked, boiled, drained, without salt",1.53,0.22,1.92,12.0,1.0,4.0,0.051
169210,"Bamboo shoots, raw",2.6,0.3,5.2,27.0,2.2,4.0,0.069
173945,"Bananas, dehydrated, or banana powder",3.89,1.81,88.28,346.0,9.9,3.0,0.698
173944,"Bananas, raw",1.09,0.33,22.84,89.0,2.6,1.0,0.112
167806,Baobab powder,3.69,0.47,79.65,250.0,44.5,10.0,0.244
171601,"Barbecue loaf, pork, beef",15.84,8.9,6.4,173.0,0.0,1334.0,3.17
169739,Barley flour or meal,10.5,1.6,74.52,345.0,10.1,4.0,0.335
169740,Barley malt flour,10.28,1.84,78.3,361.0,7.1,11.0,0.386
170283,"Barley, hulled",12.48,2.3,73.48,354.0,17.3,12.0,0.482
170285,"Barley, pearled, cooked",2.26,0.44,28.22,123.0,3.8,3.0,0.093
170284,"Barley, pearled, raw",9.91,1.16,77.72,352.0,15.6,9.0,0.244
172232,"Basil, fresh",3.15,0.64,2.65,23.0,1.6,4.0,0.041
173789,"Beans, adzuki, mature seed, cooked, boiled, with salt",7.52,0.1,24.77,128.0,7.3,244.0,0.036
173729,"Beans, adzuki, mature seeds, canned, sweetened",3.8,0.03,55.01,237.0,,218.0,0.011
173728,"Beans, adzuki, mature seeds, cooked, boiled, without salt",7.52,0.1,24.77,128.0,7.3,8.0,0.036
173727,"Beans, adzuki, mature seeds, raw",19.87,0.53,62.9,329.0,12.7,5.0,0.191
168128,"Beans, baked, canned, no salt added",4.8,0.4,20.49,105.0,5.5,1.0,0.103
175182,"Beans, baked, canned, plain or vegetarian",4.75,0.37,21.14,94.0,4.1,343.0,0.071
175183,"Beans, baked, canned, with beef",6.38,3.45,16.91,121.0,,475.0,1.677
175184,"Beans, baked, canned, with franks",6.75,6.57,15.39,142.0,6.9,430.0,2.352
175185,"Beans, baked, canned, with pork",5.19,1.55,19.99,106.0,5.5,414.0,0.599
173732,"Beans, baked, canned, with pork and sweet sauce",4.52,0.89,21.57,105.0,4.4,391.0,0.231
173733,"Beans, baked, canned, with pork and tomato sauce",5.15,0.93,18.69,94.0,4.0,437.0,0.293
173731,"Beans, baked, home prepared",5.54,5.15,21.63,155.0,5.5,422.0,1.948
175188,"Beans, black turtle, mature seeds, canned",6.03,0.29,16.55,91.0,6.9,384.0,0.075
175239,"Beans, black turtle, mature seeds, cooked, boiled, with salt",8.18,0.35,24.35,130.0,8.3,239.0,0.089
175187,"Beans, black turtle, mature seeds, cooked, boiled, without salt",8.18,0.35,24.35,130.0,8.3,3.0,0.089
175186,"Beans, black turtle, mature seeds, raw",21.25,0.9,63.25,339.0,15.5,9.0,0.232
175238,"Beans, black, mature seeds, canned, low sodium",6.03,0.29,16.55,91.0,6.9,138.0,0.075
175237,"Beans, black, mature seeds, cooked, boiled, with salt",8.86,0.54,23.71,132.0,8.7,237.0,0.139
173735,"Beans, black, mature seeds, cooked, boiled, without salt",8.86,0.54,23.71,132.0,8.7,1.0,0.139
173734,"Beans, black, mature seeds, raw",21.6,1.42,62.36,341.0,15.5,5.0,0.366
169065,"Beans, chili, barbecue, ranch style, cooked",5.0,1.0,16.9,97.0,4.2,725.0,0.145
173737,"Beans, cranberry (roman), mature seeds, canned",5.54,0.28,15.12,83.0,6.3,332.0,0.072
175240,"Beans, cranberry (roman), mature seeds, cooked, boiled, with salt",9.34,0.46,24.46,136.0,8.6,237.0,0.119
173736,"Beans, cranberry (roman), mature seeds, cooked, boiled, without salt",9.34,0.46,24.46,136.0,8.6,1.0,0.119
175189,"Beans, cranberry (roman), mature seeds, raw",23.03,1.23,60.05,335.0,24.7,6.0,0.316
168574,"Beans, fava, in pod, raw",7.92,0.73,17.63,88.0,7.5,25.0,0.118
175241,"Beans, french, mature seeds, cooked, boiled, with salt",7.05,0.76,24.02,129.0,9.4,242.0,0.083
173739,"Beans, french, mature seeds, cooked, boiled, without salt",7.05,0.76,24.02,129.0,9.4,6.0,0.083
173738,"Beans, french, mature seeds, raw",18.81,2.02,64.11,343.0,25.2,18.0,0.221
175192,"Beans, great northern, mature seeds, canned",7.37,0.39,21.02,114.0,4.9,370.0,0.12
173791,"Beans, great northern, mature seeds, canned, low sodium",7.37,0.39,21.02,114.0,4.9,177.0,0.12
173790,"Beans, great northern, mature seeds, cooked, boiled, with salt",8.33,0.45,21.09,118.0,7.0,238.0,0.14
175191,"Beans, great northern, mature seeds, cooked, boiled, without salt",8.33,0.45,21.09,118.0,7.0,2.0,0.14
175190,"Beans, great northern, mature seeds, raw (Includes foods for USDA's Food Distribution Program)",21.86,1.14,62.37,339.0,20.2,14.0,0.356
173741,"Beans, kidney, all types, mature seeds, canned",5.22,0.6,14.5,84.0,4.3,296.0,0.141
173792,"Beans, kidney, all types, mature seeds, cooked, boiled, with salt",8.67,0.5,22.8,127.0,6.4,238.0,0.072
173740,"Beans, kidney, all types, mature seeds, cooked, boiled, without salt",8.67,0.5,22.8,127.0,6.4,1.0,0.073
175193,"Beans, kidney, all types, mature seeds, raw",23.58,0.83,60.01,333.0,24.9,24.0,0.12
173793,"Beans, kidney, california red, mature seeds, cooked, boiled, with salt",9.13,0.09,22.41,124.0,9.3,240.0,0.014
173743,"Beans, kidney, california red, mature seeds, cooked, boiled, without salt",9.13,0.09,22.41,124.0,9.3,4.0,0.014
173742,"Beans, kidney, california red, mature seeds, raw",24.37,0.25,59.8,330.0,24.9,11.0,0.036
169315,"Beans, kidney, mature seeds, sprouted, cooked, boiled, drained, with salt",4.83,0.58,4.72,33.0,,243.0,0.083
168395,"Beans, kidney, mature seeds, sprouted, cooked, boiled, drained, without salt",4.83,0.58,4.72,33.0,,7.0,0.083
169213,"Beans, kidney, mature seeds, sprouted, raw",4.2,0.5,4.1,29.0,,6.0,0.072
174285,"Beans, kidney, red, mature seeds, canned, drained solids",7.98,1.05,21.49,124.0,5.5,231.0,0.181
175243,"Beans, kidney, red, mature seeds, canned, drained solids, rinsed in tap water",8.12,0.93,20.8,121.0,6.0,208.0,0.328
175245,"Beans, kidney, red, mature seeds, canned, solids and liquid, low sodium",5.22,0.36,14.83,81.0,5.3,117.0,0.125
175195,"Beans, kidney, red, mature seeds, canned, solids and liquids",5.22,0.36,14.83,81.0,4.3,256.0,0.125
175242,"Beans, kidney, red, mature seeds, cooked, boiled, with salt",8.67,0.5,22.8,127.0,7.4,238.0,0.072
175194,"Beans, kidney, red, mature seeds, cooked, boiled, without salt",8.67,0.5,22.8,127.0,7.4,2.0,0.072
173744,"Beans, kidney, red, mature seeds, raw",22.53,1.06,61.29,337.0,15.2,12.0,0.154
175244,"Beans, kidney, royal red, mature seeds, cooked, boiled with salt",9.49,0.17,21.85,123.0,9.3,241.0,0.024
175197,"Beans, kidney, royal red, mature seeds, cooked, boiled, without salt",9.49,0.17,21.85,123.0,9.3,5.0,0.024
175196,"Beans, kidney, royal red, mature seeds, raw",25.33,0.45,58.33,329.0,24.9,13.0,0.065
169885,"Beans, liquid from stewed kidney beans",1.8,3.2,2.8,47.0,0.1,2.0,1.174
170079,"Beans, mung, mature seeds, sprouted, canned, drained solids",1.4,0.06,2.14,12.0,0.8,42.0,0.016
173747,"Beans, navy, mature seeds, canned",7.53,0.43,20.45,113.0,5.1,336.0,0.112
173794,"Beans, navy, mature seeds, cooked, boiled, with salt",8.23,0.62,26.05,140.0,10.5,237.0,0.032
173746,"Beans, navy, mature seeds, cooked, boiled, without salt",8.23,0.62,26.05,140.0,10.5,0.0,0.098
173745,"Beans, navy, mature seeds, raw",22.33,1.5,60.75,337.0,15.3,5.0,0.17
168500,"Beans, navy, mature seeds, sprouted, cooked, boiled, drained, with salt",7.07,0.81,15.01,78.0,,250.0,0.098
169140,"Beans, navy, mature seeds, sprouted, cooked, boiled, drained, without salt",7.07,0.81,15.01,78.0,,14.0,0.098
169139,"Beans, navy, mature seeds, sprouted, raw",6.15,0.7,13.05,67.0,,13.0,0.085
173795,"Beans, pink, mature seeds, cooked, boiled, with salt",9.06,0.49,27.91,149.0,5.3,238.0,0.126
175198,"Beans, pink, mature seeds, cooked, boiled, without salt",9.06,0.49,27.91,149.0,5.3,2.0,0.126
173748,"Beans, pink, mature seeds, raw",20.96,1.13,64.19,343.0,12.7,8.0,0.292
174286,"Beans, pinto, canned, drained solids",6.99,0.9,20.22,114.0,5.5,239.0,0.158
168501,"Beans, pinto, immature seeds, frozen, cooked, boiled, drained, with salt",9.31,0.48,30.87,162.0,5.4,319.0,0.058
169959,"Beans, pinto, immature seeds, frozen, cooked, boiled, drained, without salt",9.31,0.48,30.87,162.0,5.4,83.0,0.058
169958,"Beans, pinto, immature seeds, frozen, unprepared",9.8,0.5,32.5,170.0,5.7,92.0,0.061
173797,"Beans, pinto, mature seeds, canned, drained solids, rinsed in tap water",7.04,0.97,20.77,117.0,,212.0,
175201,"Beans, pinto, mature seeds, canned, solids and liquids",4.6,0.56,15.18,82.0,4.6,268.0,0.123
175247,"Beans, pinto, mature seeds, canned, solids and liquids, low sodium",4.6,0.56,15.18,82.0,4.6,146.0,0.116
173796,"Beans, pinto, mature seeds, cooked, boiled, with salt",9.01,0.65,26.22,143.0,9.0,238.0,0.109
175200,"Beans, pinto, mature seeds, cooked, boiled, without salt",9.01,0.65,26.22,143.0,9.0,1.0,0.136
175199,"Beans, pinto, mature seeds, raw (Includes foods for USDA's Food Distribution Program)",21.42,1.23,62.55,347.0,15.5,12.0,0.235
169319,"Beans, pinto, mature seeds, sprouted, cooked, boiled, drained, with salt",1.86,0.32,3.5,20.0,,287.0,0.039
170087,"Beans, pinto, mature seeds, sprouted, cooked, boiled, drained, without salt",1.86,0.32,4.1,22.0,,51.0,0.039
170086,"Beans, pinto, mature seeds, sprouted, raw",5.25,0.9,11.6,62.0,,153.0,0.109
169960,"Beans, shellie, canned, solids and liquids",1.76,0.19,6.19,30.0,3.4,334.0,0.023
175246,"Beans, small white, mature seeds, cooked, boiled, with salt",8.97,0.64,25.81,142.0,10.4,238.0,0.166
173750,"Beans, small white, mature seeds, cooked, boiled, without salt",8.97,0.64,25.81,142.0,10.4,2.0,0.166
173749,"Beans, small white, mature seeds, raw",21.11,1.18,62.25,336.0,24.9,12.0,0.304
169144,"Beans, snap, canned, all styles, seasoned, solids and liquids",0.83,0.2,3.49,16.0,1.5,373.0,0.045
168505,"Beans, snap, green, canned, no salt added, drained solids",1.12,0.46,4.32,22.0,1.9,2.0,0.103
168502,"Beans, snap, green, canned, no salt added, solids and liquids",0.8,0.1,3.5,15.0,1.5,14.0,0.023
169143,"Beans, snap, green, canned, regular pack, drained solids",1.05,0.41,4.19,21.0,1.9,268.0,0.093
169142,"Beans, snap, green, canned, regular pack, solids and liquids",0.72,0.17,3.27,15.0,1.5,192.0,0.04
169321,"Beans, snap, green, cooked, boiled, drained, with salt",1.89,0.28,7.88,35.0,3.2,239.0,0.064
169141,"Beans, snap, green, cooked, boiled, drained, without salt",1.89,0.28,7.88,35.0,3.2,1.0,0.064
169964,"Beans, snap, green, frozen, all styles, microwaved",1.98,0.41,6.98,33.0,3.4,3.0,0.092
169962,"Beans, snap, green, frozen, all styles, unprepared (Includes foods for USDA's Food Distribution Program)",1.79,0.21,7.54,33.0,2.6,3.0,0.047
169963,"Beans, snap, green, frozen, cooked, boiled, drained without salt",1.49,0.17,6.45,28.0,3.0,1.0,0.044
169325,"Beans, snap, green, frozen, cooked, boiled, drained, with salt",1.49,0.17,6.45,28.0,3.0,245.0,0.044
169965,"Beans, snap, green, microwaved",2.31,0.5,6.41,33.0,3.4,3.0,
169961,"Beans, snap, green, raw",1.83,0.22,6.97,31.0,2.7,6.0,0.05
169375,"Beans, snap, yellow, canned, no salt added, drained solids",1.15,0.1,4.5,20.0,1.3,2.0,0.022
168504,"Beans, snap, yellow, canned, no salt added, solids and liquids",0.8,0.1,3.5,15.0,1.5,14.0,0.023
169374,"Beans, snap, yellow, canned, regular pack, drained solids",1.15,0.1,4.5,20.0,1.3,251.0,0.022
168503,"Beans, snap, yellow, canned, regular pack, solids and liquids",0.8,0.1,3.5,15.0,1.5,259.0,0.023
169323,"Beans, snap, yellow, cooked, boiled, drained, with salt",1.89,0.28,7.88,35.0,3.3,239.0,0.064
169322,"Beans, snap, yellow, cooked, boiled, drained, without salt",1.89,0.28,7.88,35.0,3.3,3.0,0.064
169324,"Beans, snap, yellow, frozen, all styles, unprepared",1.8,0.21,7.58,33.0,2.8,3.0,0.047
169327,"Beans, snap, yellow, frozen, cooked, boiled, drained, with salt",1.49,0.17,6.45,28.0,3.0,245.0,0.044
169326,"Beans, snap, yellow, frozen, cooked, boiled, drained, without salt",1.49,0.17,6.45,28.0,3.0,9.0,0.044
169320,"Beans, snap, yellow, raw",1.82,0.12,7.13,31.0,3.4,6.0,0.026
175204,"Beans, white, mature seeds, canned",7.26,0.29,21.2,114.0,4.8,340.0,0.074
175249,"Beans, white, mature seeds, cooked, boiled, with salt",9.73,0.35,25.09,139.0,6.3,242.0,0.091
175203,"Beans, white, mature seeds, cooked, boiled, without salt",9.73,0.35,25.09,139.0,6.3,6.0,0.091
175202,"Beans, white, mature seeds, raw",23.36,0.85,60.27,333.0,15.2,16.0,0.219
175248,"Beans, yellow, mature seeds, cooked, boiled, with salt",9.16,1.08,25.28,144.0,10.4,241.0,0.279
173752,"Beans, yellow, mature seeds, cooked, boiled, without salt",9.16,1.08,25.28,144.0,10.4,5.0,0.279
173751,"Beans, yellow, mature seeds, raw",22.0,2.6,60.7,345.0,25.1,12.0,0.671
169793,"Bear, black, meat (Alaska Native)",20.1,8.3,0.0,155.0,,,
169794,"Bear, polar, meat, raw (Alaska Native)",25.6,3.1,0.0,130.0,,,0.63
172093,"Beef Pot Pie, frozen entree, prepared",7.25,11.39,22.05,220.0,0.8,365.0,4.149
174013,"Beef composite, separable lean only, trimmed to 1/8"" fat, choice, cooked",28.73,9.16,0.0,203.0,0.0,53.0,3.536
172090,"Beef macaroni with tomato sauce, frozen entree, reduced fat",5.89,1.96,17.99,113.0,1.4,178.0,0.443
173330,"Beef stew, canned entree",4.41,5.53,7.85,99.0,0.9,388.0,2.185
171730,"Beef, Australian, imported, Wagyu, external fat, Aust. marble score 4/5, raw",6.54,63.27,0.0,596.0,0.0,37.0,22.504
173967,"Beef, Australian, imported, Wagyu, external fat, Aust. marble score 9, raw",5.54,68.07,0.97,639.0,0.0,43.0,22.395
171732,"Beef, Australian, imported, Wagyu, loin, tenderloin steak/roast, boneless, separable lean and fat, Aust. marble score 4/5, raw",19.71,14.09,0.0,206.0,0.0,63.0,6.105
171742,"Beef, Australian, imported, Wagyu, loin, tenderloin steak/roast, boneless, separable lean and fat, Aust. marble score 9, raw",18.5,19.11,0.58,248.0,0.0,61.0,7.788
173966,"Beef, Australian, imported, Wagyu, loin, tenderloin steak/roast, boneless, separable lean only, Aust. marble score 4/5, raw",20.19,12.3,0.0,191.0,0.0,64.0,5.507
173973,"Beef, Australian, imported, Wagyu, loin, tenderloin steak/roast, boneless, separable lean only, Aust. marble score 9, raw",18.87,17.73,0.57,237.0,0.0,62.0,7.377
173978,"Beef, Australian, imported, Wagyu, loin, top loin steak/roast, boneless, separable lean and fat, Aust. marble score 4/5, raw",17.67,24.2,0.12,289.0,0.0,56.0,8.928
173974,"Beef, Australian, imported, Wagyu, loin, top loin steak/roast, boneless, separable lean only, Aust. marble score 4/5, raw",20.15,15.69,0.2,223.0,0.0,61.0,5.909
171736,"Beef, Australian, imported, Wagyu, loin, top loin steak/roast, boneless, separable lean only, Aust. marble score 9, raw",16.92,29.15,0.13,331.0,0.0,68.0,10.309
173979,"Beef, Australian, imported, Wagyu, loin, top loin steak/roast, separable lean and fat, Aust. marble score 9, raw",14.58,36.98,0.14,392.0,0.0,61.0,12.765
171740,"Beef, Australian, imported, Wagyu, rib, small end rib steak/roast, boneless, separable lean and fat, Aust. marble score 4/5, raw",17.07,27.64,0.0,317.0,0.0,52.0,10.329
171741,"Beef, Australian, imported, Wagyu, rib, small end rib steak/roast, boneless, separable lean and fat, Aust. marble score 9, raw",14.54,38.3,0.28,404.0,0.0,57.0,13.942
171737,"Beef, Australian, imported, Wagyu, rib, small end rib steak/roast, boneless, separable lean only, Aust. marble score 4/5, raw",20.35,16.93,0.0,234.0,0.0,58.0,6.536
171738,"Beef, Australian, imported, Wagyu, rib, small end rib steak/roast, boneless, separable lean only, Aust. marble score 9, raw",17.61,28.61,0.46,330.0,0.0,65.0,11.123
171731,"Beef, Australian, imported, Wagyu, seam fat, Aust. marble score 4/5, raw",6.0,63.3,0.0,594.0,0.0,32.0,23.155
173968,"Beef, Australian, imported, Wagyu, seam fat, Aust. marble score 9, raw",5.16,67.33,0.0,627.0,0.0,27.0,22.467
171728,"Beef, Australian, imported, grass-fed,  external fat, raw",11.32,51.36,0.39,509.0,0.0,36.0,22.65
173068,"Beef, Australian, imported, grass-fed, ground, 85% lean / 15% fat, raw",17.72,18.12,0.0,239.0,0.0,62.0,7.938
173969,"Beef, Australian, imported, grass-fed, loin, tenderloin steak/roast, boneless, separable lean and fat, raw",20.53,7.63,0.01,151.0,0.0,62.0,3.393
173965,"Beef, Australian, imported, grass-fed, loin, tenderloin steak/roast, boneless, separable lean only, raw",20.85,6.11,0.0,138.0,0.0,63.0,2.725
171733,"Beef, Australian, imported, grass-fed, loin, top loin steak/roast, boneless, separable lean and fat, raw",19.9,13.17,0.11,199.0,0.0,60.0,5.837
173970,"Beef, Australian, imported, grass-fed, loin, top loin steak/roast, boneless, separable lean only, raw",21.79,4.87,0.0,131.0,0.0,66.0,2.09
171739,"Beef, Australian, imported, grass-fed, loin, top sirloin cap-off steak/roast, boneless, separable lean and fat, raw",21.77,4.45,0.01,127.0,0.0,59.0,1.859
171734,"Beef, Australian, imported, grass-fed, loin, top sirloin cap-off steak/roast, boneless, separable lean only, raw",21.9,3.87,0.0,122.0,0.0,60.0,1.601
173975,"Beef, Australian, imported, grass-fed, rib, ribeye steak/roast lip-on, boneless, separable lean and fat, raw",19.8,15.21,0.11,217.0,0.0,60.0,6.782
171735,"Beef, Australian, imported, grass-fed, rib, ribeye steak/roast lip-on, boneless, separable lean only, raw",21.47,8.2,0.0,160.0,0.0,65.0,3.596
173976,"Beef, Australian, imported, grass-fed, round, bottom round steak/roast, boneless, separable lean and fat, raw",21.13,6.16,0.01,140.0,0.0,70.0,2.51
173971,"Beef, Australian, imported, grass-fed, round, bottom round steak/roast, boneless, separable lean only, raw",21.4,4.93,0.0,130.0,0.0,71.0,1.959
173977,"Beef, Australian, imported, grass-fed, round, top round cap-off steak/roast, boneless, separable lean and fat, raw",22.24,4.4,0.0,129.0,0.0,59.0,1.77
173972,"Beef, Australian, imported, grass-fed, round, top round cap-off steak/roast, boneless, separable lean only, raw",22.41,4.43,0.0,129.0,0.0,60.0,1.783
171729,"Beef, Australian, imported, grass-fed, seam fat, raw",9.58,57.73,1.06,562.0,0.0,34.0,26.584
173097,"Beef, New Zealand, imported, bolar blade, separable lean and fat, cooked, fast roasted",31.3,11.37,0.0,228.0,0.0,33.0,4.117
173098,"Beef, New Zealand, imported, bolar blade, separable lean and fat, raw",21.29,8.22,0.0,159.0,0.0,54.0,3.017
174715,"Beef, New Zealand, imported, bolar blade, separable lean only, cooked, fast roasted",33.53,6.57,0.0,193.0,0.0,33.0,1.881
174716,"Beef, New Zealand, imported, bolar blade, separable lean only, raw",22.09,4.49,0.0,129.0,0.0,55.0,1.347
174739,"Beef, New Zealand, imported, brisket navel end, separable lean and fat, cooked, braised",20.14,41.33,0.0,453.0,0.0,33.0,15.494
174740,"Beef, New Zealand, imported, brisket navel end, separable lean and fat, raw",15.81,31.27,0.0,345.0,0.0,54.0,12.915
174717,"Beef, New Zealand, imported, brisket navel end, separable lean only, cooked, braised",29.35,16.37,0.0,265.0,0.0,39.0,5.527
174718,"Beef, New Zealand, imported, brisket navel end, separable lean only, raw",19.74,12.75,0.0,194.0,0.0,66.0,4.351
174741,"Beef, New Zealand, imported, brisket point end, separable lean and fat, cooked, braised",31.94,13.6,0.0,250.0,0.0,29.0,4.796
174742,"Beef, New Zealand, imported, brisket point end, separable lean and fat, raw",20.05,9.23,0.0,163.0,0.0,49.0,3.685
173073,"Beef, New Zealand, imported, brisket point end, separable lean only, cooked, braised",34.51,7.05,0.0,202.0,0.0,30.0,2.22
173074,"Beef, New Zealand, imported, brisket point end, separable lean only, raw",20.92,4.62,0.0,125.0,0.0,51.0,1.648
173099,"Beef, New Zealand, imported, chuck eye roll, separable lean and fat, cooked, braised",29.92,14.74,0.0,252.0,0.0,37.0,5.199
173100,"Beef, New Zealand, imported, chuck eye roll, separable lean and fat, raw",19.38,11.45,0.0,181.0,0.0,53.0,4.437
173076,"Beef, New Zealand, imported, chuck eye roll, separable lean only, cooked, braised",32.08,8.89,0.0,208.0,0.0,38.0,2.894
173075,"Beef, New Zealand, imported, chuck eye roll, separable lean only, raw",20.46,5.41,0.0,131.0,0.0,56.0,1.756
173101,"Beef, New Zealand, imported, cube roll, separable lean and fat, cooked, fast roasted",27.79,19.45,0.03,286.0,0.0,49.0,7.012
173102,"Beef, New Zealand, imported, cube roll, separable lean and fat, raw",18.22,16.31,1.26,225.0,0.0,43.0,6.734
174719,"Beef, New Zealand, imported, cube roll, separable lean only, cooked, fast roasted",30.09,13.22,0.0,239.0,0.0,52.0,4.523
174720,"Beef, New Zealand, imported, cube roll, separable lean only, raw",19.77,8.51,1.38,161.0,0.0,45.0,3.689
174743,"Beef, New Zealand, imported, eye round, separable lean and fat, cooked, slow roasted",29.49,5.57,0.0,168.0,0.0,43.0,1.85
174744,"Beef, New Zealand, imported, eye round, separable lean and fat, raw",19.88,4.92,1.32,129.0,0.0,39.0,1.573
174721,"Beef, New Zealand, imported, eye round, separable lean only, cooked, slow roasted",29.68,4.98,0.0,164.0,0.0,43.0,1.623
174722,"Beef, New Zealand, imported, eye round, separable lean only, raw",20.15,3.35,1.35,116.0,0.0,40.0,0.875
174745,"Beef, New Zealand, imported, flank, separable lean and fat, cooked, braised",30.13,9.73,0.0,208.0,0.0,28.0,3.566
174746,"Beef, New Zealand, imported, flank, separable lean and fat, raw",20.12,8.9,0.0,161.0,0.0,46.0,3.292
173077,"Beef, New Zealand, imported, flank, separable lean only, cooked, braised",30.75,7.92,0.0,194.0,0.0,28.0,2.862
173078,"Beef, New Zealand, imported, flank, separable lean only, raw",20.53,6.67,0.0,142.0,0.0,47.0,2.299
174747,"Beef, New Zealand, imported, flat, separable lean and fat, cooked, braised",31.86,13.79,0.0,252.0,0.0,30.0,4.507
173103,"Beef, New Zealand, imported, flat, separable lean and fat, raw",20.57,10.55,0.0,177.0,0.0,49.0,3.847
173079,"Beef, New Zealand, imported, flat, separable lean only, cooked, braised",33.22,10.3,0.0,226.0,0.0,30.0,3.117
173080,"Beef, New Zealand, imported, flat, separable lean only, raw",21.3,7.69,0.0,154.0,0.0,50.0,2.525
173104,"Beef, New Zealand, imported, hind shin, separable lean and fat, cooked, braised",29.82,8.5,0.07,196.0,0.0,43.0,2.948
173105,"Beef, New Zealand, imported, hind shin, separable lean and fat, raw",20.61,7.2,0.0,147.0,0.0,61.0,2.711
174724,"Beef, New Zealand, imported, hind shin, separable lean only, cooked, braised",31.23,4.64,0.0,167.0,0.0,44.0,1.369
174725,"Beef, New Zealand, imported, hind shin, separable lean only, raw",21.46,3.12,0.0,114.0,0.0,63.0,0.881
174726,"Beef, New Zealand, imported, inside, raw",22.16,4.36,0.1,128.0,0.0,40.0,1.528
173082,"Beef, New Zealand, imported, intermuscular fat, cooked",7.9,57.22,3.39,560.0,0.0,25.0,25.25
173083,"Beef, New Zealand, imported, intermuscular fat, raw",6.97,63.78,0.01,602.0,0.0,32.0,28.5
173085,"Beef, New Zealand, imported, knuckle, cooked, fast fried",27.51,7.58,0.0,178.0,0.0,49.0,2.299
174730,"Beef, New Zealand, imported, manufacturing beef, cooked, boiled",24.21,3.26,0.0,126.0,0.0,32.0,1.154
173086,"Beef, New Zealand, imported, manufacturing beef, raw",21.23,3.68,0.23,119.0,0.0,55.0,1.65
173106,"Beef, New Zealand, imported, oyster blade, separable lean and fat, cooked, braised",29.79,8.68,0.0,197.0,0.0,25.0,3.013
174735,"Beef, New Zealand, imported, oyster blade, separable lean and fat, raw",21.27,10.31,0.0,178.0,0.0,57.0,3.815
173087,"Beef, New Zealand, imported, oyster blade, separable lean only, cooked, braised",29.87,8.46,0.0,196.0,0.0,25.0,2.925
173088,"Beef, New Zealand, imported, oyster blade, separable lean only, raw",21.83,7.56,0.0,155.0,0.0,59.0,2.589
173089,"Beef, New Zealand, imported, ribs prepared, cooked, fast roasted",27.23,9.74,0.09,197.0,0.0,58.0,3.585
174731,"Beef, New Zealand, imported, ribs prepared, raw",21.31,6.78,0.0,146.0,0.0,54.0,2.453
174748,"Beef, New Zealand, imported, rump centre, separable lean and fat, cooked, fast fried",30.01,7.96,0.0,192.0,0.0,55.0,2.795
174750,"Beef, New Zealand, imported, rump centre, separable lean and fat, raw",21.65,6.5,0.0,145.0,0.0,49.0,2.2
174732,"Beef, New Zealand, imported, rump centre, separable lean only, cooked, fast fried",30.17,7.48,0.0,188.0,0.0,55.0,2.609
174749,"Beef, New Zealand, imported, rump centre, separable lean only, raw",21.74,6.05,0.0,141.0,0.0,49.0,1.999
174751,"Beef, New Zealand, imported, striploin, separable lean and fat, cooked, fast fried",24.89,22.33,0.02,301.0,0.0,50.0,8.244
173107,"Beef, New Zealand, imported, striploin, separable lean and fat, raw",18.49,19.53,0.6,252.0,0.0,43.0,8.064
174733,"Beef, New Zealand, imported, striploin, separable lean only, cooked, fast fried",28.53,11.4,0.0,217.0,0.0,55.0,3.918
174734,"Beef, New Zealand, imported, striploin, separable lean only, raw",20.93,7.0,0.74,150.0,0.0,47.0,2.488
173090,"Beef, New Zealand, imported, subcutaneous fat, cooked",6.5,78.3,0.0,731.0,0.0,25.0,30.256
173091,"Beef, New Zealand, imported, subcutaneous fat, raw",8.5,72.38,0.0,685.0,0.0,26.0,31.514
173092,"Beef, New Zealand, imported, sweetbread, cooked, boiled",12.53,29.79,0.0,318.0,0.0,52.0,12.473
173093,"Beef, New Zealand, imported, sweetbread, raw",11.51,28.6,0.0,303.0,0.0,64.0,12.294
173108,"Beef, New Zealand, imported, tenderloin, separable lean and fat, cooked, fast fried",29.26,9.35,0.27,202.0,0.0,45.0,3.729
173109,"Beef, New Zealand, imported, tenderloin, separable lean and fat, raw",21.04,6.88,0.0,146.0,0.0,39.0,2.788
173094,"Beef, New Zealand, imported, tenderloin, separable lean only, cooked, fast fried",29.37,9.01,0.27,200.0,0.0,45.0,3.596
174736,"Beef, New Zealand, imported, tenderloin, separable lean only, raw",21.19,6.1,0.0,140.0,0.0,39.0,2.446
174728,"Beef, New Zealand, imported, variety meats and by-products liver, cooked, boiled",23.3,4.68,3.78,150.0,0.0,55.0,1.392
173081,"Beef, New Zealand, imported, variety meats and by-products, heart, cooked, boiled",31.29,6.0,0.0,179.0,0.0,59.0,1.825
174723,"Beef, New Zealand, imported, variety meats and by-products, heart, raw",18.52,3.4,0.0,105.0,0.0,86.0,0.857
173084,"Beef, New Zealand, imported, variety meats and by-products, kidney, cooked, boiled",27.28,5.27,0.0,157.0,0.0,123.0,1.173
174727,"Beef, New Zealand, imported, variety meats and by-products, kidney, raw",15.68,2.64,0.0,87.0,0.0,175.0,0.616
174729,"Beef, New Zealand, imported, variety meats and by-products, liver, raw",20.5,4.05,3.6,133.0,0.0,53.0,1.185
174737,"Beef, New Zealand, imported, variety meats and by-products, tongue, cooked, boiled",18.31,20.34,3.68,271.0,0.0,57.0,7.019
174738,"Beef, New Zealand, imported, variety meats and by-products, tongue, raw",17.77,19.09,0.0,243.0,0.0,73.0,6.689
173095,"Beef, New Zealand, imported, variety meats and by-products, tripe cooked, boiled",19.0,2.98,0.0,103.0,0.0,40.0,0.922
173096,"Beef, New Zealand, imported, variety meats and by-products, tripe uncooked, raw",14.86,1.98,0.0,77.0,0.0,81.0,1.02
168118,"Beef, bologna, reduced sodium",11.7,28.4,2.0,310.0,0.0,682.0,11.676
169558,"Beef, bottom sirloin, tri-tip roast, separable lean and fat, trimmed to 0"" fat, all grades, cooked, roasted",26.05,11.07,0.0,211.0,0.0,53.0,
168734,"Beef, bottom sirloin, tri-tip roast, separable lean and fat, trimmed to 0"" fat, all grades, raw",20.64,8.55,0.0,165.0,0.0,52.0,3.14
168735,"Beef, bottom sirloin, tri-tip roast, separable lean and fat, trimmed to 0"" fat, choice, cooked, roasted",25.66,12.36,0.0,221.0,0.0,50.0,4.546
168736,"Beef, bottom sirloin, tri-tip roast, separable lean and fat, trimmed to 0"" fat, choice, raw",20.64,9.51,0.0,174.0,0.0,51.0,3.493
168737,"Beef, bottom sirloin, tri-tip roast, separable lean and fat, trimmed to 0"" fat, select, cooked, roasted",26.44,9.78,0.0,201.0,0.0,56.0,3.595
169559,"Beef, bottom sirloin, tri-tip roast, separable lean and fat, trimmed to 0"" fat, select, raw",20.64,7.68,0.0,157.0,0.0,53.0,2.822
174770,"Beef, bottom sirloin, tri-tip roast, separable lean only, trimmed to 0"" fat, all grades, raw",21.26,5.63,0.0,142.0,0.0,54.0,1.729
174771,"Beef, bottom sirloin, tri-tip roast, separable lean only, trimmed to 0"" fat, choice, cooked, roasted",26.34,9.73,0.0,193.0,0.0,54.0,3.527
174772,"Beef, bottom sirloin, tri-tip roast, separable lean only, trimmed to 0"" fat, choice, raw",21.17,7.06,0.0,154.0,0.0,54.0,2.132
174773,"Beef, bottom sirloin, tri-tip roast, separable lean only, trimmed to 0"" fat, select, cooked, roasted",27.17,6.95,0.0,179.0,0.0,58.0,2.517
173124,"Beef, bottom sirloin, tri-tip roast, separable lean only, trimmed to 0"" fat, select, raw",21.34,4.21,0.0,129.0,0.0,54.0,1.5
168656,"Beef, brisket, flat half, boneless separable lean only, trimmed to 0"" fat, all grades, raw",21.47,5.11,0.0,132.0,0.0,83.0,1.844
168714,"Beef, brisket, flat half, boneless, separable lean and fat, trimmed to 0"" fat, all grades, raw",20.32,9.29,0.0,165.0,0.0,80.0,3.592
168743,"Beef, brisket, flat half, boneless, separable lean and fat, trimmed to 0"" fat, choice, raw",20.15,9.86,0.0,169.0,0.0,79.0,3.704
169570,"Beef, brisket, flat half, boneless, separable lean and fat, trimmed to 0"" fat, select, raw",20.57,8.45,0.0,158.0,0.0,82.0,3.424
168657,"Beef, brisket, flat half, boneless, separable lean only, trimmed to 0"" fat, choice, raw",21.28,5.75,0.0,137.0,0.0,82.0,1.993
168658,"Beef, brisket, flat half, boneless, separable lean only, trimmed to 0"" fat, select, raw",21.74,4.14,0.0,124.0,0.0,85.0,1.58
170613,"Beef, brisket, flat half, separable lean and fat, trimmed to 0"" fat, all grades, cooked, braised",32.9,8.01,0.0,213.0,0.0,54.0,3.152
169440,"Beef, brisket, flat half, separable lean and fat, trimmed to 0"" fat, choice, cooked, braised",32.21,9.24,0.0,221.0,0.0,52.0,3.638
169555,"Beef, brisket, flat half, separable lean and fat, trimmed to 0"" fat, select, cooked, braised",33.59,6.77,0.0,205.0,0.0,57.0,2.666
169488,"Beef, brisket, flat half, separable lean and fat, trimmed to 1/8"" fat, all grades, cooked, braised",28.82,18.42,0.0,289.0,0.0,48.0,7.305
168666,"Beef, brisket, flat half, separable lean and fat, trimmed to 1/8"" fat, all grades, raw",17.94,22.18,0.0,277.0,0.0,59.0,8.951
173130,"Beef, brisket, flat half, separable lean and fat, trimmed to 1/8"" fat, choice, cooked, braised",28.66,19.47,0.0,298.0,0.0,46.0,8.219
173128,"Beef, brisket, flat half, separable lean and fat, trimmed to 1/8"" fat, choice, raw",18.12,22.15,0.12,278.0,0.0,61.0,8.939
169432,"Beef, brisket, flat half, separable lean and fat, trimmed to 1/8"" fat, select, cooked, braised",28.97,17.37,0.0,280.0,0.0,49.0,6.888
173129,"Beef, brisket, flat half, separable lean and fat, trimmed to 1/8"" fat, select, raw",17.77,22.21,0.0,276.0,0.0,58.0,8.963
170210,"Beef, brisket, flat half, separable lean only, trimmed to 0"" fat, all grades, cooked, braised",33.26,6.99,0.0,205.0,0.0,54.0,2.647
170601,"Beef, brisket, flat half, separable lean only, trimmed to 0"" fat, choice, cooked, braised",32.62,8.07,0.0,212.0,0.0,52.0,3.053
169469,"Beef, brisket, flat half, separable lean only, trimmed to 0"" fat, select, cooked, braised",33.9,5.92,0.0,198.0,0.0,56.0,2.241
174047,"Beef, brisket, flat half, separable lean only, trimmed to 1/8"" fat, all grades, cooked, braised",33.15,6.0,0.0,196.0,0.0,54.0,2.274
174048,"Beef, brisket, flat half, separable lean only, trimmed to 1/8"" fat, all grades, raw",21.57,3.84,0.0,127.0,0.0,74.0,1.425
171818,"Beef, brisket, flat half, separable lean only, trimmed to 1/8"" fat, choice, cooked, braised",33.13,6.79,0.0,203.0,0.0,53.0,2.572
174057,"Beef, brisket, flat half, separable lean only, trimmed to 1/8"" fat, choice, raw",21.69,4.06,0.0,129.0,0.0,75.0,1.508
174768,"Beef, brisket, flat half, separable lean only, trimmed to 1/8"" fat, select, cooked, braised",33.18,5.21,0.0,189.0,0.0,55.0,1.973
174766,"Beef, brisket, flat half, separable lean only, trimmed to 1/8"" fat, select, raw",21.45,3.61,0.0,124.0,0.0,76.0,1.34
170211,"Beef, brisket, point half, separable lean and fat, trimmed to 0"" fat, all grades, cooked, braised",23.53,28.5,0.0,358.0,0.0,68.0,11.24
169490,"Beef, brisket, point half, separable lean and fat, trimmed to 1/8"" fat, all grades, cooked, braised",24.4,27.17,0.0,349.0,0.0,69.0,10.64
169489,"Beef, brisket, point half, separable lean and fat, trimmed to 1/8"" fat, all grades, raw",17.65,20.98,0.59,267.0,0.0,72.0,8.42
170212,"Beef, brisket, point half, separable lean only, trimmed to 0"" fat, all grades, cooked, braised",28.05,13.8,0.0,244.0,0.0,77.0,5.18
170611,"Beef, brisket, whole, separable lean and fat, trimmed to 0"" fat, all grades, cooked, braised",26.79,19.52,0.0,291.0,0.0,65.0,7.53
168665,"Beef, brisket, whole, separable lean and fat, trimmed to 1/8"" fat, all grades, cooked, braised",25.85,24.5,0.0,331.0,0.0,64.0,9.44
168664,"Beef, brisket, whole, separable lean and fat, trimmed to 1/8"" fat, all grades, raw",18.42,19.06,0.56,253.0,0.0,69.0,7.53
168607,"Beef, brisket, whole, separable lean only, all grades, raw",20.72,7.37,0.6,157.0,0.0,79.0,2.59
170612,"Beef, brisket, whole, separable lean only, trimmed to 0"" fat, all grades, cooked, braised",29.75,10.08,0.0,218.0,0.0,70.0,3.63
169430,"Beef, carcass, separable lean and fat, choice, raw",17.32,24.05,0.0,291.0,0.0,59.0,9.75
169431,"Beef, carcass, separable lean and fat, select, raw",17.48,22.55,0.0,278.0,0.0,59.0,9.16
170607,"Beef, chopped, cured, smoked",20.19,4.42,1.86,133.0,0.0,1258.0,1.81
171227,"Beef, chuck eye Country-Style ribs, boneless, separable lean and fat, trimmed to 0"" fat, all grades, cooked, braised",27.69,20.55,0.0,296.0,0.0,65.0,9.009
170831,"Beef, chuck eye Country-Style ribs, boneless, separable lean and fat, trimmed to 0"" fat, all grades, raw",18.97,14.32,0.0,205.0,0.0,77.0,6.154
170829,"Beef, chuck eye Country-Style ribs, boneless, separable lean and fat, trimmed to 0"" fat, choice, cooked, braised",27.16,21.56,0.0,303.0,0.0,65.0,9.268
170832,"Beef, chuck eye Country-Style ribs, boneless, separable lean and fat, trimmed to 0"" fat, choice, raw",18.87,14.99,0.0,210.0,0.0,76.0,6.387
170830,"Beef, chuck eye Country-Style ribs, boneless, separable lean and fat, trimmed to 0"" fat, select, cooked, braised",28.47,19.03,0.0,285.0,0.0,66.0,8.621
170833,"Beef, chuck eye Country-Style ribs, boneless, separable lean and fat, trimmed to 0"" fat, select, raw",19.1,13.33,0.0,196.0,0.0,77.0,5.805
170799,"Beef, chuck eye Country-Style ribs, boneless, separable lean only, trimmed to 0"" fat, all grades, cooked, braised",31.41,11.43,0.0,228.0,0.0,69.0,4.99
171195,"Beef, chuck eye Country-Style ribs, boneless, separable lean only, trimmed to 0"" fat, all grades, raw",20.96,6.95,0.0,146.0,0.0,82.0,3.03
170797,"Beef, chuck eye Country-Style ribs, boneless, separable lean only, trimmed to 0"" fat, choice, cooked, braised",30.95,12.22,0.0,234.0,0.0,69.0,5.38
170800,"Beef, chuck eye Country-Style ribs, boneless, separable lean only, trimmed to 0"" fat, choice, raw",20.87,7.67,0.0,152.0,0.0,81.0,3.419
170798,"Beef, chuck eye Country-Style ribs, boneless, separable lean only, trimmed to 0"" fat, select, cooked, braised",32.1,10.24,0.0,221.0,0.0,70.0,3.0
171194,"Beef, chuck eye Country-Style ribs, boneless, separable lean only, trimmed to 0"" fat, select, raw",21.1,5.89,0.0,137.0,0.0,82.0,2.57
170820,"Beef, chuck eye roast, boneless, America's Beef Roast, separable lean and fat, trimmed to 0"" fat, all grades, cooked, roasted",24.63,15.29,0.0,236.0,0.0,76.0,6.354
168660,"Beef, chuck eye roast, boneless, America's Beef Roast, separable lean and fat, trimmed to 0"" fat, all grades, raw",19.18,11.48,0.0,180.0,0.0,81.0,5.042
171215,"Beef, chuck eye roast, boneless, America's Beef Roast, separable lean and fat, trimmed to 0"" fat, choice, cooked, roasted",24.47,15.87,0.0,241.0,0.0,75.0,6.462
168661,"Beef, chuck eye roast, boneless, America's Beef Roast, separable lean and fat, trimmed to 0"" fat, choice, raw",19.14,12.02,0.0,185.0,0.0,80.0,5.072
171216,"Beef, chuck eye roast, boneless, America's Beef Roast, separable lean and fat, trimmed to 0"" fat, select, cooked, roasted",24.86,14.41,0.0,229.0,0.0,76.0,6.192
168662,"Beef, chuck eye roast, boneless, America's Beef Roast, separable lean and fat, trimmed to 0"" fat, select, raw",19.25,10.67,0.0,173.0,0.0,82.0,4.998
168674,"Beef, chuck eye roast, boneless, America's Beef Roast, separable lean only, trimmed to 0"" fat, all grades, cooked, roasted",26.65,8.46,0.0,183.0,0.0,80.0,3.422
169565,"Beef, chuck eye roast, boneless, America's Beef Roast, separable lean only, trimmed to 0"" fat, all grades, raw",20.61,6.01,0.0,137.0,0.0,85.0,2.55
169496,"Beef, chuck eye roast, boneless, America's Beef Roast, separable lean only, trimmed to 0"" fat, choice, cooked, roasted",26.41,9.36,0.0,190.0,0.0,79.0,3.751
169566,"Beef, chuck eye roast, boneless, America's Beef Roast, separable lean only, trimmed to 0"" fat, choice, raw",20.67,6.21,0.0,139.0,0.0,85.0,2.354
169497,"Beef, chuck eye roast, boneless, America's Beef Roast, separable lean only, trimmed to 0"" fat, select, cooked, roasted",27.02,7.12,0.0,172.0,0.0,81.0,2.929
168742,"Beef, chuck eye roast, boneless, America's Beef Roast, separable lean only, trimmed to 0"" fat, select, raw",20.52,5.71,0.0,133.0,0.0,86.0,1.61
171228,"Beef, chuck eye steak, boneless, separable lean and fat, trimmed to 0"" fat, all grades, cooked, grilled",24.98,19.64,0.0,277.0,0.0,71.0,8.66
171231,"Beef, chuck eye steak, boneless, separable lean and fat, trimmed to 0"" fat, all grades, raw",18.86,16.35,0.0,223.0,0.0,66.0,6.963
171229,"Beef, chuck eye steak, boneless, separable lean and fat, trimmed to 0"" fat, choice, cooked, grilled",24.95,20.35,0.0,283.0,0.0,71.0,8.677
170834,"Beef, chuck eye steak, boneless, separable lean and fat, trimmed to 0"" fat, choice, raw",18.86,16.85,0.0,227.0,0.0,66.0,7.176
171230,"Beef, chuck eye steak, boneless, separable lean and fat, trimmed to 0"" fat, select, cooked, grilled",25.03,18.57,0.0,267.0,0.0,70.0,8.633
170835,"Beef, chuck eye steak, boneless, separable lean and fat, trimmed to 0"" fat, select, raw",18.86,15.6,0.0,216.0,0.0,68.0,6.644
170801,"Beef, chuck eye steak, boneless, separable lean only, trimmed to 0"" fat, all grades, cooked, grilled",27.94,10.79,0.0,209.0,0.0,75.0,4.83
170804,"Beef, chuck eye steak, boneless, separable lean only, trimmed to 0"" fat, all grades, raw",21.29,7.56,0.0,153.0,0.0,70.0,3.267
171196,"Beef, chuck eye steak, boneless, separable lean only, trimmed to 0"" fat, choice, cooked, grilled",27.97,11.47,0.0,215.0,0.0,75.0,4.895
170802,"Beef, chuck eye steak, boneless, separable lean only, trimmed to 0"" fat, choice, raw",21.31,8.29,0.0,160.0,0.0,70.0,3.605
171197,"Beef, chuck eye steak, boneless, separable lean only, trimmed to 0"" fat, select, cooked, grilled",27.88,9.77,0.0,199.0,0.0,74.0,2.9
170803,"Beef, chuck eye steak, boneless, separable lean only, trimmed to 0"" fat, select, raw",21.28,6.47,0.0,143.0,0.0,73.0,2.759
171203,"Beef, chuck for stew, separable lean and fat, all grades, cooked, braised",32.41,6.82,0.0,191.0,0.0,67.0,2.8
171206,"Beef, chuck for stew, separable lean and fat, all grades, raw",21.75,4.48,0.16,128.0,0.0,80.0,1.86
171205,"Beef, chuck for stew, separable lean and fat, choice, cooked, braised",32.49,7.14,0.0,194.0,0.0,65.0,2.87
170810,"Beef, chuck for stew, separable lean and fat, choice, raw",21.64,4.81,0.12,130.0,0.0,79.0,1.988
171204,"Beef, chuck for stew, separable lean and fat, select, cooked, braised",32.29,6.34,0.0,186.0,0.0,68.0,2.514
170809,"Beef, chuck for stew, separable lean and fat, select, raw",21.9,3.99,0.21,124.0,0.0,81.0,1.748
170213,"Beef, chuck, arm pot roast, separable lean and fat, trimmed to 0"" fat, all grades, cooked, braised",28.94,19.17,0.0,297.0,0.0,47.0,7.548
170614,"Beef, chuck, arm pot roast, separable lean and fat, trimmed to 0"" fat, select, cooked, braised",29.23,17.56,0.0,283.0,0.0,48.0,6.911
168667,"Beef, chuck, arm pot roast, separable lean and fat, trimmed to 1/8"" fat, all grades, cooked, braised",30.12,19.22,0.0,302.0,0.0,50.0,7.62
169491,"Beef, chuck, arm pot roast, separable lean and fat, trimmed to 1/8"" fat, all grades, raw",19.23,17.98,0.0,244.0,0.0,62.0,7.254
168669,"Beef, chuck, arm pot roast, separable lean and fat, trimmed to 1/8"" fat, choice, cooked, braised",30.2,19.93,0.0,309.0,0.0,49.0,7.902
168668,"Beef, chuck, arm pot roast, separable lean and fat, trimmed to 1/8"" fat, choice, raw",19.14,18.57,0.0,249.0,0.0,63.0,7.492
169492,"Beef, chuck, arm pot roast, separable lean and fat, trimmed to 1/8"" fat, select, cooked, braised",30.05,18.5,0.0,295.0,0.0,50.0,7.337
168670,"Beef, chuck, arm pot roast, separable lean and fat, trimmed to 1/8"" fat, select, raw",19.33,17.39,0.0,239.0,0.0,62.0,7.016
170615,"Beef, chuck, arm pot roast, separable lean only, trimmed to 0"" fat, choice, cooked, braised",33.36,7.67,0.0,212.0,0.0,54.0,2.903
170616,"Beef, chuck, arm pot roast, separable lean only, trimmed to 0"" fat, select, cooked, braised",33.37,5.8,0.0,195.0,0.0,55.0,2.194
174050,"Beef, chuck, arm pot roast, separable lean only, trimmed to 1/8"" fat, all grades, cooked, braised",34.66,7.36,0.0,214.0,0.0,56.0,2.788
174051,"Beef, chuck, arm pot roast, separable lean only, trimmed to 1/8"" fat, all grades, raw",22.11,4.19,0.0,132.0,0.0,74.0,1.553
171817,"Beef, chuck, arm pot roast, separable lean only, trimmed to 1/8"" fat, choice, cooked, braised",34.72,8.37,0.0,224.0,0.0,56.0,3.17
174056,"Beef, chuck, arm pot roast, separable lean only, trimmed to 1/8"" fat, choice, raw",21.96,5.05,0.0,139.0,0.0,74.0,1.875
174767,"Beef, chuck, arm pot roast, separable lean only, trimmed to 1/8"" fat, select, cooked, braised",34.6,6.35,0.0,205.0,0.0,57.0,2.406
174765,"Beef, chuck, arm pot roast, separable lean only, trimmed to 1/8"" fat, select, raw",22.26,3.32,0.0,125.0,0.0,77.0,1.232
170617,"Beef, chuck, blade roast, separable lean and fat, trimmed to 0"" fat, all grades, cooked, braised",27.18,24.14,0.0,334.0,0.0,65.0,9.59
169494,"Beef, chuck, blade roast, separable lean and fat, trimmed to 1/8"" fat, all grades, cooked, braised",26.78,25.12,0.0,341.0,0.0,65.0,10.0
169493,"Beef, chuck, blade roast, separable lean and fat, trimmed to 1/8"" fat, all grades, raw",17.16,19.41,0.0,248.0,0.0,68.0,7.82
168671,"Beef, chuck, blade roast, separable lean and fat, trimmed to 1/8"" fat, choice, cooked, braised",26.37,27.26,0.0,359.0,0.0,64.0,10.86
169495,"Beef, chuck, blade roast, separable lean and fat, trimmed to 1/8"" fat, choice, raw",16.98,21.31,0.97,268.0,0.0,67.0,8.59
168673,"Beef, chuck, blade roast, separable lean and fat, trimmed to 1/8"" fat, select, cooked, braised",27.33,22.35,0.0,318.0,0.0,66.0,8.89
168672,"Beef, chuck, blade roast, separable lean and fat, trimmed to 1/8"" fat, select, raw",17.37,17.33,0.0,230.0,0.0,69.0,6.99
170215,"Beef, chuck, blade roast, separable lean only, trimmed to 0"" fat, all grades, cooked, braised",31.06,13.3,0.0,253.0,0.0,71.0,5.16
174027,"Beef, chuck, clod roast, separable lean and fat, trimmed to 0"" fat, all grades, cooked, roasted",25.7,10.84,0.0,207.0,0.0,71.0,3.904
174023,"Beef, chuck, clod roast, separable lean and fat, trimmed to 0"" fat, choice, cooked, roasted",24.61,12.26,0.0,216.0,0.0,71.0,4.285
171784,"Beef, chuck, clod roast, separable lean and fat, trimmed to 0"" fat, select, cooked, roasted",27.3,8.76,0.0,196.0,0.0,72.0,3.349
174019,"Beef, chuck, clod roast, separable lean only, trimmed to 0"" fat, all grades, cooked, roasted",26.82,6.34,0.0,172.0,0.0,74.0,2.037
169553,"Beef, chuck, clod roast, separable lean only, trimmed to 0"" fat, choice, cooked, roasted",25.95,6.69,0.0,171.0,0.0,74.0,1.96
168730,"Beef, chuck, clod roast, separable lean only, trimmed to 0"" fat, select, cooked, roasted",28.09,5.82,0.0,172.0,0.0,74.0,2.15
171780,"Beef, chuck, clod roast, separable lean only, trimmed to 1/4"" fat, all grades, cooked, roasted",26.36,6.75,0.0,173.0,0.0,71.0,2.144
174018,"Beef, chuck, clod roast, separable lean only, trimmed to 1/4"" fat, all grades, raw",19.63,5.02,0.0,129.0,0.0,64.0,1.414
171782,"Beef, chuck, clod steak, separable lean only, trimmed to 1/4"" fat, all grades, cooked, braised",29.34,7.04,0.0,189.0,0.0,60.0,2.271
170821,"Beef, chuck, mock tender steak, boneless, separable lean and fat, trimmed to 0"" fat, all grades, cooked, braised",32.07,10.18,0.0,220.0,0.0,67.0,3.638
170824,"Beef, chuck, mock tender steak, boneless, separable lean and fat, trimmed to 0"" fat, all grades, raw",21.13,4.79,0.0,128.0,0.0,80.0,2.059
170822,"Beef, chuck, mock tender steak, boneless, separable lean and fat, trimmed to 0"" fat, choice, cooked, braised",32.21,10.74,0.0,225.0,0.0,66.0,3.888
171220,"Beef, chuck, mock tender steak, boneless, separable lean and fat, trimmed to 0"" fat, choice, raw",21.19,5.18,0.0,131.0,0.0,82.0,2.114
170823,"Beef, chuck, mock tender steak, boneless, separable lean and fat, trimmed to 0"" fat, select, cooked, braised",31.86,9.34,0.0,211.0,0.0,69.0,3.263
171221,"Beef, chuck, mock tender steak, boneless, separable lean and fat, trimmed to 0"" fat, select, raw",21.05,4.2,0.0,122.0,0.0,76.0,1.976
170806,"Beef, chuck, mock tender steak, boneless, separable lean only, trimmed to 0"" fat, all grades, cooked, braised",33.31,6.34,0.0,190.0,0.0,68.0,2.52
171202,"Beef, chuck, mock tender steak, boneless, separable lean only, trimmed to 0"" fat, all grades, raw",21.3,4.17,0.0,123.0,0.0,81.0,1.7
171201,"Beef, chuck, mock tender steak, boneless, separable lean only, trimmed to 0"" fat, choice, cooked, braised",33.55,6.94,0.0,197.0,0.0,67.0,2.708
170807,"Beef, chuck, mock tender steak, boneless, separable lean only, trimmed to 0"" fat, choice, raw",21.36,4.6,0.0,127.0,0.0,83.0,1.884
170805,"Beef, chuck, mock tender steak, boneless, separable lean only, trimmed to 0"" fat, select, cooked, braised",32.96,5.44,0.0,181.0,0.0,70.0,2.238
170808,"Beef, chuck, mock tender steak, boneless, separable lean only, trimmed to 0"" fat, select, raw",21.22,3.53,0.0,117.0,0.0,76.0,1.47
171783,"Beef, chuck, mock tender steak, separable lean and fat, trimmed to 0"" fat, USDA choice, cooked, broiled",25.73,5.72,0.0,161.0,0.0,73.0,1.721
174020,"Beef, chuck, mock tender steak, separable lean and fat, trimmed to 0"" fat, USDA select, cooked, broiled",26.08,5.24,0.0,159.0,0.0,68.0,2.09
174025,"Beef, chuck, mock tender steak, separable lean and fat, trimmed to 0"" fat, all grades, cooked, broiled",25.87,5.52,0.0,160.0,0.0,71.0,1.871
174016,"Beef, chuck, mock tender steak, separable lean only, trimmed to 0"" fat, all grades, cooked, broiled",25.9,5.42,0.0,159.0,0.0,71.0,1.828
169561,"Beef, chuck, mock tender steak, separable lean only, trimmed to 0"" fat, choice, cooked, broiled",25.74,5.69,0.0,161.0,0.0,73.0,1.71
169562,"Beef, chuck, mock tender steak, separable lean only, trimmed to 0"" fat, select, cooked, broiled",26.13,5.02,0.0,157.0,0.0,68.0,2.0
171222,"Beef, chuck, short ribs, boneless, separable lean and fat, trimmed to 0"" fat, all grades, cooked, braised",25.48,22.58,0.0,305.0,0.0,70.0,10.04
170826,"Beef, chuck, short ribs, boneless, separable lean and fat, trimmed to 0"" fat, all grades, raw",17.48,18.33,0.0,235.0,0.0,78.0,7.979
171223,"Beef, chuck, short ribs, boneless, separable lean and fat, trimmed to 0"" fat, choice, cooked, braised",25.26,24.05,0.0,317.0,0.0,70.0,10.638
170827,"Beef, chuck, short ribs, boneless, separable lean and fat, trimmed to 0"" fat, choice, raw",17.22,19.03,0.0,240.0,0.0,75.0,8.141
170825,"Beef, chuck, short ribs, boneless, separable lean and fat, trimmed to 0"" fat, select, cooked, braised",25.81,20.38,0.0,287.0,0.0,71.0,9.144
170828,"Beef, chuck, short ribs, boneless, separable lean and fat, trimmed to 0"" fat, select, raw",17.87,17.28,0.0,227.0,0.0,85.0,7.738
169569,"Beef, chuck, short ribs, boneless, separable lean only, trimmed to 0"" fat, all grades, cooked, braised",28.82,13.8,0.0,240.0,0.0,75.0,3.89
170796,"Beef, chuck, short ribs, boneless, separable lean only, trimmed to 0"" fat, all grades, raw",19.68,10.02,0.05,169.0,0.0,85.0,4.312
169567,"Beef, chuck, short ribs, boneless, separable lean only, trimmed to 0"" fat, choice, cooked, braised",28.84,14.95,0.0,250.0,0.0,75.0,4.22
170783,"Beef, chuck, short ribs, boneless, separable lean only, trimmed to 0"" fat, choice, raw",19.38,10.7,0.29,175.0,0.0,81.0,4.55
169568,"Beef, chuck, short ribs, boneless, separable lean only, trimmed to 0"" fat, select, cooked, braised",28.79,12.08,0.0,224.0,0.0,75.0,3.54
171193,"Beef, chuck, short ribs, boneless, separable lean only, trimmed to 0"" fat, select, raw",20.14,8.99,0.0,161.0,0.0,93.0,3.94
173366,"Beef, chuck, shoulder clod, shoulder tender, medallion, separable lean and fat, trimmed to 0"" fat, all grades, cooked, grilled",26.22,7.2,0.0,177.0,0.0,59.0,2.833
173365,"Beef, chuck, shoulder clod, shoulder tender, medallion, separable lean and fat, trimmed to 0"" fat, all grades, raw",20.54,6.22,0.0,144.0,0.0,58.0,2.088
173355,"Beef, chuck, shoulder clod, shoulder tender, medallion, separable lean and fat, trimmed to 0"" fat, choice, cooked, grilled",26.07,7.68,0.0,181.0,0.0,60.0,2.737
172122,"Beef, chuck, shoulder clod, shoulder tender, medallion, separable lean and fat, trimmed to 0"" fat, choice, raw",20.51,6.36,0.0,145.0,0.0,59.0,2.328
172136,"Beef, chuck, shoulder clod, shoulder tender, medallion, separable lean and fat, trimmed to 0"" fat, select, cooked, grilled",26.45,6.43,0.33,172.0,0.0,58.0,1.7
173356,"Beef, chuck, shoulder clod, shoulder tender, medallion, separable lean and fat, trimmed to 0"" fat, select, raw",20.93,5.79,0.0,142.0,0.0,60.0,1.988
172133,"Beef, chuck, shoulder clod, shoulder top and center steaks, separable lean and fat, trimmed to 0"" fat, all grades, cooked, grilled",26.3,7.66,0.12,182.0,0.0,60.0,2.765
172132,"Beef, chuck, shoulder clod, shoulder top and center steaks, separable lean and fat, trimmed to 0"" fat, all grades, raw",20.67,5.88,0.0,141.0,0.0,60.0,1.985
173358,"Beef, chuck, shoulder clod, shoulder top and center steaks, separable lean and fat, trimmed to 0"" fat, choice, cooked, grilled",26.07,8.11,0.0,184.0,0.0,59.0,3.031
173357,"Beef, chuck, shoulder clod, shoulder top and center steaks, separable lean and fat, trimmed to 0"" fat, choice, raw",20.39,6.12,0.0,143.0,0.0,61.0,2.083
172124,"Beef, chuck, shoulder clod, shoulder top and center steaks, separable lean and fat, trimmed to 0"" fat, select, cooked, grilled",26.66,6.94,0.0,176.0,0.0,62.0,2.235
172123,"Beef, chuck, shoulder clod, shoulder top and center steaks, separable lean and fat, trimmed to 0"" fat, select, raw",21.13,5.51,0.0,140.0,0.0,58.0,1.791
173368,"Beef, chuck, shoulder clod, top blade, steak, separable lean and fat, trimmed to 0"" fat, all grades, cooked, grilled",24.93,12.79,0.0,222.0,0.0,77.0,5.095
172134,"Beef, chuck, shoulder clod, top blade, steak, separable lean and fat, trimmed to 0"" fat, all grades, raw",18.99,10.52,0.0,176.0,0.0,74.0,3.945
172126,"Beef, chuck, shoulder clod, top blade, steak, separable lean and fat, trimmed to 0"" fat, choice, cooked, grilled",24.7,13.59,0.0,228.0,0.0,78.0,5.432
172125,"Beef, chuck, shoulder clod, top blade, steak, separable lean and fat, trimmed to 0"" fat, choice, raw",18.75,11.33,0.0,182.0,0.0,74.0,4.186
173360,"Beef, chuck, shoulder clod, top blade, steak, separable lean and fat, trimmed to 0"" fat, select, cooked, grilled",25.29,11.52,0.0,212.0,0.0,76.0,4.423
173359,"Beef, chuck, shoulder clod, top blade, steak, separable lean and fat, trimmed to 0"" fat, select, raw",19.38,9.22,0.0,166.0,0.0,75.0,3.464
174026,"Beef, chuck, top blade, separable lean and fat, trimmed to 0"" fat, all grades, cooked, broiled",25.73,11.73,0.0,216.0,0.0,67.0,3.906
174021,"Beef, chuck, top blade, separable lean and fat, trimmed to 0"" fat, choice, cooked, broiled",25.77,12.93,0.0,227.0,0.0,68.0,4.162
174022,"Beef, chuck, top blade, separable lean and fat, trimmed to 0"" fat, select, cooked, broiled",25.67,9.99,0.0,200.0,0.0,67.0,3.533
174017,"Beef, chuck, top blade, separable lean only, trimmed to 0"" fat, all grades, cooked, broiled",26.13,10.16,0.0,203.0,0.0,68.0,3.25
168738,"Beef, chuck, top blade, separable lean only, trimmed to 0"" fat, choice, cooked, broiled",26.11,11.65,0.0,217.0,0.0,68.0,3.62
168739,"Beef, chuck, top blade, separable lean only, trimmed to 0"" fat, select, cooked, broiled",26.16,8.0,0.0,184.0,0.0,68.0,2.71
170816,"Beef, chuck, under blade center steak, boneless, Denver Cut, separable lean and fat, trimmed to 0"" fat, all grades, cooked, grilled",26.18,13.54,0.21,227.0,0.0,73.0,5.692
171213,"Beef, chuck, under blade center steak, boneless, Denver Cut, separable lean and fat, trimmed to 0"" fat, all grades, raw",18.99,11.64,0.36,182.0,0.0,76.0,4.831
171211,"Beef, chuck, under blade center steak, boneless, Denver Cut, separable lean and fat, trimmed to 0"" fat, choice, cooked, grilled",26.1,14.41,0.4,236.0,0.0,73.0,5.963
171214,"Beef, chuck, under blade center steak, boneless, Denver Cut, separable lean and fat, trimmed to 0"" fat, choice, raw",18.85,12.4,0.53,189.0,0.0,75.0,5.137
171212,"Beef, chuck, under blade center steak, boneless, Denver Cut, separable lean and fat, trimmed to 0"" fat, select, cooked, grilled",26.3,12.25,0.0,215.0,0.0,73.0,5.285
170817,"Beef, chuck, under blade center steak, boneless, Denver Cut, separable lean and fat, trimmed to 0"" fat, select, raw",19.2,10.5,0.09,172.0,0.0,76.0,4.37
170605,"Beef, chuck, under blade center steak, boneless, Denver Cut, separable lean only, trimmed to 0"" fat, all grades, cooked, grilled",26.5,12.64,0.14,220.0,0.0,73.0,5.28
170205,"Beef, chuck, under blade center steak, boneless, Denver Cut, separable lean only, trimmed to 0"" fat, all grades, raw",19.42,9.99,0.49,170.0,0.0,77.0,4.132
170201,"Beef, chuck, under blade center steak, boneless, Denver Cut, separable lean only, trimmed to 0"" fat, choice, cooked, grilled",26.49,13.42,0.28,228.0,0.0,73.0,5.565
170608,"Beef, chuck, under blade center steak, boneless, Denver Cut, separable lean only, trimmed to 0"" fat, choice, raw",19.23,10.96,0.67,178.0,0.0,76.0,4.588
170203,"Beef, chuck, under blade center steak, boneless, Denver Cut, separable lean only, trimmed to 0"" fat, select, cooked, grilled",26.53,11.46,0.0,209.0,0.0,74.0,4.73
168653,"Beef, chuck, under blade center steak, boneless, Denver Cut, separable lean only, trimmed to 0"" fat, select, raw",19.71,8.54,0.21,157.0,0.0,77.0,3.449
170813,"Beef, chuck, under blade pot roast or steak, boneless, separable lean and fat, trimmed to 0"" fat, all grades, raw",19.17,13.26,0.0,196.0,0.0,76.0,5.726
170814,"Beef, chuck, under blade pot roast or steak, boneless, separable lean and fat, trimmed to 0"" fat, choice, raw",19.15,13.93,0.0,202.0,0.0,76.0,5.896
170815,"Beef, chuck, under blade pot roast or steak, boneless, separable lean and fat, trimmed to 0"" fat, select, raw",19.2,12.27,0.0,187.0,0.0,77.0,5.473
169445,"Beef, chuck, under blade pot roast or steak, boneless, separable lean only, trimmed to 0"" fat, all grades, raw",21.13,6.07,0.31,140.0,0.0,81.0,2.58
169446,"Beef, chuck, under blade pot roast or steak, boneless, separable lean only, trimmed to 0"" fat, choice, raw",21.19,6.51,0.39,145.0,0.0,80.0,2.76
170603,"Beef, chuck, under blade pot roast or steak, boneless, separable lean only, trimmed to 0"" fat, select, raw",21.03,5.41,0.19,134.0,0.0,81.0,2.572
171208,"Beef, chuck, under blade pot roast, boneless, separable lean and fat, trimmed to 0"" fat, all grades, cooked, braised",26.7,20.49,0.0,291.0,0.0,62.0,8.261
170618,"Beef, chuck, under blade pot roast, boneless, separable lean and fat, trimmed to 0"" fat, choice, cooked, braised",26.39,21.48,0.0,306.0,0.0,61.0,8.532
170214,"Beef, chuck, under blade pot roast, boneless, separable lean and fat, trimmed to 0"" fat, select, cooked, braised",27.17,19.02,0.0,288.0,0.0,64.0,7.854
169444,"Beef, chuck, under blade pot roast, boneless, separable lean only, trimmed to 0"" fat, all grades, cooked, braised",30.54,10.46,0.0,216.0,0.0,65.0,4.002
170216,"Beef, chuck, under blade pot roast, boneless, separable lean only, trimmed to 0"" fat, choice, cooked, braised",30.45,11.14,0.0,231.0,0.0,63.0,4.344
170217,"Beef, chuck, under blade pot roast, boneless, separable lean only, trimmed to 0"" fat, select, cooked, braised",30.68,9.44,0.0,216.0,0.0,67.0,3.487
171217,"Beef, chuck, under blade steak, boneless, separable lean and fat, trimmed to 0"" fat, all grades, cooked, braised",28.23,18.0,0.0,275.0,0.0,65.0,7.256
171218,"Beef, chuck, under blade steak, boneless, separable lean and fat, trimmed to 0"" fat, choice, cooked, braised",27.6,19.3,0.0,284.0,0.0,64.0,7.666
171219,"Beef, chuck, under blade steak, boneless, separable lean and fat, trimmed to 0"" fat, select, cooked, braised",29.18,16.05,0.0,261.0,0.0,66.0,6.629
171207,"Beef, chuck, under blade steak, boneless, separable lean only, trimmed to 0"" fat, all grades, cooked, braised",31.35,10.41,0.0,219.0,0.0,65.0,3.981
170811,"Beef, chuck, under blade steak, boneless, separable lean only, trimmed to 0"" fat, choice, cooked, braised",30.91,10.91,0.0,222.0,0.0,65.0,4.253
170812,"Beef, chuck, under blade steak, boneless, separable lean only, trimmed to 0"" fat, select, cooked, braised",32.01,9.66,0.0,215.0,0.0,66.0,3.567
170609,"Beef, composite of trimmed retail cuts, separable lean and fat, trimmed to 0"" fat, all grades, cooked",28.4,12.42,0.0,230.0,0.0,62.0,4.853
174757,"Beef, composite of trimmed retail cuts, separable lean and fat, trimmed to 0"" fat, all grades, raw",20.95,9.3,0.0,167.0,0.0,61.0,3.845
170206,"Beef, composite of trimmed retail cuts, separable lean and fat, trimmed to 0"" fat, choice, cooked",28.17,12.53,0.0,233.0,0.0,62.0,5.016
174014,"Beef, composite of trimmed retail cuts, separable lean and fat, trimmed to 0"" fat, choice, raw",21.34,10.08,0.0,176.0,0.0,61.0,4.122
170207,"Beef, composite of trimmed retail cuts, separable lean and fat, trimmed to 0"" fat, select, cooked",28.61,9.18,0.0,203.0,0.0,62.0,3.69
171777,"Beef, composite of trimmed retail cuts, separable lean and fat, trimmed to 0"" fat, select, raw",21.2,8.0,0.0,157.0,0.0,61.0,3.351
169484,"Beef, composite of trimmed retail cuts, separable lean and fat, trimmed to 1/8"" fat, all grades, cooked",26.11,16.59,0.0,259.0,0.0,50.0,6.782
169483,"Beef, composite of trimmed retail cuts, separable lean and fat, trimmed to 1/8"" fat, all grades, raw",20.01,14.42,0.0,215.0,0.0,52.0,6.036
169486,"Beef, composite of trimmed retail cuts, separable lean and fat, trimmed to 1/8"" fat, choice, cooked",25.85,17.68,0.0,268.0,0.0,49.0,7.243
169485,"Beef, composite of trimmed retail cuts, separable lean and fat, trimmed to 1/8"" fat, choice, raw",19.79,15.42,0.0,224.0,0.0,50.0,6.43
168663,"Beef, composite of trimmed retail cuts, separable lean and fat, trimmed to 1/8"" fat, select, cooked",26.06,15.09,0.0,245.0,0.0,51.0,6.163
169487,"Beef, composite of trimmed retail cuts, separable lean and fat, trimmed to 1/8"" fat, select, raw",19.06,12.4,0.0,193.0,0.0,51.0,5.219
170208,"Beef, composite of trimmed retail cuts, separable lean only, trimmed to 0"" fat, all grades, cooked",29.9,8.37,0.0,203.0,0.0,64.0,3.247
174760,"Beef, composite of trimmed retail cuts, separable lean only, trimmed to 0"" fat, all grades, raw",22.15,5.54,0.0,138.0,0.0,60.0,2.151
170209,"Beef, composite of trimmed retail cuts, separable lean only, trimmed to 0"" fat, choice, cooked",29.51,8.87,0.0,206.0,0.0,63.0,3.374
174015,"Beef, composite of trimmed retail cuts, separable lean only, trimmed to 0"" fat, choice, raw",21.55,7.24,0.0,151.0,0.0,66.0,2.755
170610,"Beef, composite of trimmed retail cuts, separable lean only, trimmed to 0"" fat, select, cooked",29.88,7.12,0.0,188.0,0.0,64.0,2.7
171776,"Beef, composite of trimmed retail cuts, separable lean only, trimmed to 0"" fat, select, raw",22.03,4.99,0.0,133.0,0.0,63.0,1.973
174759,"Beef, composite of trimmed retail cuts, separable lean only, trimmed to 1/8"" fat, all grades, cooked",28.95,8.15,0.0,194.0,0.0,54.0,3.108
174758,"Beef, composite of trimmed retail cuts, separable lean only, trimmed to 1/8"" fat, all grades, raw",22.15,5.38,0.0,140.0,0.0,56.0,1.974
174012,"Beef, composite of trimmed retail cuts, separable lean only, trimmed to 1/8"" fat, choice, raw",22.01,6.05,0.0,142.0,0.0,55.0,2.222
171778,"Beef, composite of trimmed retail cuts, separable lean only, trimmed to 1/8"" fat, select, cooked",27.51,6.37,0.0,167.0,0.0,51.0,2.354
171779,"Beef, composite of trimmed retail cuts, separable lean only, trimmed to 1/8"" fat, select, raw",22.37,4.55,0.0,130.0,0.0,58.0,1.664
173332,"Beef, corned beef hash, with potato, canned",8.73,10.24,9.27,164.0,1.1,412.0,4.32
170198,"Beef, cured, breakfast strips, cooked",31.3,34.4,1.4,449.0,0.0,2253.0,14.35
170197,"Beef, cured, breakfast strips, raw or unheated",12.5,38.8,0.7,406.0,0.0,955.0,15.95
170200,"Beef, cured, corned beef, brisket, cooked",18.17,18.98,0.47,251.0,0.0,973.0,6.34
170199,"Beef, cured, corned beef, brisket, raw",14.68,14.9,0.14,198.0,0.0,1217.0,4.73
170602,"Beef, cured, corned beef, canned",27.1,14.93,0.0,250.0,0.0,897.0,6.18
170604,"Beef, cured, dried",31.1,1.94,2.76,153.0,0.0,2790.0,0.95
170202,"Beef, cured, luncheon meat, jellied",19.0,3.3,0.0,111.0,0.0,1322.0,1.41
170204,"Beef, cured, pastrami",21.8,5.82,0.36,147.0,0.0,1078.0,2.681
168733,"Beef, flank, steak, separable lean and fat, trimmed to 0"" fat, all grades, cooked, broiled",27.66,8.23,0.0,192.0,0.0,56.0,3.395
169563,"Beef, flank, steak, separable lean and fat, trimmed to 0"" fat, all grades, raw",21.22,7.17,0.0,155.0,0.0,54.0,2.978
169434,"Beef, flank, steak, separable lean and fat, trimmed to 0"" fat, choice, cooked, braised",26.98,16.44,0.0,263.0,0.0,70.0,6.92
169435,"Beef, flank, steak, separable lean and fat, trimmed to 0"" fat, choice, cooked, broiled",27.55,9.31,0.0,202.0,0.0,53.0,3.84
169433,"Beef, flank, steak, separable lean and fat, trimmed to 0"" fat, choice, raw",21.22,8.29,0.0,165.0,0.0,54.0,3.443
169554,"Beef, flank, steak, separable lean and fat, trimmed to 0"" fat, select, cooked, broiled",27.78,7.15,0.0,183.0,0.0,58.0,2.951
169564,"Beef, flank, steak, separable lean and fat, trimmed to 0"" fat, select, raw",21.22,6.06,0.0,145.0,0.0,54.0,2.514
174774,"Beef, flank, steak, separable lean only, trimmed to 0"" fat, all grades, cooked, broiled",27.89,7.4,0.0,186.0,0.0,57.0,3.07
174776,"Beef, flank, steak, separable lean only, trimmed to 0"" fat, all grades, raw",21.57,5.47,0.0,141.0,0.0,55.0,2.058
168610,"Beef, flank, steak, separable lean only, trimmed to 0"" fat, choice, cooked, braised",28.02,13.0,0.0,237.0,0.0,72.0,5.54
168611,"Beef, flank, steak, separable lean only, trimmed to 0"" fat, choice, cooked, broiled",27.82,8.32,0.0,194.0,0.0,56.0,3.452
168609,"Beef, flank, steak, separable lean only, trimmed to 0"" fat, choice, raw",21.72,6.29,0.0,149.0,0.0,57.0,2.612
174775,"Beef, flank, steak, separable lean only, trimmed to 0"" fat, select, cooked, broiled",27.96,6.48,0.0,178.0,0.0,59.0,2.688
174777,"Beef, flank, steak, separable lean only, trimmed to 0"" fat, select, raw",21.43,5.0,0.0,137.0,0.0,53.0,2.074
168608,"Beef, grass-fed, ground, raw",19.42,12.73,0.0,198.0,0.0,68.0,5.335
169429,"Beef, grass-fed, strip steaks, lean only, raw",23.07,2.69,0.0,117.0,0.0,55.0,1.032
169473,"Beef, ground, 70% lean meat / 30% fat, crumbles, cooked, pan-browned",25.56,17.86,0.0,270.0,0.0,96.0,6.942
169474,"Beef, ground, 70% lean meat / 30% fat, loaf, cooked, baked",23.87,15.37,0.0,241.0,0.0,73.0,6.073
168650,"Beef, ground, 70% lean meat / 30% fat, patty cooked, pan-broiled",22.86,15.54,0.0,238.0,0.0,92.0,6.075
168651,"Beef, ground, 70% lean meat / 30% fat, patty, cooked, broiled",25.38,18.66,0.0,277.0,0.0,81.0,7.344
168652,"Beef, ground, 70% lean meat / 30% fat, raw",14.35,30.0,0.0,332.0,0.0,66.0,11.754
174040,"Beef, ground, 75% lean meat / 25% fat, crumbles, cooked, pan-browned",26.28,18.21,0.0,277.0,0.0,93.0,6.926
171801,"Beef, ground, 75% lean meat / 25% fat, loaf, cooked, baked",24.56,16.5,0.0,254.0,0.0,70.0,6.356
174038,"Beef, ground, 75% lean meat / 25% fat, patty, cooked, broiled",25.56,18.87,0.0,279.0,0.0,78.0,7.248
174039,"Beef, ground, 75% lean meat / 25% fat, patty, cooked, pan-broiled",23.45,16.44,0.0,248.0,0.0,87.0,6.281
174037,"Beef, ground, 75% lean meat / 25% fat, raw",15.76,25.0,0.0,293.0,0.0,66.0,9.568
171799,"Beef, ground, 80% lean meat / 20% fat, crumbles, cooked, pan-browned",27.0,17.36,0.0,272.0,0.0,91.0,6.546
171800,"Beef, ground, 80% lean meat / 20% fat, loaf, cooked, baked",25.25,16.17,0.0,254.0,0.0,67.0,6.159
171797,"Beef, ground, 80% lean meat / 20% fat, patty, cooked, broiled",25.75,17.78,0.0,270.0,0.0,75.0,6.764
171798,"Beef, ground, 80% lean meat / 20% fat, patty, cooked, pan-broiled",24.04,15.94,0.0,246.0,0.0,83.0,6.029
174036,"Beef, ground, 80% lean meat / 20% fat, raw",17.17,20.0,0.0,254.0,0.0,66.0,7.581
174034,"Beef, ground, 85% lean meat / 15% fat, crumbles, cooked, pan-browned",27.73,15.3,0.0,256.0,0.0,89.0,5.806
174035,"Beef, ground, 85% lean meat / 15% fat, loaf, cooked, baked",25.93,14.36,0.0,240.0,0.0,64.0,5.497
174032,"Beef, ground, 85% lean meat / 15% fat, patty, cooked, broiled",25.93,15.41,0.0,250.0,0.0,72.0,5.895
174033,"Beef, ground, 85% lean meat / 15% fat, patty, cooked, pan-broiled",24.62,14.02,0.0,232.0,0.0,79.0,5.331
171796,"Beef, ground, 85% lean meat / 15% fat, raw (Includes foods for USDA's Food Distribution Program)",18.59,15.0,0.0,215.0,0.0,66.0,5.715
171794,"Beef, ground, 90% lean meat / 10% fat, crumbles, cooked, pan-browned",28.45,12.04,0.0,230.0,0.0,87.0,4.712
171795,"Beef, ground, 90% lean meat / 10% fat, loaf, cooked, baked",26.62,11.1,0.0,214.0,0.0,61.0,4.375
174031,"Beef, ground, 90% lean meat / 10% fat, patty, cooked, broiled",26.11,11.75,0.0,217.0,0.0,68.0,4.628
171793,"Beef, ground, 90% lean meat / 10% fat, patty, cooked, pan-broiled",25.21,10.68,0.0,204.0,0.0,75.0,4.189
174030,"Beef, ground, 90% lean meat / 10% fat, raw",20.0,10.0,0.0,176.0,0.0,66.0,3.927
174755,"Beef, ground, 93% lean meat / 7% fat, crumbles, cooked, pan-browned",28.88,9.51,0.0,209.0,0.0,86.0,3.897
174754,"Beef, ground, 93% lean meat / 7% fat, loaf, cooked, baked",27.03,8.43,0.0,192.0,0.0,59.0,3.48
174752,"Beef, ground, 93% lean meat / 7% fat, patty, cooked, broiled",26.22,8.94,0.0,193.0,0.0,66.0,3.684
173110,"Beef, ground, 93% lean meat / 7% fat, raw",20.85,7.0,0.0,152.0,0.0,66.0,2.878
174753,"Beef, ground, 93% lean meat /7% fat, patty, cooked, pan-broiled",25.56,8.01,0.06,182.0,0.0,72.0,3.286
174028,"Beef, ground, 95% lean meat / 5% fat, crumbles, cooked, pan-browned",29.17,7.58,0.0,193.0,0.0,85.0,3.298
174029,"Beef, ground, 95% lean meat / 5% fat, loaf, cooked, baked",27.31,6.37,0.0,174.0,0.0,58.0,2.788
171791,"Beef, ground, 95% lean meat / 5% fat, patty, cooked, broiled",26.29,6.8,0.0,174.0,0.0,65.0,2.976
171792,"Beef, ground, 95% lean meat / 5% fat, patty, cooked, pan-broiled",25.8,5.94,0.0,164.0,0.0,71.0,2.589
171790,"Beef, ground, 95% lean meat / 5% fat, raw",21.41,5.0,0.0,137.0,0.0,66.0,2.182
174756,"Beef, ground, 97% lean meat / 3% fat, crumbles, cooked, pan-browned",29.46,5.46,0.0,175.0,0.0,84.0,2.686
173114,"Beef, ground, 97% lean meat / 3% fat, loaf, cooked, baked",27.58,4.06,0.0,154.0,0.0,56.0,2.011
173112,"Beef, ground, 97% lean meat / 3% fat, patty, cooked, broiled",26.36,4.46,0.0,153.0,0.0,64.0,2.207
173111,"Beef, ground, 97% lean meat / 3% fat, raw",21.98,3.0,0.0,121.0,0.0,66.0,1.48
173113,"Beef, ground, 97% lean meat /3% fat, patty, cooked, pan-broiled",26.03,3.65,0.0,144.0,0.0,69.0,1.797
169447,"Beef, ground, patties, frozen, cooked, broiled",23.05,21.83,0.0,295.0,0.0,77.0,8.805
172161,"Beef, ground, unspecified fat content, cooked",25.07,14.53,0.62,240.0,0.0,85.0,5.6
169571,"Beef, loin, bottom sirloin butt, tri-tip roast, separable lean only, trimmed to 0"" fat, all grades, cooked, roasted",26.75,8.34,0.0,182.0,0.0,55.0,3.108
174024,"Beef, loin, bottom sirloin butt, tri-tip steak, separable lean and fat, trimmed to 0"" fat, all grades, cooked, broiled",29.97,15.18,0.0,265.0,0.0,72.0,5.707
173991,"Beef, loin, tenderloin roast, boneless, separable lean and fat, trimmed to 0"" fat, all grades, cooked, roasted",27.31,8.14,0.0,183.0,0.0,56.0,3.245
173987,"Beef, loin, tenderloin roast, boneless, separable lean and fat, trimmed to 0"" fat, all grades, raw",21.67,6.93,0.0,149.0,0.0,44.0,2.479
171753,"Beef, loin, tenderloin roast, boneless, separable lean and fat, trimmed to 0"" fat, choice, cooked, roasted",27.26,8.82,0.0,188.0,0.0,56.0,3.533
171748,"Beef, loin, tenderloin roast, boneless, separable lean and fat, trimmed to 0"" fat, choice, raw",21.5,7.4,0.0,153.0,0.0,44.0,2.687
171754,"Beef, loin, tenderloin roast, boneless, separable lean and fat, trimmed to 0"" fat, select, cooked, roasted",27.38,7.12,0.0,174.0,0.0,54.0,2.812
171749,"Beef, loin, tenderloin roast, boneless, separable lean and fat, trimmed to 0"" fat, select, raw",21.91,6.21,0.0,144.0,0.0,42.0,2.166
174004,"Beef, loin, tenderloin roast, boneless, separable lean only, trimmed to 0"" fat, all grades, cooked, roasted",27.51,7.49,0.0,177.0,0.0,56.0,2.99
171765,"Beef, loin, tenderloin roast, boneless, separable lean only, trimmed to 0"" fat, all grades, raw",21.94,5.74,0.0,139.0,0.0,44.0,1.956
174005,"Beef, loin, tenderloin roast, boneless, separable lean only, trimmed to 0"" fat, choice, cooked, roasted",27.48,8.13,0.0,183.0,0.0,56.0,3.252
174000,"Beef, loin, tenderloin roast, boneless, separable lean only, trimmed to 0"" fat, choice, raw",21.78,6.16,0.0,143.0,0.0,45.0,2.123
174001,"Beef, loin, tenderloin roast, boneless, separable lean only, trimmed to 0"" fat, select, raw",22.16,5.1,0.0,135.0,0.0,42.0,1.706
174006,"Beef, loin, tenderloin roast, separable lean only, boneless, trimmed to 0"" fat, select, cooked, roasted",27.55,6.54,0.0,169.0,0.0,54.0,2.595
170237,"Beef, loin, tenderloin steak, boneless, separable lean and fat, trimmed to 0"" fat, all grades, cooked, grilled",30.5,8.91,0.0,211.0,0.0,57.0,3.525
173988,"Beef, loin, tenderloin steak, boneless, separable lean and fat, trimmed to 0"" fat, all grades, raw",21.72,6.67,0.0,147.0,0.0,44.0,2.363
170238,"Beef, loin, tenderloin steak, boneless, separable lean and fat, trimmed to 0"" fat, choice, cooked, grilled",30.21,9.71,0.0,217.0,0.0,58.0,3.85
173989,"Beef, loin, tenderloin steak, boneless, separable lean and fat, trimmed to 0"" fat, choice, raw",21.57,7.1,0.0,150.0,0.0,44.0,2.548
170640,"Beef, loin, tenderloin steak, boneless, separable lean and fat, trimmed to 0"" fat, select, cooked, grilled",30.93,7.7,0.0,202.0,0.0,54.0,3.036
173990,"Beef, loin, tenderloin steak, boneless, separable lean and fat, trimmed to 0"" fat, select, raw",21.95,6.02,0.0,142.0,0.0,42.0,2.087
170641,"Beef, loin, tenderloin steak, boneless, separable lean only, trimmed to 0"" fat, all grades, cooked, grilled",30.7,8.32,0.0,198.0,0.0,59.0,3.296
171767,"Beef, loin, tenderloin steak, boneless, separable lean only, trimmed to 0"" fat, all grades, raw",21.94,5.74,0.0,139.0,0.0,44.0,1.956
170642,"Beef, loin, tenderloin steak, boneless, separable lean only, trimmed to 0"" fat, choice, cooked, grilled",30.45,9.03,0.0,211.0,0.0,71.0,3.576
171768,"Beef, loin, tenderloin steak, boneless, separable lean only, trimmed to 0"" fat, choice, raw",21.78,6.16,0.0,143.0,0.0,45.0,2.123
170643,"Beef, loin, tenderloin steak, boneless, separable lean only, trimmed to 0"" fat, select, cooked, grilled",31.09,7.25,0.0,198.0,0.0,55.0,2.876
171769,"Beef, loin, tenderloin steak, boneless, separable lean only, trimmed to 0"" fat, select, raw",22.16,5.1,0.0,135.0,0.0,42.0,1.706
170239,"Beef, loin, top loin steak, boneless, lip off, separable lean and fat, trimmed to 0"" fat, all grades, cooked, grilled",28.57,11.15,0.0,223.0,0.0,59.0,4.534
171750,"Beef, loin, top loin steak, boneless, lip off, separable lean and fat, trimmed to 0"" fat, all grades, raw",22.43,8.17,0.0,163.0,0.0,45.0,3.478
170240,"Beef, loin, top loin steak, boneless, lip off, separable lean and fat, trimmed to 0"" fat, choice, cooked, grilled",28.19,12.51,0.0,233.0,0.0,59.0,5.111
171751,"Beef, loin, top loin steak, boneless, lip off, separable lean and fat, trimmed to 0"" fat, choice, raw",22.19,9.16,0.0,171.0,0.0,45.0,3.79
168631,"Beef, loin, top loin steak, boneless, lip off, separable lean and fat, trimmed to 0"" fat, select, cooked, grilled",29.16,9.12,0.0,207.0,0.0,57.0,3.667
171752,"Beef, loin, top loin steak, boneless, lip off, separable lean and fat, trimmed to 0"" fat, select, raw",22.79,6.67,0.0,151.0,0.0,46.0,2.91
168632,"Beef, loin, top loin steak, boneless, lip off, separable lean only, trimmed to 0"" fat, all grades, cooked, grilled",29.53,8.41,0.0,202.0,0.0,61.0,3.413
174002,"Beef, loin, top loin steak, boneless, lip off, separable lean only, trimmed to 0"" fat, all grades, raw",23.07,5.67,0.0,143.0,0.0,46.0,2.345
169455,"Beef, loin, top loin steak, boneless, lip off, separable lean only, trimmed to 0"" fat, choice, cooked, grilled",29.22,9.52,0.0,211.0,0.0,59.0,3.899
174003,"Beef, loin, top loin steak, boneless, lip off, separable lean only, trimmed to 0"" fat, choice, raw",22.93,6.34,0.0,149.0,0.0,46.0,2.515
169456,"Beef, loin, top loin steak, boneless, lip off, separable lean only, trimmed to 0"" fat, select, cooked, grilled",29.99,6.74,0.0,189.0,0.0,58.0,2.685
171766,"Beef, loin, top loin steak, boneless, lip off, separable lean only, trimmed to 0"" fat, select, raw",23.3,4.66,0.0,135.0,0.0,47.0,1.824
174714,"Beef, loin, top loin steak, boneless, lip-on, separable lean and fat, trimmed to 1/8"" fat, all grades, cooked, grilled",26.18,17.69,0.0,264.0,0.0,52.0,6.925
171775,"Beef, loin, top loin steak, boneless, lip-on, separable lean and fat, trimmed to 1/8"" fat, all grades, raw",21.29,12.68,0.0,199.0,0.0,44.0,5.491
174712,"Beef, loin, top loin steak, boneless, lip-on, separable lean and fat, trimmed to 1/8"" fat, choice, cooked, grilled",25.69,19.19,0.0,275.0,0.0,54.0,7.505
173072,"Beef, loin, top loin steak, boneless, lip-on, separable lean and fat, trimmed to 1/8"" fat, choice, raw",21.13,13.36,0.0,205.0,0.0,44.0,5.685
174713,"Beef, loin, top loin steak, boneless, lip-on, separable lean and fat, trimmed to 1/8"" fat, select, cooked, grilled",26.92,15.44,0.0,247.0,0.0,50.0,6.056
171774,"Beef, loin, top loin steak, boneless, lip-on, separable lean and fat, trimmed to 1/8"" fat, select, raw",21.54,11.65,0.0,191.0,0.0,45.0,5.202
173071,"Beef, loin, top loin steak, boneless, lip-on, separable lean only, trimmed to 1/8"" fat, all grades, cooked, grilled",29.06,9.11,0.0,198.0,0.0,54.0,3.435
174011,"Beef, loin, top loin steak, boneless, lip-on, separable lean only, trimmed to 1/8"" fat, all grades, raw",23.07,5.67,0.0,143.0,0.0,46.0,2.345
173069,"Beef, loin, top loin steak, boneless, lip-on, separable lean only, trimmed to 1/8"" fat, choice, cooked, grilled",28.66,10.34,0.0,208.0,0.0,56.0,3.917
174010,"Beef, loin, top loin steak, boneless, lip-on, separable lean only, trimmed to 1/8"" fat, choice, raw",22.93,6.34,0.0,149.0,0.0,46.0,2.515
173070,"Beef, loin, top loin steak, boneless, lip-on, separable lean only, trimmed to 1/8"" fat, select, cooked, grilled",29.67,7.26,0.0,184.0,0.0,51.0,2.713
174009,"Beef, loin, top loin steak, boneless, lip-on, separable lean only, trimmed to 1/8"" fat, select, raw",23.3,4.66,0.0,135.0,0.0,47.0,2.09
169539,"Beef, loin, top loin, separable lean and fat, trimmed to 1/8"" fat, all grades, cooked, grilled",26.44,16.78,0.0,264.0,0.0,54.0,6.608
169540,"Beef, loin, top loin, separable lean and fat, trimmed to 1/8"" fat, choice, raw",19.32,17.1,0.0,237.0,0.0,54.0,6.91
168720,"Beef, loin, top loin, separable lean and fat, trimmed to 1/8"" fat, select, cooked, grilled",26.72,15.11,0.0,250.0,0.0,57.0,5.951
168719,"Beef, loin, top loin, separable lean and fat, trimmed to 1/8"" fat, select, raw",20.59,15.04,0.0,224.0,0.0,52.0,6.067
173061,"Beef, loin, top sirloin cap steak, boneless, separable lean and fat, trimmed to 1/8"" fat, all grades, cooked, grilled",26.0,15.0,0.8,242.0,0.0,89.0,5.35
174706,"Beef, loin, top sirloin cap steak, boneless, separable lean and fat, trimmed to 1/8"" fat, all grades, raw",19.9,12.4,0.0,191.0,0.0,80.0,4.619
174704,"Beef, loin, top sirloin cap steak, boneless, separable lean and fat, trimmed to 1/8"" fat, choice, cooked, grilled",26.3,14.3,1.1,238.0,0.0,91.0,5.092
174707,"Beef, loin, top sirloin cap steak, boneless, separable lean and fat, trimmed to 1/8"" fat, choice, raw",19.7,13.4,0.0,199.0,0.0,80.0,5.079
174705,"Beef, loin, top sirloin cap steak, boneless, separable lean and fat, trimmed to 1/8"" fat, select, cooked, grilled",25.5,16.1,0.4,249.0,0.0,78.0,5.737
173062,"Beef, loin, top sirloin cap steak, boneless, separable lean and fat, trimmed to 1/8"" fat, select, raw",20.1,10.9,0.0,179.0,0.0,78.0,3.93
172170,"Beef, loin, top sirloin cap steak, boneless, separable lean only, trimmed to 1/8"" fat, all grades, cooked, grilled",28.26,7.23,0.73,181.0,0.0,62.0,2.653
172173,"Beef, loin, top sirloin cap steak, boneless, separable lean only, trimmed to 1/8"" fat, all grades, raw",21.38,5.36,0.0,134.0,0.0,55.0,1.875
172171,"Beef, loin, top sirloin cap steak, boneless, separable lean only, trimmed to 1/8"" fat, choice, cooked, grilled",28.19,7.96,1.07,189.0,0.0,62.0,2.905
172174,"Beef, loin, top sirloin cap steak, boneless, separable lean only, trimmed to 1/8"" fat, choice, raw",21.34,5.82,0.0,138.0,0.0,60.0,2.08
172172,"Beef, loin, top sirloin cap steak, boneless, separable lean only, trimmed to 1/8"" fat, select, cooked, grilled",28.36,6.14,0.22,170.0,0.0,63.0,2.275
173409,"Beef, loin, top sirloin cap steak, boneless, separable lean only, trimmed to 1/8"" fat, select, raw",21.44,4.68,0.0,128.0,0.0,52.0,1.568
174693,"Beef, loin, top sirloin filet, boneless, separable lean only, trimmed to 0"" fat, all grades, cooked, grilled",30.58,5.37,0.0,171.0,0.0,59.0,1.803
174694,"Beef, loin, top sirloin filet, boneless, separable lean only, trimmed to 0"" fat, choice, cooked, grilled",30.45,5.83,0.0,174.0,0.0,59.0,1.978
173050,"Beef, loin, top sirloin filet, boneless, separable lean only, trimmed to 0"" fat, select, cooked, grilled",30.78,4.68,0.0,165.0,0.0,56.0,1.541
173051,"Beef, loin, top sirloin petite roast, boneless, separable lean only, trimmed to 0"" fat, all grades, cooked, roasted",29.12,5.92,0.0,170.0,0.0,57.0,1.742
173407,"Beef, loin, top sirloin petite roast, boneless, separable lean only, trimmed to 0"" fat, choice, cooked, roasted",28.97,6.37,0.0,173.0,0.0,57.0,1.994
173052,"Beef, loin, top sirloin petite roast, boneless, separable lean only, trimmed to 0"" fat, select, cooked, roasted",29.35,5.25,0.0,165.0,0.0,58.0,1.364
173053,"Beef, loin, top sirloin petite roast/filet, boneless, separable lean only, trimmed to 0"" fat, all grades, raw",23.04,3.98,0.0,128.0,0.0,65.0,1.285
173408,"Beef, loin, top sirloin petite roast/filet, boneless, separable lean only, trimmed to 0"" fat, choice, raw",23.03,4.4,0.0,132.0,0.0,65.0,1.392
174695,"Beef, loin, top sirloin petite roast/filet, boneless, separable lean only, trimmed to 0"" fat, select, raw",23.05,3.35,0.0,122.0,0.0,58.0,1.125
173395,"Beef, plate steak, boneless, inside skirt, separable lean and fat, trimmed to 0"" fat, all grades, cooked, grilled",29.36,14.2,0.0,245.0,0.0,63.0,5.057
172158,"Beef, plate steak, boneless, inside skirt, separable lean and fat, trimmed to 0"" fat, all grades, raw",20.38,11.71,0.0,187.0,0.0,64.0,4.626
173396,"Beef, plate steak, boneless, inside skirt, separable lean and fat, trimmed to 0"" fat, choice, cooked, grilled",28.9,15.3,0.0,253.0,0.0,63.0,5.554
172159,"Beef, plate steak, boneless, inside skirt, separable lean and fat, trimmed to 0"" fat, choice, raw",20.06,12.78,0.0,195.0,0.0,65.0,5.034
172157,"Beef, plate steak, boneless, inside skirt, separable lean and fat, trimmed to 0"" fat, select, cooked, grilled",30.06,12.54,0.0,233.0,0.0,61.0,4.311
172160,"Beef, plate steak, boneless, inside skirt, separable lean and fat, trimmed to 0"" fat, select, raw",20.87,10.11,0.0,174.0,0.0,65.0,4.014
173373,"Beef, plate steak, boneless, inside skirt, separable lean only, trimmed to 0"" fat, all grades, cooked, grilled",29.99,12.69,0.0,234.0,0.0,63.0,4.315
173374,"Beef, plate steak, boneless, inside skirt, separable lean only, trimmed to 0"" fat, all grades, raw",21.17,8.82,0.0,164.0,0.0,66.0,3.233
173375,"Beef, plate steak, boneless, inside skirt, separable lean only, trimmed to 0"" fat, choice, cooked, grilled",29.56,13.72,0.0,242.0,0.0,64.0,4.76
172137,"Beef, plate steak, boneless, inside skirt, separable lean only, trimmed to 0"" fat, choice, raw",20.89,9.76,0.0,171.0,0.0,67.0,3.546
172138,"Beef, plate steak, boneless, inside skirt, separable lean only, trimmed to 0"" fat, select, cooked, grilled",30.64,11.16,0.0,223.0,0.0,62.0,3.647
172139,"Beef, plate steak, boneless, inside skirt, separable lean only, trimmed to 0"" fat, select, raw",21.61,7.41,0.0,153.0,0.0,66.0,2.765
173397,"Beef, plate steak, boneless, outside skirt, separable lean and fat, trimmed to 0"" fat, all grades, cooked, grilled",27.06,20.47,0.0,292.0,0.0,70.0,7.405
173400,"Beef, plate steak, boneless, outside skirt, separable lean and fat, trimmed to 0"" fat, all grades, raw",17.98,17.59,0.35,232.0,0.0,65.0,7.138
173398,"Beef, plate steak, boneless, outside skirt, separable lean and fat, trimmed to 0"" fat, choice, cooked, grilled",26.46,21.62,0.0,300.0,0.0,70.0,7.733
172162,"Beef, plate steak, boneless, outside skirt, separable lean and fat, trimmed to 0"" fat, choice, raw",17.69,18.44,0.35,238.0,0.0,65.0,7.426
173399,"Beef, plate steak, boneless, outside skirt, separable lean and fat, trimmed to 0"" fat, select, cooked, grilled",27.95,18.75,0.0,281.0,0.0,69.0,6.911
172163,"Beef, plate steak, boneless, outside skirt, separable lean and fat, trimmed to 0"" fat, select, raw",18.43,16.31,0.36,222.0,0.0,63.0,6.705
172140,"Beef, plate steak, boneless, outside skirt, separable lean only, trimmed to 0"" fat, all grades, cooked, grilled",27.68,19.01,0.0,282.0,0.0,71.0,6.674
173376,"Beef, plate steak, boneless, outside skirt, separable lean only, trimmed to 0"" fat, all grades, raw",18.74,14.53,0.19,206.0,0.0,67.0,5.618
173377,"Beef, plate steak, boneless, outside skirt, separable lean only, trimmed to 0"" fat, choice, cooked, grilled",27.03,20.28,0.0,291.0,0.0,71.0,7.035
173378,"Beef, plate steak, boneless, outside skirt, separable lean only, trimmed to 0"" fat, choice, raw",18.47,15.26,0.17,212.0,0.0,68.0,5.798
173379,"Beef, plate steak, boneless, outside skirt, separable lean only, trimmed to 0"" fat, select, cooked, grilled",28.65,17.1,0.0,268.0,0.0,70.0,6.132
172141,"Beef, plate steak, boneless, outside skirt, separable lean only, trimmed to 0"" fat, select, raw",19.14,13.44,0.23,198.0,0.0,65.0,5.349
171787,"Beef, plate, inside skirt steak, separable lean and fat, trimmed to 0"" fat, all grades, cooked, broiled",26.13,12.05,0.0,220.0,0.0,75.0,4.666
168744,"Beef, plate, inside skirt steak, separable lean only, trimmed to 0"" fat, all grades, cooked, broiled",26.66,10.06,0.0,205.0,0.0,76.0,3.85
171788,"Beef, plate, outside skirt steak, separable lean and fat, trimmed to 0"" fat, all grades, cooked, broiled",23.51,17.13,0.0,255.0,0.0,92.0,7.083
168745,"Beef, plate, outside skirt steak, separable lean only, trimmed to 0"" fat, all grades, cooked, broiled",24.18,14.37,0.0,233.0,0.0,94.0,5.97
168606,"Beef, retail cuts, separable fat, cooked",10.65,70.33,0.0,680.0,0.0,23.0,28.5
168605,"Beef, retail cuts, separable fat, raw",8.21,70.89,0.0,674.0,0.0,26.0,29.45
172150,"Beef, rib eye roast, bone-in, lip-on, separable lean and fat, trimmed to 1/8"" fat, all grades, cooked, roasted",23.47,22.91,0.0,300.0,0.0,63.0,9.883
173388,"Beef, rib eye roast, bone-in, lip-on, separable lean and fat, trimmed to 1/8"" fat, choice, cooked, roasted",23.53,23.61,0.0,307.0,0.0,62.0,10.097
172149,"Beef, rib eye roast, bone-in, lip-on, separable lean and fat, trimmed to 1/8"" fat, select, cooked, roasted",23.36,21.85,0.0,290.0,0.0,64.0,9.562
170836,"Beef, rib eye roast, bone-in, lip-on, separable lean only, trimmed to 1/8"" fat, all grades, cooked, roasted",27.12,13.64,0.0,231.0,0.0,69.0,5.258
171210,"Beef, rib eye roast, bone-in, lip-on, separable lean only, trimmed to 1/8"" fat, choice, cooked, roasted",27.18,14.55,0.0,240.0,0.0,68.0,5.606
170837,"Beef, rib eye roast, bone-in, lip-on, separable lean only, trimmed to 1/8"" fat, select, cooked, roasted",27.03,12.29,0.0,219.0,0.0,70.0,4.736
172153,"Beef, rib eye roast, boneless, lip-on, separable lean and fat, trimmed to 1/8"" fat, all grades, cooked, roasted",24.3,21.66,0.0,292.0,0.0,52.0,9.419
172154,"Beef, rib eye roast, boneless, lip-on, separable lean and fat, trimmed to 1/8"" fat, choice, cooked, roasted",23.92,22.98,0.0,303.0,0.0,51.0,10.044
172155,"Beef, rib eye roast, boneless, lip-on, separable lean and fat, trimmed to 1/8"" fat, select, cooked, roasted",24.85,19.68,0.0,277.0,0.0,54.0,8.482
171239,"Beef, rib eye roast, boneless, lip-on, separable lean only, trimmed to 1/8"" fat, all grades, cooked, roasted",28.21,11.68,0.0,218.0,0.0,56.0,4.535
170842,"Beef, rib eye roast, boneless, lip-on, separable lean only, trimmed to 1/8"" fat, choice, cooked, roasted",27.87,13.01,0.0,229.0,0.0,54.0,5.187
173372,"Beef, rib eye roast, boneless, lip-on, separable lean only, trimmed to 1/8"" fat, select, cooked, roasted",28.72,9.68,0.0,202.0,0.0,59.0,3.556
173387,"Beef, rib eye steak, bone-in, lip-on, separable lean and fat, trimmed to 1/8"" fat, all grades, cooked, grilled",22.9,24.2,0.0,309.0,0.0,60.0,10.629
173385,"Beef, rib eye steak, bone-in, lip-on, separable lean and fat, trimmed to 1/8"" fat, choice, cooked, grilled",22.71,24.7,0.0,313.0,0.0,60.0,10.566
173386,"Beef, rib eye steak, bone-in, lip-on, separable lean and fat, trimmed to 1/8"" fat, select, cooked, grilled",23.19,23.47,0.0,304.0,0.0,59.0,10.723
171236,"Beef, rib eye steak, bone-in, lip-on, separable lean only, trimmed to 1/8"" fat, all grades, cooked, grilled",27.4,12.43,0.0,221.0,0.0,67.0,4.794
171237,"Beef, rib eye steak, bone-in, lip-on, separable lean only, trimmed to 1/8"" fat, choice, cooked, grilled",27.03,13.44,0.0,229.0,0.0,67.0,4.897
171238,"Beef, rib eye steak, bone-in, lip-on, separable lean only, trimmed to 1/8"" fat, select, cooked, grilled",27.96,10.91,0.0,210.0,0.0,67.0,4.639
172164,"Beef, rib eye steak, boneless, lip off, separable lean and fat, trimmed to 0"" fat, all grades, cooked, grilled",24.85,19.02,0.0,271.0,0.0,58.0,8.443
173402,"Beef, rib eye steak, boneless, lip off, separable lean and fat, trimmed to 0"" fat, all grades, raw",19.26,16.71,0.12,228.0,0.0,52.0,7.363
172165,"Beef, rib eye steak, boneless, lip off, separable lean and fat, trimmed to 0"" fat, choice, cooked, grilled",23.89,21.1,0.0,285.0,0.0,58.0,9.244
173403,"Beef, rib eye steak, boneless, lip off, separable lean and fat, trimmed to 0"" fat, choice, raw",18.69,18.43,0.2,241.0,0.0,51.0,8.074
173401,"Beef, rib eye steak, boneless, lip off, separable lean and fat, trimmed to 0"" fat, select, cooked, grilled",26.29,15.9,0.0,248.0,0.0,58.0,7.226
173404,"Beef, rib eye steak, boneless, lip off, separable lean and fat, trimmed to 0"" fat, select, raw",20.12,14.14,0.0,208.0,0.0,52.0,6.29
172142,"Beef, rib eye steak, boneless, lip off, separable lean only, trimmed to 0"" fat, all grades, cooked, grilled",28.11,10.37,0.0,206.0,0.0,59.0,4.2
172143,"Beef, rib eye steak, boneless, lip off, separable lean only, trimmed to 0"" fat, all grades, raw",21.85,7.41,0.0,154.0,0.0,56.0,2.759
172144,"Beef, rib eye steak, boneless, lip off, separable lean only, trimmed to 0"" fat, choice, cooked, grilled",27.39,11.75,0.0,215.0,0.0,60.0,4.645
173380,"Beef, rib eye steak, boneless, lip off, separable lean only, trimmed to 0"" fat, choice, raw",21.44,8.5,0.0,162.0,0.0,56.0,3.057
173381,"Beef, rib eye steak, boneless, lip off, separable lean only, trimmed to 0"" fat, select, cooked, grilled",29.18,8.31,0.0,191.0,0.0,59.0,3.534
173382,"Beef, rib eye steak, boneless, lip off, separable lean only, trimmed to 0"" fat, select, raw",22.46,5.78,0.0,142.0,0.0,55.0,2.313
173392,"Beef, rib eye steak, boneless, lip-on, separable lean and fat, trimmed to 1/8"" fat, all grades, cooked, grilled",23.69,21.81,0.0,291.0,0.0,54.0,9.684
173390,"Beef, rib eye steak, boneless, lip-on, separable lean and fat, trimmed to 1/8"" fat, choice, cooked, grilled",22.92,23.52,0.0,303.0,0.0,54.0,10.307
173391,"Beef, rib eye steak, boneless, lip-on, separable lean and fat, trimmed to 1/8"" fat, select, cooked, grilled",24.83,19.25,0.0,273.0,0.0,54.0,8.749
171209,"Beef, rib eye steak, boneless, lip-on, separable lean only, trimmed to 1/8"" fat, all grades, cooked, grilled",27.97,10.57,0.0,207.0,0.0,59.0,4.2
171232,"Beef, rib eye steak, boneless, lip-on, separable lean only, trimmed to 1/8"" fat, choice, cooked, grilled",27.3,11.97,0.0,217.0,0.0,60.0,4.645
171233,"Beef, rib eye steak, boneless, lip-on, separable lean only, trimmed to 1/8"" fat, select, cooked, grilled",28.98,8.48,0.0,192.0,0.0,59.0,3.534
172151,"Beef, rib eye steak/roast, bone-in, lip-on, separable lean and fat, trimmed to 1/8"" fat, all grades, raw",18.13,20.31,0.0,255.0,0.0,56.0,9.097
172152,"Beef, rib eye steak/roast, bone-in, lip-on, separable lean and fat, trimmed to 1/8"" fat, choice, raw",17.92,20.96,0.0,260.0,0.0,57.0,9.265
173389,"Beef, rib eye steak/roast, bone-in, lip-on, separable lean and fat, trimmed to 1/8"" fat, select, raw",18.44,19.34,0.0,248.0,0.0,55.0,8.844
171234,"Beef, rib eye steak/roast, bone-in, lip-on, separable lean only, trimmed to 1/8"" fat, all grades, raw",21.22,9.04,0.0,166.0,0.0,64.0,3.544
171235,"Beef, rib eye steak/roast, bone-in, lip-on, separable lean only, trimmed to 1/8"" fat, choice, raw",20.93,9.97,0.0,173.0,0.0,65.0,3.88
170838,"Beef, rib eye steak/roast, bone-in, lip-on, separable lean only, trimmed to 1/8"" fat, select, raw",21.65,7.64,0.0,155.0,0.0,63.0,3.039
172156,"Beef, rib eye steak/roast, boneless, lip-on, separable lean and fat, trimmed to 1/8"" fat, all grades, raw",18.85,18.73,0.0,244.0,0.0,50.0,8.251
173393,"Beef, rib eye steak/roast, boneless, lip-on, separable lean and fat, trimmed to 1/8"" fat, choice, raw",18.39,19.95,0.0,253.0,0.0,50.0,8.741
173394,"Beef, rib eye steak/roast, boneless, lip-on, separable lean and fat, trimmed to 1/8"" fat, select, raw",19.55,16.9,0.0,230.0,0.0,50.0,7.515
170839,"Beef, rib eye steak/roast, boneless, lip-on, separable lean only, trimmed to 1/8"" fat, all grades, raw",21.99,7.54,0.0,156.0,0.0,56.0,2.759
170840,"Beef, rib eye steak/roast, boneless, lip-on, separable lean only, trimmed to 1/8"" fat, choice, raw",21.62,8.29,0.0,161.0,0.0,56.0,3.057
170841,"Beef, rib eye steak/roast, boneless, lip-on, separable lean only, trimmed to 1/8"" fat, select, raw",22.55,6.41,0.0,148.0,0.0,55.0,2.313
169557,"Beef, rib eye, small end (ribs 10-12), separable lean and fat, trimmed to 0"" fat, all grades, cooked, broiled",27.27,14.74,0.0,249.0,0.0,56.0,5.72
169556,"Beef, rib eye, small end (ribs 10-12), separable lean and fat, trimmed to 0"" fat, select, cooked, broiled",27.95,12.71,0.0,234.0,0.0,59.0,4.934
168621,"Beef, rib eye, small end (ribs 10-12), separable lean only, trimmed to 0"" fat, select, raw",21.17,6.57,0.0,149.0,0.0,52.0,2.65
172166,"Beef, rib, back ribs, bone-in, separable lean and fat, trimmed to 0"" fat, all grades, cooked, braised",24.23,29.21,0.0,360.0,0.0,63.0,12.99
172169,"Beef, rib, back ribs, bone-in, separable lean and fat, trimmed to 0"" fat, all grades, raw",16.15,28.42,0.78,324.0,0.0,53.0,12.643
172167,"Beef, rib, back ribs, bone-in, separable lean and fat, trimmed to 0"" fat, choice, cooked, braised",23.34,30.95,0.0,372.0,0.0,61.0,13.77
173405,"Beef, rib, back ribs, bone-in, separable lean and fat, trimmed to 0"" fat, choice, raw",15.75,29.89,0.9,336.0,0.0,53.0,13.296
172168,"Beef, rib, back ribs, bone-in, separable lean and fat, trimmed to 0"" fat, select, cooked, braised",25.56,26.59,0.0,341.0,0.0,64.0,11.822
173406,"Beef, rib, back ribs, bone-in, separable lean and fat, trimmed to 0"" fat, select, raw",16.75,26.23,0.6,305.0,0.0,52.0,11.663
173383,"Beef, rib, back ribs, bone-in, separable lean only, trimmed to 0"" fat, all grades, cooked, braised",28.36,20.57,0.0,299.0,0.0,68.0,8.103
172145,"Beef, rib, back ribs, bone-in, separable lean only, trimmed to 0"" fat, all grades, raw",19.11,17.91,0.46,239.0,0.0,60.0,7.055
172146,"Beef, rib, back ribs, bone-in, separable lean only, trimmed to 0"" fat, choice, cooked, braised",27.75,21.72,0.0,306.0,0.0,68.0,8.763
172147,"Beef, rib, back ribs, bone-in, separable lean only, trimmed to 0"" fat, choice, raw",18.72,19.36,0.64,252.0,0.0,61.0,7.812
172148,"Beef, rib, back ribs, bone-in, separable lean only, trimmed to 0"" fat, select, cooked, braised",29.28,18.84,0.0,287.0,0.0,68.0,7.091
173384,"Beef, rib, back ribs, bone-in, separable lean only, trimmed to 0"" fat, select, raw",19.71,15.73,0.2,221.0,0.0,59.0,5.92
168648,"Beef, rib, eye, small end (ribs 10- 12) separable lean only, trimmed to 0"" fat, select, cooked, broiled",29.93,6.05,0.0,182.0,0.0,63.0,2.305
169436,"Beef, rib, eye, small end (ribs 10-12), separable lean and fat, trimmed to 0"" fat, choice, cooked, broiled",26.58,16.76,0.0,265.0,0.0,53.0,6.506
168612,"Beef, rib, eye, small end (ribs 10-12), separable lean and fat, trimmed to 0"" fat, choice, raw",17.51,22.07,0.0,274.0,0.0,56.0,9.0
169438,"Beef, rib, eye, small end (ribs 10-12), separable lean only, trimmed to 0"" fat, choice, cooked, broiled",28.88,9.01,0.0,205.0,0.0,60.0,3.43
169437,"Beef, rib, eye, small end (ribs 10-12), separable lean only, trimmed to 0"" fat, choice, raw",20.13,8.3,0.0,161.0,0.0,63.0,3.23
170619,"Beef, rib, large end (ribs 6-9), separable lean and fat, trimmed to 0"" fat, choice, cooked, roasted",22.8,30.49,0.0,372.0,0.0,64.0,12.29
170620,"Beef, rib, large end (ribs 6-9), separable lean and fat, trimmed to 0"" fat, select, cooked, roasted",23.48,25.54,0.0,331.0,0.0,65.0,10.3
168681,"Beef, rib, large end (ribs 6-9), separable lean and fat, trimmed to 1/8"" fat, all grades, cooked, broiled",21.55,27.22,0.0,338.0,0.0,64.0,11.06
168682,"Beef, rib, large end (ribs 6-9), separable lean and fat, trimmed to 1/8"" fat, all grades, cooked, roasted",23.01,28.51,0.0,355.0,0.0,64.0,11.5
168680,"Beef, rib, large end (ribs 6-9), separable lean and fat, trimmed to 1/8"" fat, all grades, raw",16.26,27.29,0.0,316.0,0.0,55.0,11.29
169506,"Beef, rib, large end (ribs 6-9), separable lean and fat, trimmed to 1/8"" fat, choice, cooked, broiled",20.86,31.18,0.0,370.0,0.0,63.0,12.67
169507,"Beef, rib, large end (ribs 6-9), separable lean and fat, trimmed to 1/8"" fat, choice, cooked, roasted",22.5,31.28,0.0,378.0,0.0,63.0,12.62
169505,"Beef, rib, large end (ribs 6-9), separable lean and fat, trimmed to 1/8"" fat, choice, raw",16.03,29.34,0.0,333.0,0.0,54.0,12.13
168686,"Beef, rib, large end (ribs 6-9), separable lean and fat, trimmed to 1/8"" fat, prime, cooked, broiled",20.65,34.97,0.0,404.0,0.0,62.0,14.51
168687,"Beef, rib, large end (ribs 6-9), separable lean and fat, trimmed to 1/8"" fat, prime, cooked, roasted",22.86,32.74,0.0,393.0,0.0,64.0,13.59
168685,"Beef, rib, large end (ribs 6-9), separable lean and fat, trimmed to 1/8"" fat, prime, raw",15.77,33.26,0.0,367.0,0.0,53.0,13.96
168683,"Beef, rib, large end (ribs 6-9), separable lean and fat, trimmed to 1/8"" fat, select, cooked, broiled",21.55,25.71,0.0,324.0,0.0,64.0,10.43
168684,"Beef, rib, large end (ribs 6-9), separable lean and fat, trimmed to 1/8"" fat, select, cooked, roasted",23.4,25.84,0.0,333.0,0.0,65.0,10.42
169508,"Beef, rib, large end (ribs 6-9), separable lean and fat, trimmed to 1/8"" fat, select, raw",16.52,24.85,0.0,295.0,0.0,56.0,10.28
170621,"Beef, rib, large end (ribs 6-9), separable lean only, trimmed to 0"" fat, all grades, cooked, roasted",27.53,13.4,0.0,238.0,0.0,73.0,5.35
170622,"Beef, rib, large end (ribs 6-9), separable lean only, trimmed to 0"" fat, choice, cooked, roasted",27.53,15.0,0.0,253.0,0.0,73.0,5.99
170218,"Beef, rib, large end (ribs 6-9), separable lean only, trimmed to 0"" fat, select, cooked, roasted",27.53,11.4,0.0,220.0,0.0,73.0,4.55
168613,"Beef, rib, shortribs, separable lean and fat, choice, cooked, braised",21.57,41.98,0.0,471.0,0.0,50.0,17.8
169439,"Beef, rib, shortribs, separable lean and fat, choice, raw",14.4,36.23,0.4,390.0,0.0,49.0,15.76
168615,"Beef, rib, shortribs, separable lean only, choice, cooked, braised",30.76,18.13,0.0,295.0,0.0,58.0,7.74
168614,"Beef, rib, shortribs, separable lean only, choice, raw",19.05,10.19,0.4,175.0,0.0,65.0,4.33
170219,"Beef, rib, small end (ribs 10-12), separable lean and fat, trimmed to 0"" fat, all grades, cooked, broiled",27.27,14.74,0.0,249.0,0.0,56.0,5.72
170220,"Beef, rib, small end (ribs 10-12), separable lean and fat, trimmed to 0"" fat, choice, cooked, broiled",24.73,22.84,0.0,312.0,0.0,64.0,9.24
170221,"Beef, rib, small end (ribs 10-12), separable lean and fat, trimmed to 0"" fat, select, cooked, broiled",24.91,19.79,0.0,285.0,0.0,64.0,8.01
169510,"Beef, rib, small end (ribs 10-12), separable lean and fat, trimmed to 1/8"" fat, all grades, cooked, broiled",25.85,20.04,0.0,291.0,0.0,53.0,7.894
169511,"Beef, rib, small end (ribs 10-12), separable lean and fat, trimmed to 1/8"" fat, all grades, cooked, roasted",22.54,27.14,0.0,341.0,0.0,63.0,10.92
169509,"Beef, rib, small end (ribs 10-12), separable lean and fat, trimmed to 1/8"" fat, all grades, raw",19.33,19.06,0.0,254.0,0.0,49.0,7.692
168688,"Beef, rib, small end (ribs 10-12), separable lean and fat, trimmed to 1/8"" fat, choice, cooked, broiled",24.53,22.09,0.0,304.0,0.0,49.0,8.7
168689,"Beef, rib, small end (ribs 10-12), separable lean and fat, trimmed to 1/8"" fat, choice, cooked, roasted",22.28,29.21,0.0,359.0,0.0,63.0,11.78
169512,"Beef, rib, small end (ribs 10-12), separable lean and fat, trimmed to 1/8"" fat, choice, raw",19.09,20.13,0.0,263.0,0.0,48.0,8.121
169515,"Beef, rib, small end (ribs 10-12), separable lean and fat, trimmed to 1/8"" fat, prime, cooked, broiled",24.13,27.86,0.0,354.0,0.0,63.0,11.51
169516,"Beef, rib, small end (ribs 10-12), separable lean and fat, trimmed to 1/8"" fat, prime, cooked, roasted",22.15,35.12,0.0,411.0,0.0,65.0,14.51
169514,"Beef, rib, small end (ribs 10-12), separable lean and fat, trimmed to 1/8"" fat, prime, raw",16.74,29.18,0.06,335.0,0.0,53.0,12.07
168691,"Beef, rib, small end (ribs 10-12), separable lean and fat, trimmed to 1/8"" fat, select, cooked, broiled",27.17,18.0,0.0,278.0,0.0,58.0,7.088
169513,"Beef, rib, small end (ribs 10-12), separable lean and fat, trimmed to 1/8"" fat, select, cooked, roasted",22.76,25.02,0.0,323.0,0.0,64.0,10.05
168690,"Beef, rib, small end (ribs 10-12), separable lean and fat, trimmed to 1/8"" fat, select, raw",19.56,18.0,0.0,246.0,0.0,49.0,7.264
170623,"Beef, rib, small end (ribs 10-12), separable lean only, trimmed to 0"" fat, all grades, cooked, broiled",29.41,7.53,0.0,193.0,0.0,61.0,2.868
170624,"Beef, rib, small end (ribs 10-12), separable lean only, trimmed to 0"" fat, choice, cooked, broiled",28.04,11.7,0.0,225.0,0.0,69.0,4.73
170625,"Beef, rib, small end (ribs 10-12), separable lean only, trimmed to 0"" fat, select, cooked, broiled",28.04,8.7,0.0,198.0,0.0,69.0,3.51
173123,"Beef, rib, small end (ribs 10-12), separable lean only, trimmed to 1/8"" fat, all grades, cooked, broiled",29.58,7.63,0.0,195.0,0.0,62.0,2.907
171810,"Beef, rib, small end (ribs 10-12), separable lean only, trimmed to 1/8"" fat, all grades, raw",22.33,5.04,0.0,141.0,0.0,56.0,1.864
174761,"Beef, rib, small end (ribs 10-12), separable lean only, trimmed to 1/8"" fat, choice, raw",22.12,5.91,0.0,148.0,0.0,57.0,2.183
174042,"Beef, rib, small end (ribs 10-12), separable lean only, trimmed to 1/8"" fat, select, cooked, broiled",30.87,6.22,0.0,188.0,0.0,66.0,2.369
171802,"Beef, rib, small end (ribs 10-12), separable lean only, trimmed to 1/8"" fat, select, raw",22.53,4.2,0.0,134.0,0.0,55.0,1.553
174764,"Beef, rib, small end (ribs 10-12), separable lean only, trimmed to 1/8""fat, choice, cooked, broiled",28.29,9.05,0.0,202.0,0.0,58.0,3.445
169499,"Beef, rib, whole (ribs 6-12), separable lean and fat, trimmed to 1/8"" fat, all grades, cooked, broiled",22.42,26.75,0.0,337.0,0.0,63.0,10.85
169500,"Beef, rib, whole (ribs 6-12), separable lean and fat, trimmed to 1/8"" fat, all grades, cooked, roasted",22.77,28.11,0.0,351.0,0.0,64.0,11.33
169498,"Beef, rib, whole (ribs 6-12), separable lean and fat, trimmed to 1/8"" fat, all grades, raw",16.53,26.1,0.0,306.0,0.0,55.0,10.76
168676,"Beef, rib, whole (ribs 6-12), separable lean and fat, trimmed to 1/8"" fat, choice, cooked, broiled",22.26,28.5,0.0,352.0,0.0,63.0,11.57
168677,"Beef, rib, whole (ribs 6-12), separable lean and fat, trimmed to 1/8"" fat, choice, cooked, roasted",22.6,29.79,0.0,365.0,0.0,64.0,12.01
168675,"Beef, rib, whole (ribs 6-12), separable lean and fat, trimmed to 1/8"" fat, choice, raw",16.34,27.93,0.0,322.0,0.0,54.0,11.51
169504,"Beef, rib, whole (ribs 6-12), separable lean and fat, trimmed to 1/8"" fat, prime, cooked, broiled",21.95,32.38,0.0,386.0,0.0,62.0,13.42
168679,"Beef, rib, whole (ribs 6-12), separable lean and fat, trimmed to 1/8"" fat, prime, cooked, roasted",22.57,33.7,0.0,400.0,0.0,65.0,13.96
169503,"Beef, rib, whole (ribs 6-12), separable lean and fat, trimmed to 1/8"" fat, prime, raw",16.15,31.66,0.0,355.0,0.0,53.0,13.22
169501,"Beef, rib, whole (ribs 6-12), separable lean and fat, trimmed to 1/8"" fat, select, cooked, broiled",22.73,24.2,0.0,315.0,0.0,64.0,9.81
169502,"Beef, rib, whole (ribs 6-12), separable lean and fat, trimmed to 1/8"" fat, select, cooked, roasted",23.1,25.63,0.0,330.0,0.0,65.0,10.32
168678,"Beef, rib, whole (ribs 6-12), separable lean and fat, trimmed to 1/8"" fat, select, raw",16.75,23.95,0.0,288.0,0.0,55.0,9.88
174696,"Beef, ribeye  petite roast/filet, boneless, separable lean only, trimmed to 0"" fat, all grades, raw",22.66,4.66,0.04,133.0,0.0,66.0,1.683
174697,"Beef, ribeye  petite roast/filet, boneless, separable lean only, trimmed to 0"" fat, choice, raw",22.52,5.29,0.18,138.0,0.0,66.0,1.962
174698,"Beef, ribeye  petite roast/filet, boneless, separable lean only, trimmed to 0"" fat, select, raw",22.89,3.72,0.0,125.0,0.0,57.0,1.265
173054,"Beef, ribeye cap steak, boneless, separable lean only, trimmed to 0"" fat, all grades, cooked, grilled",24.66,15.7,1.53,246.0,0.0,86.0,5.566
173057,"Beef, ribeye cap steak, boneless, separable lean only, trimmed to 0"" fat, all grades, raw",19.7,10.6,1.51,180.0,0.0,88.0,4.066
173055,"Beef, ribeye cap steak, boneless, separable lean only, trimmed to 0"" fat, choice, cooked, grilled",24.24,17.21,1.81,259.0,0.0,86.0,5.961
174699,"Beef, ribeye cap steak, boneless, separable lean only, trimmed to 0"" fat, choice, raw",19.46,11.4,1.75,187.0,0.0,88.0,4.359
173056,"Beef, ribeye cap steak, boneless, separable lean only, trimmed to 0"" fat, select, cooked, grilled",25.28,13.43,1.1,226.0,0.0,79.0,4.974
174700,"Beef, ribeye cap steak, boneless, separable lean only, trimmed to 0"" fat, select, raw",20.05,9.39,1.15,169.0,0.0,84.0,3.626
174701,"Beef, ribeye filet, boneless, separable lean only, trimmed to 0"" fat, all grades, cooked, grilled",28.77,9.2,0.17,199.0,0.0,56.0,3.205
174702,"Beef, ribeye filet, boneless, separable lean only, trimmed to 0"" fat, choice, cooked, grilled",28.35,10.26,0.51,208.0,0.0,56.0,3.616
174703,"Beef, ribeye filet, boneless, separable lean only, trimmed to 0"" fat, select, cooked, grilled",29.39,7.61,0.0,186.0,0.0,87.0,2.588
173058,"Beef, ribeye petite roast, boneless, separable lean only, trimmed to 0"" fat, all grades, cooked, roasted",28.15,7.31,0.0,178.0,0.0,55.0,2.587
173059,"Beef, ribeye petite roast, boneless, separable lean only, trimmed to 0"" fat, choice, cooked, roasted",28.0,8.42,0.0,188.0,0.0,54.0,3.053
173060,"Beef, ribeye petite roast, boneless, separable lean only, trimmed to 0"" fat, select, cooked, roasted",28.37,5.65,0.0,164.0,0.0,84.0,1.887
171806,"Beef, round, bottom round , roast, separable lean only, trimmed to 1/8"" fat, select, cooked, roasted",28.45,4.67,0.0,164.0,0.0,38.0,1.608
170227,"Beef, round, bottom round roast, separable lean only, trimmed to 0"" fat, select, cooked, roasted",28.29,5.33,0.0,169.0,0.0,38.0,1.86
170222,"Beef, round, bottom round, roast, separable lean and fat, trimmed to 0"" fat, all grades, cooked, roasted",27.42,7.72,0.0,187.0,0.0,36.0,2.773
170224,"Beef, round, bottom round, roast, separable lean and fat, trimmed to 0"" fat, choice, cooked, roasted",26.76,9.37,0.0,199.0,0.0,35.0,3.366
170627,"Beef, round, bottom round, roast, separable lean and fat, trimmed to 0"" fat, select, cooked, roasted",28.08,6.06,0.0,175.0,0.0,37.0,2.179
168696,"Beef, round, bottom round, roast, separable lean and fat, trimmed to 1/8"" fat, all grades, cooked, roasted",26.41,11.64,0.0,218.0,0.0,35.0,4.418
168699,"Beef, round, bottom round, roast, separable lean and fat, trimmed to 1/8"" fat, choice, cooked, roasted",26.05,12.44,0.0,223.0,0.0,34.0,4.721
169522,"Beef, round, bottom round, roast, separable lean and fat, trimmed to 1/8"" fat, select, cooked, roasted",26.77,10.85,0.0,212.0,0.0,35.0,4.116
170629,"Beef, round, bottom round, roast, separable lean only, trimmed to 0"" fat, all grades, cooked, roasted",27.76,6.48,0.0,177.0,0.0,36.0,2.26
170631,"Beef, round, bottom round, roast, separable lean only, trimmed to 0"" fat, choice, cooked, roasted",27.23,7.63,0.0,185.0,0.0,36.0,2.661
174052,"Beef, round, bottom round, roast, separable lean only, trimmed to 1/8"" fat, all grades, cooked",28.0,5.72,0.0,163.0,0.0,37.0,1.972
174046,"Beef, round, bottom round, roast, separable lean only, trimmed to 1/8"" fat, all grades, raw",22.19,4.31,0.0,128.0,0.0,59.0,1.476
174059,"Beef, round, bottom round, roast, separable lean only, trimmed to 1/8"" fat, choice, cooked, roasted",27.56,6.77,0.0,179.0,0.0,36.0,2.334
174058,"Beef, round, bottom round, roast, separable lean only, trimmed to 1/8"" fat, choice, raw",22.22,4.96,0.0,140.0,0.0,56.0,1.699
173122,"Beef, round, bottom round, roast, separable lean only, trimmed to 1/8"" fat, select, raw",22.18,3.66,0.0,128.0,0.0,62.0,1.253
170626,"Beef, round, bottom round, steak, separable lean and fat, trimmed to 0"" fat, all grades, cooked, braised",33.56,8.86,0.0,223.0,0.0,44.0,3.184
170223,"Beef, round, bottom round, steak, separable lean and fat, trimmed to 0"" fat, choice, cooked, braised",32.73,10.0,0.0,230.0,0.0,42.0,3.593
170225,"Beef, round, bottom round, steak, separable lean and fat, trimmed to 0"" fat, select, cooked, braised",34.39,7.72,0.0,217.0,0.0,45.0,2.775
169520,"Beef, round, bottom round, steak, separable lean and fat, trimmed to 1/8"" fat, all grades, cooked, braised",32.76,11.87,0.0,247.0,0.0,43.0,4.506
169519,"Beef, round, bottom round, steak, separable lean and fat, trimmed to 1/8"" fat, all grades, raw",20.7,11.54,0.0,192.0,0.0,56.0,4.544
168698,"Beef, round, bottom round, steak, separable lean and fat, trimmed to 1/8"" fat, choice, cooked, braised",32.85,12.56,0.0,254.0,0.0,42.0,4.766
168697,"Beef, round, bottom round, steak, separable lean and fat, trimmed to 1/8"" fat, choice, raw",20.71,12.15,0.0,198.0,0.0,53.0,4.784
169521,"Beef, round, bottom round, steak, separable lean and fat, trimmed to 1/8"" fat, select, cooked, braised",32.67,11.19,0.0,240.0,0.0,43.0,4.247
168700,"Beef, round, bottom round, steak, separable lean and fat, trimmed to 1/8"" fat, select, raw",20.68,10.93,0.0,187.0,0.0,60.0,4.303
170628,"Beef, round, bottom round, steak, separable lean only, trimmed to 0"" fat, all grades, cooked, braised",34.0,7.67,0.0,214.0,0.0,44.0,2.675
170630,"Beef, round, bottom round, steak, separable lean only, trimmed to 0"" fat, choice, cooked, braised",33.08,9.03,0.0,223.0,0.0,43.0,3.152
170226,"Beef, round, bottom round, steak, separable lean only, trimmed to 0"" fat, select, cooked, braised",34.93,6.3,0.0,206.0,0.0,46.0,2.198
174053,"Beef, round, bottom round, steak, separable lean only, trimmed to 1/8"" fat, all grades, cooked, braised",34.34,7.73,0.0,216.0,0.0,45.0,2.663
173115,"Beef, round, bottom round, steak, separable lean only, trimmed to 1/8"" fat, choice, cooked, braised",34.22,9.02,0.0,228.0,0.0,45.0,3.109
174045,"Beef, round, bottom round, steak, separable lean only, trimmed to 1/8"" fat, select, cooked, braised",34.46,6.43,0.0,205.0,0.0,46.0,2.216
170228,"Beef, round, eye of round roast, boneless, separable lean and fat, trimmed to 0"" fat, all grades, cooked, roasted",29.66,4.46,0.0,167.0,0.0,67.0,1.615
171745,"Beef, round, eye of round roast, boneless, separable lean and fat, trimmed to 0"" fat, all grades, raw",23.27,3.44,0.0,124.0,0.0,53.0,1.276
170229,"Beef, round, eye of round roast, boneless, separable lean and fat, trimmed to 0"" fat, choice, cooked, roasted",29.79,4.83,0.0,171.0,0.0,66.0,1.656
171746,"Beef, round, eye of round roast, boneless, separable lean and fat, trimmed to 0"" fat, choice, raw",23.26,3.74,0.0,127.0,0.0,52.0,1.308
170632,"Beef, round, eye of round roast, boneless, separable lean and fat, trimmed to 0"" fat, select, cooked, roasted",29.45,3.97,0.0,162.0,0.0,63.0,1.555
171747,"Beef, round, eye of round roast, boneless, separable lean and fat, trimmed to 0"" fat, select, raw",23.28,3.0,0.0,120.0,0.0,50.0,1.229
170633,"Beef, round, eye of round roast, boneless, separable lean only, trimmed to 0"" fat, all grades, cooked, roasted",29.85,3.9,0.0,163.0,0.0,67.0,1.375
173998,"Beef, round, eye of round roast, boneless, separable lean only, trimmed to 0"" fat, all grades, raw",23.37,3.04,0.0,121.0,0.0,53.0,1.086
170634,"Beef, round, eye of round roast, boneless, separable lean only, trimmed to 0"" fat, choice, cooked, roasted",29.94,4.26,0.0,166.0,0.0,66.0,1.439
173999,"Beef, round, eye of round roast, boneless, separable lean only, trimmed to 0"" fat, choice, raw",23.35,3.38,0.0,124.0,0.0,52.0,1.137
170635,"Beef, round, eye of round roast, boneless, separable lean only, trimmed to 0"" fat, select, cooked, roasted",29.52,3.43,0.0,157.0,0.0,63.0,1.28
171761,"Beef, round, eye of round roast, boneless, separable lean only, trimmed to 0"" fat, select, raw",23.41,2.52,0.0,116.0,0.0,50.0,1.011
173985,"Beef, round, eye of round steak, boneless separable lean and fat, trimmed to 0"" fat, choice, raw",23.24,3.83,0.0,127.0,0.0,52.0,1.343
173993,"Beef, round, eye of round steak, boneless, separable lean and fat, trimmed to 0"" fat, all grades, cooked, grilled",29.66,4.47,0.0,159.0,0.0,68.0,1.669
173984,"Beef, round, eye of round steak, boneless, separable lean and fat, trimmed to 0"" fat, all grades, raw",23.26,3.48,0.0,124.0,0.0,53.0,1.285
173994,"Beef, round, eye of round steak, boneless, separable lean and fat, trimmed to 0"" fat, choice, cooked, grilled",29.79,4.83,0.0,163.0,0.0,67.0,1.744
173995,"Beef, round, eye of round steak, boneless, separable lean and fat, trimmed to 0"" fat, select, cooked, grilled",29.47,3.98,0.0,154.0,0.0,65.0,1.557
173986,"Beef, round, eye of round steak, boneless, separable lean and fat, trimmed to 0"" fat, select, raw",23.3,2.95,0.0,120.0,0.0,50.0,1.199
171772,"Beef, round, eye of round steak, boneless, separable lean only, trimmed to 0"" fat, all grades, cooked, grilled",29.85,3.9,0.0,155.0,0.0,68.0,1.41
171762,"Beef, round, eye of round steak, boneless, separable lean only, trimmed to 0"" fat, all grades, raw",23.37,3.04,0.0,121.0,0.0,53.0,1.086
171773,"Beef, round, eye of round steak, boneless, separable lean only, trimmed to 0"" fat, choice, cooked, grilled",29.94,4.26,0.0,158.0,0.0,68.0,1.476
171763,"Beef, round, eye of round steak, boneless, separable lean only, trimmed to 0"" fat, choice, raw",23.35,3.38,0.0,124.0,0.0,52.0,1.137
174008,"Beef, round, eye of round steak, boneless, separable lean only, trimmed to 0"" fat, select, cooked, grilled",29.52,3.43,0.0,149.0,0.0,65.0,1.313
171764,"Beef, round, eye of round steak, boneless, separable lean only, trimmed to 0"" fat, select, raw",23.41,2.52,0.0,116.0,0.0,50.0,1.011
169524,"Beef, round, eye of round, roast, separable lean and fat, trimmed to 1/8"" fat, all grades, cooked, roasted",28.31,9.65,0.0,208.0,0.0,37.0,3.664
169523,"Beef, round, eye of round, roast, separable lean and fat, trimmed to 1/8"" fat, all grades, raw",21.49,8.24,0.0,166.0,0.0,58.0,3.245
168702,"Beef, round, eye of round, roast, separable lean and fat, trimmed to 1/8"" fat, choice, cooked, roasted",28.48,10.05,0.0,212.0,0.0,37.0,3.813
168701,"Beef, round, eye of round, roast, separable lean and fat, trimmed to 1/8"" fat, choice, raw",21.68,8.91,0.0,173.0,0.0,55.0,3.509
168704,"Beef, round, eye of round, roast, separable lean and fat, trimmed to 1/8"" fat, select, cooked, roasted",28.13,9.26,0.0,204.0,0.0,37.0,3.515
168703,"Beef, round, eye of round, roast, separable lean and fat, trimmed to 1/8"" fat, select, raw",21.3,7.57,0.08,160.0,0.0,62.0,2.98
171809,"Beef, round, eye of round, roast, separable lean only, trimmed to 1/8"" fat, all grades, cooked, roasted",29.73,4.71,0.0,169.0,0.0,38.0,1.624
174049,"Beef, round, eye of round, roast, separable lean only, trimmed to 1/8"" fat, all grades, raw",22.6,3.0,0.0,124.0,0.0,60.0,1.027
174060,"Beef, round, eye of round, roast, separable lean only, trimmed to 1/8"" fat, choice, cooked, roasted",29.87,5.3,0.0,175.0,0.0,39.0,1.828
171819,"Beef, round, eye of round, roast, separable lean only, trimmed to 1/8"" fat, choice, raw",22.88,3.38,0.0,128.0,0.0,57.0,1.158
171807,"Beef, round, eye of round, roast, separable lean only, trimmed to 1/8"" fat, select, cooked, roasted",29.59,4.11,0.0,163.0,0.0,39.0,1.416
173120,"Beef, round, eye of round, roast, separable lean only, trimmed to 1/8"" fat, select, raw",22.31,2.62,0.0,119.0,0.0,62.0,0.898
168695,"Beef, round, full cut, separable lean and fat, trimmed to 1/8"" fat, choice, cooked, broiled",27.54,12.98,0.0,235.0,0.0,62.0,4.9
168694,"Beef, round, full cut, separable lean and fat, trimmed to 1/8"" fat, choice, raw",20.56,11.92,0.0,195.0,0.0,54.0,4.63
169518,"Beef, round, full cut, separable lean and fat, trimmed to 1/8"" fat, select, cooked, broiled",27.58,11.08,0.0,218.0,0.0,62.0,4.23
169517,"Beef, round, full cut, separable lean and fat, trimmed to 1/8"" fat, select, raw",20.56,10.68,0.0,184.0,0.0,54.0,4.2
168616,"Beef, round, full cut, separable lean only, trimmed to 1/4"" fat, choice, cooked, broiled",29.21,7.31,0.0,191.0,0.0,64.0,2.56
168617,"Beef, round, full cut, separable lean only, trimmed to 1/4"" fat, select, cooked, broiled",29.25,5.22,0.0,172.0,0.0,64.0,1.83
173370,"Beef, round, knuckle, tip center, steak, separable lean and fat, trimmed to 0"" fat, all grades, cooked, grilled",27.12,6.78,0.0,177.0,0.0,52.0,2.527
173369,"Beef, round, knuckle, tip center, steak, separable lean and fat, trimmed to 0"" fat, all grades, raw",20.93,5.89,0.0,143.0,0.0,54.0,2.163
173362,"Beef, round, knuckle, tip center, steak, separable lean and fat, trimmed to 0"" fat, choice, cooked, grilled",26.88,8.13,0.0,188.0,0.0,51.0,2.759
173361,"Beef, round, knuckle, tip center, steak, separable lean and fat, trimmed to 0"" fat, choice, raw",20.74,6.85,0.0,150.0,0.0,54.0,2.3
172127,"Beef, round, knuckle, tip center, steak, separable lean and fat, trimmed to 0"" fat, select, cooked, grilled",26.61,5.32,0.0,162.0,0.0,53.0,2.063
173363,"Beef, round, knuckle, tip center, steak, separable lean and fat, trimmed to 0"" fat, select, raw",20.98,5.21,0.0,137.0,0.0,53.0,1.89
172120,"Beef, round, knuckle, tip side, steak, separable lean and fat , trimmed to 0"" fat, select, raw",21.96,3.24,0.0,123.0,0.0,57.0,1.225
172131,"Beef, round, knuckle, tip side, steak, separable lean and fat, trimmed to 0"" fat, all grades, cooked, grilled",29.08,4.84,0.0,168.0,0.0,54.0,1.901
173367,"Beef, round, knuckle, tip side, steak, separable lean and fat, trimmed to 0"" fat, all grades, raw",21.69,4.0,0.0,129.0,0.0,61.0,1.578
172119,"Beef, round, knuckle, tip side, steak, separable lean and fat, trimmed to 0"" fat, choice, cooked, grilled",28.79,5.71,0.0,174.0,0.0,55.0,2.218
173354,"Beef, round, knuckle, tip side, steak, separable lean and fat, trimmed to 0"" fat, choice, raw",21.41,4.66,0.0,133.0,0.0,62.0,1.755
172121,"Beef, round, knuckle, tip side, steak, separable lean and fat, trimmed to 0"" fat, select, cooked, grilled",29.24,3.91,0.0,160.0,0.0,52.0,1.267
172135,"Beef, round, outside round, bottom round, steak, separable lean and fat, trimmed to 0"" fat, all grades, cooked, grilled",27.52,7.1,0.0,182.0,0.0,58.0,2.541
173371,"Beef, round, outside round, bottom round, steak, separable lean and fat, trimmed to 0"" fat, all grades, raw",21.59,5.53,0.0,142.0,0.0,62.0,2.0
172129,"Beef, round, outside round, bottom round, steak, separable lean and fat, trimmed to 0"" fat, choice, cooked, grilled",27.22,8.3,0.0,191.0,0.0,57.0,2.954
172128,"Beef, round, outside round, bottom round, steak, separable lean and fat, trimmed to 0"" fat, choice, raw",21.24,6.59,0.0,150.0,0.0,63.0,2.301
173364,"Beef, round, outside round, bottom round, steak, separable lean and fat, trimmed to 0"" fat, select, cooked, grilled",28.01,5.17,0.0,166.0,0.0,60.0,1.716
172130,"Beef, round, outside round, bottom round, steak, separable lean and fat, trimmed to 0"" fat, select, raw",22.15,3.83,0.0,129.0,0.0,62.0,1.4
170230,"Beef, round, tip round, roast, separable lean and fat, trimmed to 0"" fat, all grades, cooked, roasted",26.79,8.21,0.0,188.0,0.0,35.0,3.007
169470,"Beef, round, tip round, roast, separable lean and fat, trimmed to 0"" fat, all grades, raw",20.48,7.01,0.0,151.0,0.0,55.0,2.778
170231,"Beef, round, tip round, roast, separable lean and fat, trimmed to 0"" fat, choice, cooked, roasted",27.01,8.9,0.0,196.0,0.0,35.0,3.257
168646,"Beef, round, tip round, roast, separable lean and fat, trimmed to 0"" fat, choice, raw",20.16,7.73,0.0,156.0,0.0,51.0,3.066
170232,"Beef, round, tip round, roast, separable lean and fat, trimmed to 0"" fat, select, cooked, roasted",26.57,7.53,0.0,181.0,0.0,35.0,2.756
168647,"Beef, round, tip round, roast, separable lean and fat, trimmed to 0"" fat, select, raw",20.8,6.28,0.0,145.0,0.0,58.0,2.489
169526,"Beef, round, tip round, roast, separable lean and fat, trimmed to 1/8"" fat, all grades, cooked, roasted",27.45,11.34,0.0,219.0,0.0,63.0,4.24
169528,"Beef, round, tip round, roast, separable lean and fat, trimmed to 1/8"" fat, choice, cooked, roasted",27.27,12.34,0.0,228.0,0.0,63.0,4.63
168706,"Beef, round, tip round, roast, separable lean and fat, trimmed to 1/8"" fat, select, cooked, roasted",27.63,10.24,0.0,210.0,0.0,64.0,3.81
170233,"Beef, round, tip round, roast, separable lean only, trimmed to 0"" fat, all grades, cooked, roasted",27.53,6.2,0.0,174.0,0.0,36.0,2.209
173125,"Beef, round, tip round, roast, separable lean only, trimmed to 0"" fat, all grades, raw",21.07,3.95,0.0,126.0,0.0,54.0,1.376
170636,"Beef, round, tip round, roast, separable lean only, trimmed to 0"" fat, choice, cooked, roasted",27.68,6.42,0.0,176.0,0.0,36.0,2.288
173126,"Beef, round, tip round, roast, separable lean only, trimmed to 0"" fat, choice, raw",20.76,4.55,0.0,130.0,0.0,52.0,1.556
170637,"Beef, round, tip round, roast, separable lean only, trimmed to 0"" fat, select, cooked, roasted",27.37,4.38,0.0,149.0,0.0,36.0,1.563
173127,"Beef, round, tip round, roast, separable lean only, trimmed to 0"" fat, select, raw",21.38,3.35,0.0,122.0,0.0,58.0,1.147
169525,"Beef, round, tip round, separable lean and fat, trimmed to 1/8"" fat, all grades, raw",19.6,11.67,0.0,189.0,0.0,58.0,4.6
169527,"Beef, round, tip round, separable lean and fat, trimmed to 1/8"" fat, choice, raw",19.48,12.83,0.0,199.0,0.0,58.0,5.04
168705,"Beef, round, tip round, separable lean and fat, trimmed to 1/8"" fat, select, raw",19.74,10.39,0.0,178.0,0.0,58.0,4.1
171755,"Beef, round, top round roast, boneless, separable lean and fat, trimmed to 0"" fat, all grades, cooked, roasted",29.9,4.49,0.0,160.0,0.0,67.0,1.671
173982,"Beef, round, top round roast, boneless, separable lean and fat, trimmed to 0"" fat, all grades, raw",23.45,3.5,0.0,125.0,0.0,54.0,1.353
171756,"Beef, round, top round roast, boneless, separable lean and fat, trimmed to 0"" fat, choice, cooked, roasted",30.08,4.79,0.0,163.0,0.0,69.0,1.837
173983,"Beef, round, top round roast, boneless, separable lean and fat, trimmed to 0"" fat, choice, raw",23.46,3.81,0.0,128.0,0.0,56.0,1.488
173992,"Beef, round, top round roast, boneless, separable lean and fat, trimmed to 0"" fat, select, cooked, roasted",30.97,3.72,0.0,157.0,0.0,67.0,1.421
171744,"Beef, round, top round roast, boneless, separable lean and fat, trimmed to 0"" fat, select, raw",23.44,3.04,0.0,121.0,0.0,54.0,1.151
174007,"Beef, round, top round roast, boneless, separable lean only, trimmed to 0"" fat, all grades, cooked, roasted",30.09,3.77,0.0,162.0,0.0,67.0,1.383
171760,"Beef, round, top round roast, boneless, separable lean only, trimmed to 0"" fat, all grades, raw",23.59,2.94,0.0,121.0,0.0,54.0,1.12
171770,"Beef, round, top round roast, boneless, separable lean only, trimmed to 0"" fat, choice, cooked, roasted",30.24,4.11,0.06,158.0,0.0,69.0,1.547
173996,"Beef, round, top round roast, boneless, separable lean only, trimmed to 0"" fat, choice, raw",23.59,3.26,0.0,124.0,0.0,56.0,1.253
171771,"Beef, round, top round roast, boneless, separable lean only, trimmed to 0"" fat, select, cooked, roasted",29.81,3.37,0.0,150.0,0.0,67.0,1.136
173997,"Beef, round, top round roast, boneless, separable lean only, trimmed to 0"" fat, select, raw",23.59,2.45,0.0,116.0,0.0,55.0,0.92
169560,"Beef, round, top round steak, boneless, separable lean and fat, trimmed to 0"" fat, all grades, cooked, grilled",29.96,4.28,0.0,167.0,0.0,75.0,1.788
171743,"Beef, round, top round steak, boneless, separable lean and fat, trimmed to 0"" fat, all grades, raw",23.49,3.34,0.0,124.0,0.0,54.0,1.287
168740,"Beef, round, top round steak, boneless, separable lean and fat, trimmed to 0"" fat, choice, cooked, grilled",30.12,4.62,0.0,170.0,0.0,78.0,1.769
173980,"Beef, round, top round steak, boneless, separable lean and fat, trimmed to 0"" fat, choice, raw",23.49,3.66,0.0,127.0,0.0,56.0,1.424
168741,"Beef, round, top round steak, boneless, separable lean and fat, trimmed to 0"" fat, select, cooked, grilled",29.7,3.85,0.0,162.0,0.0,76.0,1.502
173981,"Beef, round, top round steak, boneless, separable lean and fat, trimmed to 0"" fat, select, raw",23.49,2.85,0.0,120.0,0.0,54.0,1.082
168649,"Beef, round, top round steak, boneless, separable lean only, trimmed to 0"" fat, all grades, cooked, grilled",30.09,3.77,0.0,162.0,0.0,75.0,1.556
171757,"Beef, round, top round steak, boneless, separable lean only, trimmed to 0"" fat, all grades, raw",23.59,2.94,0.0,121.0,0.0,54.0,1.12
169471,"Beef, round, top round steak, boneless, separable lean only, trimmed to 0"" fat, choice, cooked, grilled",30.24,4.11,0.0,166.0,0.0,78.0,1.562
171758,"Beef, round, top round steak, boneless, separable lean only, trimmed to 0"" fat, choice, raw",23.59,3.26,0.0,124.0,0.0,56.0,1.253
169472,"Beef, round, top round steak, boneless, separable lean only, trimmed to 0"" fat, select, cooked, grilled",29.81,3.37,0.0,158.0,0.0,76.0,1.278
171759,"Beef, round, top round steak, boneless, separable lean only, trimmed to 0"" fat, select, raw",23.59,2.45,0.0,116.0,0.0,55.0,0.92
169531,"Beef, round, top round steak, separable lean and fat, trimmed to 1/8"" fat, all grades, cooked, broiled",30.67,9.0,0.0,204.0,0.0,41.0,3.415
170638,"Beef, round, top round, separable lean and fat, trimmed to 0"" fat, all grades, cooked, braised",35.62,6.31,0.0,209.0,0.0,45.0,2.25
170639,"Beef, round, top round, separable lean and fat, trimmed to 0"" fat, choice, cooked, braised",35.62,7.09,0.0,216.0,0.0,45.0,2.52
170234,"Beef, round, top round, separable lean and fat, trimmed to 0"" fat, select, cooked, braised",35.62,5.33,0.0,200.0,0.0,45.0,1.92
169530,"Beef, round, top round, separable lean and fat, trimmed to 1/8"" fat, all grades, cooked, braised",34.34,10.13,0.0,238.0,0.0,45.0,3.78
168709,"Beef, round, top round, separable lean and fat, trimmed to 1/8"" fat, choice, cooked, braised",34.09,11.61,0.0,250.0,0.0,45.0,4.33
168711,"Beef, round, top round, separable lean and fat, trimmed to 1/8"" fat, choice, cooked, pan-fried",32.99,13.83,0.0,266.0,0.0,68.0,4.64
169534,"Beef, round, top round, separable lean and fat, trimmed to 1/8"" fat, prime, raw",22.24,8.67,0.0,173.0,0.0,51.0,3.3
168713,"Beef, round, top round, separable lean and fat, trimmed to 1/8"" fat, select, cooked, braised",34.6,8.54,0.0,225.0,0.0,45.0,3.2
170235,"Beef, round, top round, separable lean only, trimmed to 0"" fat, choice, cooked, braised",36.12,5.8,0.0,207.0,0.0,45.0,1.99
170236,"Beef, round, top round, separable lean only, trimmed to 0"" fat, select, cooked, braised",36.12,4.0,0.0,190.0,0.0,45.0,1.37
168708,"Beef, round, top round, separable lean only, trimmed to 1/8"" fat, choice, cooked, pan-fried",33.93,8.33,2.03,228.0,0.0,65.0,2.399
169529,"Beef, round, top round, steak, separable lean and fat, trimmed to 1/8"" fat, all grades, raw",22.06,7.93,0.0,166.0,0.0,60.0,3.123
168710,"Beef, round, top round, steak, separable lean and fat, trimmed to 1/8"" fat, choice, cooked, broiled",30.7,10.27,0.0,224.0,0.0,40.0,3.898
169532,"Beef, round, top round, steak, separable lean and fat, trimmed to 1/8"" fat, choice, raw",21.94,8.19,0.0,168.0,0.0,57.0,3.224
169535,"Beef, round, top round, steak, separable lean and fat, trimmed to 1/8"" fat, prime, cooked, broiled",31.27,10.1,0.0,225.0,0.0,61.0,3.61
169533,"Beef, round, top round, steak, separable lean and fat, trimmed to 1/8"" fat, select, cooked, broiled",30.63,7.73,0.0,201.0,0.0,41.0,2.933
168712,"Beef, round, top round, steak, separable lean and fat, trimmed to 1/8"" fat, select, raw",22.18,7.68,0.0,164.0,0.0,63.0,3.023
171815,"Beef, round, top round, steak, separable lean only, trimmed to 1/8"" fat, all grades, cooked, broiled",31.82,5.45,0.0,185.0,0.0,42.0,1.878
171816,"Beef, round, top round, steak, separable lean only, trimmed to 1/8"" fat, all grades, raw",22.91,4.09,0.0,135.0,0.0,61.0,1.399
174061,"Beef, round, top round, steak, separable lean only, trimmed to 1/8"" fat, choice, cooked, broiled",32.04,6.25,0.0,193.0,0.0,42.0,2.154
171820,"Beef, round, top round, steak, separable lean only, trimmed to 1/8"" fat, choice, raw",22.69,4.78,0.0,140.0,0.0,57.0,1.637
171808,"Beef, round, top round, steak, separable lean only, trimmed to 1/8"" fat, select, cooked, broiled",31.61,4.65,0.0,177.0,0.0,43.0,1.602
173121,"Beef, round, top round, steak, separable lean only, trimmed to 1/8"" fat, select, raw",23.13,3.37,0.0,129.0,0.0,64.0,1.154
170600,"Beef, sandwich steaks, flaked, chopped, formed and thinly sliced, raw",16.5,27.0,0.0,309.0,0.0,68.0,11.538
169442,"Beef, shank crosscuts, separable lean only, trimmed to 1/4"" fat, choice, cooked, simmered",33.68,6.36,0.0,201.0,0.0,64.0,2.29
169441,"Beef, shank crosscuts, separable lean only, trimmed to 1/4"" fat, choice, raw",21.75,3.85,0.0,128.0,0.0,63.0,1.28
169460,"Beef, short loin, porterhouse steak, separable lean and fat, trimmed to 0"" fat, USDA choice, cooked, broiled",23.61,20.15,0.0,283.0,0.0,65.0,7.43
169461,"Beef, short loin, porterhouse steak, separable lean and fat, trimmed to 0"" fat, USDA select, cooked, broiled",24.47,17.98,0.0,267.0,0.0,65.0,7.04
169459,"Beef, short loin, porterhouse steak, separable lean and fat, trimmed to 0"" fat, all grades, cooked, broiled",23.96,19.27,0.0,276.0,0.0,65.0,7.271
172115,"Beef, short loin, porterhouse steak, separable lean and fat, trimmed to 1/8"" fat, all grades, cooked, grilled",25.4,18.57,0.0,276.0,0.0,64.0,7.481
173350,"Beef, short loin, porterhouse steak, separable lean and fat, trimmed to 1/8"" fat, all grades, raw",20.49,14.06,0.0,214.0,0.0,48.0,5.981
168716,"Beef, short loin, porterhouse steak, separable lean and fat, trimmed to 1/8"" fat, choice, cooked, grilled",24.85,19.78,0.0,284.0,0.0,63.0,7.905
168715,"Beef, short loin, porterhouse steak, separable lean and fat, trimmed to 1/8"" fat, choice, raw",20.36,14.58,0.0,218.0,0.0,52.0,6.171
172117,"Beef, short loin, porterhouse steak, separable lean and fat, trimmed to 1/8"" fat, select, cooked, grilled",26.21,16.75,0.0,263.0,0.0,63.0,6.843
172116,"Beef, short loin, porterhouse steak, separable lean and fat, trimmed to 1/8"" fat, select, raw",20.69,13.27,0.0,208.0,0.0,42.0,5.696
168637,"Beef, short loin, porterhouse steak, separable lean only,  trimmed to 1/8"" fat, all grades, cooked, grilled",28.16,10.32,0.0,213.0,0.0,68.0,4.026
168638,"Beef, short loin, porterhouse steak, separable lean only, trimmed to 0"" fat, all grades, cooked, broiled",26.07,11.18,0.0,212.0,0.0,69.0,3.912
168639,"Beef, short loin, porterhouse steak, separable lean only, trimmed to 0"" fat, choice, cooked, broiled",25.51,12.8,0.0,224.0,0.0,69.0,4.345
169463,"Beef, short loin, porterhouse steak, separable lean only, trimmed to 0"" fat, select, cooked, broiled",26.89,8.81,0.0,194.0,0.0,69.0,3.28
169462,"Beef, short loin, porterhouse steak, separable lean only, trimmed to 1/8"" fat, all grades, raw",22.32,6.6,0.0,155.0,0.0,51.0,2.557
168618,"Beef, short loin, porterhouse steak, separable lean only, trimmed to 1/8"" fat, choice, cooked, grilled",27.65,11.36,0.0,221.0,0.0,67.0,4.407
169443,"Beef, short loin, porterhouse steak, separable lean only, trimmed to 1/8"" fat, choice, raw",22.13,7.39,0.0,161.0,0.0,56.0,2.894
168641,"Beef, short loin, porterhouse steak, separable lean only, trimmed to 1/8"" fat, select, cooked, grilled",28.92,8.76,0.0,203.0,0.0,67.0,3.454
168640,"Beef, short loin, porterhouse steak, separable lean only, trimmed to 1/8"" fat, select, raw",22.61,5.41,0.0,145.0,0.0,43.0,2.051
168643,"Beef, short loin, t-bone steak, bone-in, separable lean only, trimmed to 1/8"" fat, all grades, cooked, grilled",27.86,10.37,0.0,212.0,0.0,67.0,4.219
168642,"Beef, short loin, t-bone steak, bone-in, separable lean only, trimmed to 1/8"" fat, all grades, raw",22.22,6.5,0.0,153.0,0.0,42.0,2.53
168620,"Beef, short loin, t-bone steak, bone-in, separable lean only, trimmed to 1/8"" fat, choice, cooked, grilled",27.48,11.05,0.0,217.0,0.0,68.0,4.6
168619,"Beef, short loin, t-bone steak, bone-in, separable lean only, trimmed to 1/8"" fat, choice, raw",22.1,7.27,0.0,160.0,0.0,35.0,2.782
169467,"Beef, short loin, t-bone steak, bone-in, separable lean only, trimmed to 1/8"" fat, select, cooked, grilled",28.45,9.35,0.0,206.0,0.0,66.0,3.648
168645,"Beef, short loin, t-bone steak, bone-in, separable lean only, trimmed to 1/8"" fat, select, raw",22.41,5.34,0.0,144.0,0.0,57.0,2.152
169465,"Beef, short loin, t-bone steak, separable lean and fat, trimmed to 0"" fat, USDA choice, cooked, broiled",24.05,17.26,0.0,258.0,0.0,67.0,6.449
169466,"Beef, short loin, t-bone steak, separable lean and fat, trimmed to 0"" fat, USDA select, cooked, broiled",24.38,14.0,0.0,230.0,0.0,68.0,5.527
169464,"Beef, short loin, t-bone steak, separable lean and fat, trimmed to 0"" fat, all grades, cooked, broiled",24.18,15.93,0.0,247.0,0.0,67.0,6.074
173351,"Beef, short loin, t-bone steak, separable lean and fat, trimmed to 1/8"" fat, all grades, cooked, grilled",24.6,20.36,0.0,289.0,0.0,62.0,8.356
172118,"Beef, short loin, t-bone steak, separable lean and fat, trimmed to 1/8"" fat, all grades, raw",20.11,15.18,0.0,223.0,0.0,40.0,6.495
169537,"Beef, short loin, t-bone steak, separable lean and fat, trimmed to 1/8"" fat, choice, cooked, grilled",24.21,21.13,0.0,294.0,0.0,63.0,8.722
168717,"Beef, short loin, t-bone steak, separable lean and fat, trimmed to 1/8"" fat, choice, raw",20.0,15.83,0.0,228.0,0.0,35.0,6.684
173353,"Beef, short loin, t-bone steak, separable lean and fat, trimmed to 1/8"" fat, select, cooked, grilled",25.18,19.22,0.0,281.0,0.0,62.0,7.806
173352,"Beef, short loin, t-bone steak, separable lean and fat, trimmed to 1/8"" fat, select, raw",20.28,14.19,0.0,215.0,0.0,52.0,6.211
168644,"Beef, short loin, t-bone steak, separable lean only, trimmed to 0"" fat, choice, cooked, broiled",25.98,9.61,0.0,198.0,0.0,71.0,3.27
169468,"Beef, short loin, t-bone steak, separable lean only, trimmed to 0"" fat, select, cooked, broiled",26.0,7.36,0.0,177.0,0.0,71.0,2.82
171814,"Beef, short loin, top loin steak, separable lean only, trimmed to 1/8"" fat, all grades, raw",22.93,5.15,0.0,138.0,0.0,57.0,1.905
169541,"Beef, short loin, top loin, separable lean and fat, trimmed to 1/8"" fat, prime, cooked, broiled",25.92,22.12,0.0,310.0,0.0,64.0,8.91
169538,"Beef, short loin, top loin, steak, separable lean and fat, trimmed to 1/8"" fat, all grades, raw",20.61,15.49,0.0,228.0,0.0,52.0,6.251
168718,"Beef, short loin, top loin, steak, separable lean and fat, trimmed to 1/8"" fat, choice, cooked, grilled",26.16,18.45,0.0,278.0,0.0,52.0,7.264
168721,"Beef, short loin, top loin, steak, separable lean and fat, trimmed to 1/8"" fat, prime, raw",19.0,22.17,0.0,281.0,0.0,53.0,9.08
171813,"Beef, short loin, top loin, steak, separable lean only, trimmed to 1/8"" fat, all grades, cooked, broiled",29.3,7.09,0.0,189.0,0.0,61.0,2.7
173119,"Beef, short loin, top loin, steak, separable lean only, trimmed to 1/8"" fat, choice, cooked, broiled",29.16,8.45,0.0,201.0,0.0,60.0,3.217
173116,"Beef, short loin, top loin, steak, separable lean only, trimmed to 1/8"" fat, choice, raw",22.78,6.43,0.0,155.0,0.0,58.0,2.378
171805,"Beef, short loin, top loin, steak, separable lean only, trimmed to 1/8"" fat, select, cooked, grilled",29.44,5.73,0.0,177.0,0.0,62.0,2.183
174041,"Beef, short loin, top loin, steak, separable lean only, trimmed to 1/8"" fat, select, raw",23.07,3.88,0.0,133.0,0.0,57.0,1.432
173349,"Beef, shoulder pot roast or steak, boneless, separable lean and fat, trimmed to 0"" fat, all grades, raw",21.39,4.97,0.0,130.0,0.0,72.0,2.033
170818,"Beef, shoulder pot roast or steak, boneless, separable lean and fat, trimmed to 0"" fat, choice, raw",21.17,5.33,0.07,133.0,0.0,74.0,2.124
170819,"Beef, shoulder pot roast or steak, boneless, separable lean and fat, trimmed to 0"" fat, select, raw",21.72,4.44,0.0,127.0,0.0,70.0,1.897
169480,"Beef, shoulder pot roast or steak, boneless, separable lean only, trimmed to 0"" fat, all grades, raw",21.64,4.09,0.0,123.0,0.0,73.0,1.653
169481,"Beef, shoulder pot roast or steak, boneless, separable lean only, trimmed to 0"" fat, choice, raw",21.45,4.35,0.11,125.0,0.0,74.0,1.709
169482,"Beef, shoulder pot roast or steak, boneless, separable lean only, trimmed to 0"" fat, select, raw",21.93,3.7,0.0,121.0,0.0,71.0,1.53
171224,"Beef, shoulder pot roast, boneless, separable lean and fat, trimmed to 0"" fat, all grades, cooked, braised",31.03,8.92,0.0,204.0,0.0,61.0,3.112
171225,"Beef, shoulder pot roast, boneless, separable lean and fat, trimmed to 0"" fat, choice, cooked, braised",30.93,9.25,0.0,207.0,0.0,60.0,3.264
171226,"Beef, shoulder pot roast, boneless, separable lean and fat, trimmed to 0"" fat, select, cooked, braised",31.18,8.41,0.0,200.0,0.0,62.0,2.884
171200,"Beef, shoulder pot roast, boneless, separable lean only, trimmed to 0"" fat, all grades, cooked, braised",31.48,7.78,0.0,196.0,0.0,61.0,2.596
171198,"Beef, shoulder pot roast, boneless, separable lean only, trimmed to 0"" fat, choice, cooked, braised",31.32,8.3,0.0,200.0,0.0,60.0,2.835
171199,"Beef, shoulder pot roast, boneless, separable lean only, trimmed to 0"" fat, select, cooked, braised",31.71,7.02,0.0,190.0,0.0,63.0,2.239
171789,"Beef, shoulder steak, boneless, separable lean and fat, trimmed to 0"" fat, all grades, cooked, grilled",28.29,6.8,0.0,182.0,0.0,67.0,2.911
171785,"Beef, shoulder steak, boneless, separable lean and fat, trimmed to 0"" fat, choice, cooked, grilled",28.22,7.25,0.0,186.0,0.0,67.0,3.09
171786,"Beef, shoulder steak, boneless, separable lean and fat, trimmed to 0"" fat, select, cooked, grilled",28.41,6.14,0.0,177.0,0.0,67.0,2.642
171781,"Beef, shoulder steak, boneless, separable lean only, trimmed to 0"" fat, all grades, cooked, grilled",28.6,5.82,0.0,175.0,0.0,68.0,2.43
168731,"Beef, shoulder steak, boneless, separable lean only, trimmed to 0"" fat, choice, cooked, grilled",28.54,6.25,0.0,178.0,0.0,68.0,2.596
168732,"Beef, shoulder steak, boneless, separable lean only, trimmed to 0"" fat, select, cooked, grilled",28.71,5.17,0.0,169.0,0.0,68.0,2.192
169479,"Beef, shoulder top blade steak, boneless, separable lean and fat, trimmed to 0"" fat, all grades, cooked, grilled",27.59,11.07,0.0,210.0,0.0,85.0,4.528
168693,"Beef, shoulder top blade steak, boneless, separable lean and fat, trimmed to 0"" fat, all grades, raw",20.16,7.25,0.0,146.0,0.0,82.0,3.153
168659,"Beef, shoulder top blade steak, boneless, separable lean and fat, trimmed to 0"" fat, choice, cooked, grilled",27.51,12.26,0.0,220.0,0.0,84.0,4.968
168707,"Beef, shoulder top blade steak, boneless, separable lean and fat, trimmed to 0"" fat, choice, raw",20.07,7.94,0.0,152.0,0.0,81.0,3.462
168692,"Beef, shoulder top blade steak, boneless, separable lean and fat, trimmed to 0"" fat, select, cooked, grilled",27.7,9.29,0.0,194.0,0.0,88.0,3.868
169536,"Beef, shoulder top blade steak, boneless, separable lean and fat, trimmed to 0"" fat, select, raw",20.28,6.21,0.0,137.0,0.0,86.0,2.69
168654,"Beef, shoulder top blade steak, boneless, separable lean only, trimmed to 0"" fat, all grades, cooked, grilled",28.15,9.23,0.0,196.0,0.0,87.0,3.771
169477,"Beef, shoulder top blade steak, boneless, separable lean only, trimmed to 0"" fat, all grades, raw",20.36,6.42,0.0,139.0,0.0,83.0,2.73
169475,"Beef, shoulder top blade steak, boneless, separable lean only, trimmed to 0"" fat, choice, cooked, grilled",28.28,9.83,0.0,202.0,0.0,85.0,3.984
169478,"Beef, shoulder top blade steak, boneless, separable lean only, trimmed to 0"" fat, choice, raw",20.35,6.88,0.0,143.0,0.0,82.0,2.9
169476,"Beef, shoulder top blade steak, boneless, separable lean only, trimmed to 0"" fat, select, cooked, grilled",27.96,8.34,0.0,187.0,0.0,89.0,3.451
168655,"Beef, shoulder top blade steak, boneless, separable lean only, trimmed to 0"" fat, select, raw",20.39,5.73,0.0,133.0,0.0,87.0,2.472
169544,"Beef, tenderloin, roast, separable lean and fat, trimmed to 1/8"" fat, all grades, cooked, roasted",23.9,24.6,0.0,324.0,0.0,57.0,9.72
168723,"Beef, tenderloin, roast, separable lean and fat, trimmed to 1/8"" fat, choice, cooked, roasted",23.9,25.39,0.0,331.0,0.0,65.0,10.02
169549,"Beef, tenderloin, roast, separable lean and fat, trimmed to 1/8"" fat, prime, cooked, roasted",24.04,26.67,0.0,343.0,0.0,55.0,10.63
169546,"Beef, tenderloin, roast, separable lean and fat, trimmed to 1/8"" fat, select, cooked, roasted",23.9,23.7,0.0,316.0,0.0,57.0,9.38
169547,"Beef, tenderloin, separable lean and fat, trimmed to 1/8"" fat, prime, raw",18.15,21.83,0.0,274.0,0.0,49.0,8.96
169543,"Beef, tenderloin, steak, separable lean and fat, trimmed to 1/8"" fat, all grades, cooked, broiled",26.46,17.12,0.0,267.0,0.0,54.0,6.743
169542,"Beef, tenderloin, steak, separable lean and fat, trimmed to 1/8"" fat, all grades, raw",19.61,18.16,0.0,247.0,0.0,50.0,8.41
168722,"Beef, tenderloin, steak, separable lean and fat, trimmed to 1/8"" fat, choice, cooked, broiled",26.43,17.78,0.0,273.0,0.0,52.0,7.001
169545,"Beef, tenderloin, steak, separable lean and fat, trimmed to 1/8"" fat, choice, raw",19.82,17.88,0.0,246.0,0.0,50.0,7.214
169548,"Beef, tenderloin, steak, separable lean and fat, trimmed to 1/8"" fat, prime, cooked, broiled",25.26,22.21,0.0,308.0,0.0,59.0,8.85
168725,"Beef, tenderloin, steak, separable lean and fat, trimmed to 1/8"" fat, select, cooked, broiled",26.48,16.53,0.0,262.0,0.0,57.0,6.511
168724,"Beef, tenderloin, steak, separable lean and fat, trimmed to 1/8"" fat, select, raw",19.37,18.46,0.0,249.0,0.0,50.0,7.451
171811,"Beef, tenderloin, steak, separable lean only, trimmed to 1/8"" fat, all grades, cooked, broiled",29.04,8.39,0.0,200.0,0.0,60.0,3.195
171812,"Beef, tenderloin, steak, separable lean only, trimmed to 1/8"" fat, all grades, raw",22.12,6.52,0.0,153.0,0.0,56.0,2.412
173117,"Beef, tenderloin, steak, separable lean only, trimmed to 1/8"" fat, choice, cooked, broiled",29.01,9.1,0.0,206.0,0.0,59.0,3.465
174762,"Beef, tenderloin, steak, separable lean only, trimmed to 1/8"" fat, choice, raw",22.17,7.07,0.0,158.0,0.0,57.0,2.612
174043,"Beef, tenderloin, steak, separable lean only, trimmed to 1/8"" fat, select, cooked, broiled",29.07,7.76,0.0,194.0,0.0,62.0,2.953
171803,"Beef, tenderloin, steak, separable lean only, trimmed to 1/8"" fat, select, raw",22.06,5.93,0.0,148.0,0.0,55.0,2.191
173063,"Beef, top loin filet, boneless, separable lean and fat, trimmed to 1/8"" fat, all grades, cooked, grilled",27.4,14.1,0.6,239.0,0.0,93.0,4.817
173064,"Beef, top loin filet, boneless, separable lean and fat, trimmed to 1/8"" fat, choice, cooked, grilled",26.8,15.9,0.6,253.0,0.0,91.0,5.454
173065,"Beef, top loin filet, boneless, separable lean and fat, trimmed to 1/8"" fat, select, cooked, grilled",28.3,11.6,0.4,219.0,0.0,86.0,3.862
174688,"Beef, top loin filet, boneless, separable lean only, trimmed to 1/8"" fat, all grades, cooked, grilled",29.33,8.54,0.3,195.0,0.0,63.0,2.987
174689,"Beef, top loin filet, boneless, separable lean only, trimmed to 1/8"" fat, choice, cooked, grilled",28.99,9.48,0.36,203.0,0.0,62.0,3.361
174690,"Beef, top loin filet, boneless, separable lean only, trimmed to 1/8"" fat, select, cooked, grilled",29.85,7.12,0.2,184.0,0.0,65.0,2.425
174708,"Beef, top loin petite roast, boneless, separable lean and fat, trimmed to 1/8"" fat, all grades, cooked, roasted",27.0,12.9,1.0,228.0,0.0,93.0,4.361
174709,"Beef, top loin petite roast, boneless, separable lean and fat, trimmed to 1/8"" fat, choice, cooked, roasted",26.8,14.1,1.1,239.0,0.0,92.0,4.824
174710,"Beef, top loin petite roast, boneless, separable lean and fat, trimmed to 1/8"" fat, select, cooked, roasted",27.1,11.2,0.9,213.0,0.0,84.0,3.666
173046,"Beef, top loin petite roast, boneless, separable lean only, trimmed to 1/8"" fat, all grades, cooked, roasted",28.33,8.76,0.82,195.0,0.0,62.0,3.014
173047,"Beef, top loin petite roast, boneless, separable lean only, trimmed to 1/8"" fat, choice, cooked, roasted",28.24,9.97,0.88,206.0,0.0,62.0,3.498
173048,"Beef, top loin petite roast, boneless, separable lean only, trimmed to 1/8"" fat, select, cooked, roasted",28.48,6.95,0.74,179.0,0.0,64.0,2.29
174711,"Beef, top loin petite roast/filet, boneless, separable lean and fat, trimmed to 1/8"" fat, all grades, raw",21.1,11.3,0.3,187.0,0.0,89.0,3.547
173066,"Beef, top loin petite roast/filet, boneless, separable lean and fat, trimmed to 1/8"" fat, choice, raw",20.8,12.6,0.6,199.0,0.0,89.0,4.043
173067,"Beef, top loin petite roast/filet, boneless, separable lean and fat, trimmed to 1/8"" fat, select, raw",21.6,9.3,0.0,170.0,0.0,85.0,2.803
173049,"Beef, top loin petite roast/filet, boneless, separable lean only, trimmed to 1/8"" fat, all grades, raw",22.61,5.84,0.0,143.0,0.0,60.0,2.1
174691,"Beef, top loin petite roast/filet, boneless, separable lean only, trimmed to 1/8"" fat, choice, raw",22.5,6.48,0.23,149.0,0.0,66.0,2.419
174692,"Beef, top loin petite roast/filet, boneless, separable lean only, trimmed to 1/8"" fat, select, raw",22.77,4.88,0.0,135.0,0.0,57.0,1.621
169457,"Beef, top sirloin, steak, separable lean and fat, trimmed to 0"" fat, all grades, cooked, broiled",29.33,9.67,0.0,212.0,0.0,61.0,3.754
169458,"Beef, top sirloin, steak, separable lean and fat, trimmed to 0"" fat, choice, cooked, broiled",29.02,10.54,0.0,219.0,0.0,58.0,4.09
168633,"Beef, top sirloin, steak, separable lean and fat, trimmed to 0"" fat, select, cooked, broiled",29.65,8.8,0.0,206.0,0.0,63.0,3.417
168727,"Beef, top sirloin, steak, separable lean and fat, trimmed to 1/8"" fat, all grades, cooked, broiled",26.96,14.23,0.0,243.0,0.0,56.0,5.603
168726,"Beef, top sirloin, steak, separable lean and fat, trimmed to 1/8"" fat, all grades, raw",20.3,12.71,0.0,201.0,0.0,52.0,5.127
168729,"Beef, top sirloin, steak, separable lean and fat, trimmed to 1/8"" fat, choice, cooked, broiled",26.8,15.75,0.0,257.0,0.0,54.0,6.202
169550,"Beef, top sirloin, steak, separable lean and fat, trimmed to 1/8"" fat, choice, cooked, pan-fried",28.77,21.06,0.0,313.0,0.0,71.0,8.18
168728,"Beef, top sirloin, steak, separable lean and fat, trimmed to 1/8"" fat, choice, raw",19.92,14.28,0.0,214.0,0.0,51.0,5.763
169552,"Beef, top sirloin, steak, separable lean and fat, trimmed to 1/8"" fat, select, cooked, broiled",27.12,12.71,0.0,230.0,0.0,57.0,5.004
169551,"Beef, top sirloin, steak, separable lean and fat, trimmed to 1/8"" fat, select, raw",20.68,11.13,0.0,189.0,0.0,53.0,4.491
168634,"Beef, top sirloin, steak, separable lean only, trimmed to 0"" fat, all grades, cooked, broiled",30.55,5.79,0.0,183.0,0.0,64.0,2.205
168635,"Beef, top sirloin, steak, separable lean only, trimmed to 0"" fat, choice, cooked, broiled",30.29,6.55,0.0,188.0,0.0,63.0,2.495
168636,"Beef, top sirloin, steak, separable lean only, trimmed to 0"" fat, select, cooked, broiled",30.8,5.03,0.0,177.0,0.0,66.0,1.915
174054,"Beef, top sirloin, steak, separable lean only, trimmed to 1/8"" fat, all grades, cooked, broiled",29.42,5.84,0.0,178.0,0.0,61.0,2.224
174055,"Beef, top sirloin, steak, separable lean only, trimmed to 1/8"" fat, all grades, raw",22.09,4.08,0.0,131.0,0.0,56.0,1.508
173118,"Beef, top sirloin, steak, separable lean only, trimmed to 1/8"" fat, choice, cooked, broiled",29.51,6.72,0.0,187.0,0.0,61.0,2.56
174763,"Beef, top sirloin, steak, separable lean only, trimmed to 1/8"" fat, choice, raw",21.91,4.62,0.0,135.0,0.0,57.0,1.709
174044,"Beef, top sirloin, steak, separable lean only, trimmed to 1/8"" fat, select, cooked, broiled",29.34,4.96,0.0,170.0,0.0,62.0,1.889
171804,"Beef, top sirloin, steak, separable lean only, trimmed to 1/8"" fat, select, raw",22.27,3.54,0.0,127.0,0.0,56.0,1.307
168623,"Beef, variety meats and by-products, brain, cooked, pan-fried",12.57,15.83,0.0,196.0,0.0,158.0,3.74
168624,"Beef, variety meats and by-products, brain, cooked, simmered",11.67,10.53,1.48,151.0,0.0,108.0,2.394
168622,"Beef, variety meats and by-products, brain, raw",10.86,10.3,1.05,143.0,0.0,126.0,2.3
169448,"Beef, variety meats and by-products, heart, cooked, simmered",28.48,4.73,0.15,165.0,0.0,59.0,1.404
168625,"Beef, variety meats and by-products, heart, raw",17.72,3.94,0.14,112.0,0.0,98.0,1.383
169450,"Beef, variety meats and by-products, kidneys, cooked, simmered",27.27,4.65,0.0,158.0,0.0,94.0,1.439
169449,"Beef, variety meats and by-products, kidneys, raw",17.4,3.09,0.29,99.0,0.0,182.0,0.868
168626,"Beef, variety meats and by-products, liver, cooked, braised",29.08,5.26,5.13,191.0,0.0,79.0,2.947
168627,"Beef, variety meats and by-products, liver, cooked, pan-fried",26.52,4.68,5.16,175.0,0.0,77.0,2.53
169451,"Beef, variety meats and by-products, liver, raw",20.36,3.63,3.89,135.0,0.0,69.0,1.233
168629,"Beef, variety meats and by-products, lungs, cooked, braised",20.4,3.7,0.0,120.0,0.0,101.0,1.27
168628,"Beef, variety meats and by-products, lungs, raw",16.2,2.5,0.0,92.0,0.0,198.0,0.86
168630,"Beef, variety meats and by-products, mechanically separated beef, raw",14.97,23.52,0.0,276.0,0.0,57.0,11.78
169453,"Beef, variety meats and by-products, pancreas, cooked, braised",27.1,17.2,0.0,271.0,0.0,60.0,5.9
169452,"Beef, variety meats and by-products, pancreas, raw",15.7,18.6,0.0,235.0,0.0,67.0,6.41
170597,"Beef, variety meats and by-products, spleen, cooked, braised",25.1,4.2,0.0,145.0,0.0,57.0,1.39
169454,"Beef, variety meats and by-products, spleen, raw",18.3,3.0,0.0,105.0,0.0,85.0,1.0
170193,"Beef, variety meats and by-products, suet, raw",1.5,94.0,0.0,854.0,0.0,7.0,52.3
170195,"Beef, variety meats and by-products, thymus, cooked, braised",21.85,24.98,0.0,319.0,0.0,116.0,8.61
170194,"Beef, variety meats and by-products, thymus, raw",12.18,20.35,0.0,236.0,0.0,96.0,7.01
170598,"Beef, variety meats and by-products, tongue, cooked, simmered",19.29,22.3,0.0,284.0,0.0,65.0,8.125
170196,"Beef, variety meats and by-products, tongue, raw",14.9,16.09,3.68,224.0,0.0,69.0,7.0
174769,"Beef, variety meats and by-products, tripe, cooked, simmered",11.71,4.05,1.99,94.0,0.0,68.0,1.357
170599,"Beef, variety meats and by-products, tripe, raw",12.07,3.69,0.0,85.0,0.0,97.0,1.291
171616,"Beerwurst, beer salami, pork",14.24,18.8,2.06,238.0,0.0,1240.0,6.28
172011,"Beerwurst, beer salami, pork and beef",14.0,22.53,3.76,277.0,0.9,881.0,8.438
172961,"Beerwurst, pork and beef",14.0,22.53,4.27,276.0,0.9,732.0,8.438
168508,"Beet greens, cooked, boiled, drained, with salt",2.57,0.2,5.46,27.0,2.9,477.0,0.031
170376,"Beet greens, cooked, boiled, drained, without salt",2.57,0.2,5.46,27.0,2.9,241.0,0.031
170375,"Beet greens, raw",2.2,0.13,4.33,22.0,3.7,226.0,0.02
169966,"Beets, canned, drained solids",0.91,0.14,7.21,31.0,1.8,194.0,0.022
168507,"Beets, canned, no salt added, solids and liquids",0.8,0.07,6.57,28.0,1.2,21.0,0.011
169147,"Beets, canned, regular pack, solids and liquids",0.73,0.09,7.14,30.0,1.2,143.0,0.011
169146,"Beets, cooked, boiled, drained",1.68,0.18,9.96,44.0,2.0,77.0,0.028
168506,"Beets, cooked, boiled. drained, with salt",1.68,0.18,9.96,44.0,2.0,285.0,0.028
170479,"Beets, harvard, canned, solids and liquids",0.84,0.06,18.18,73.0,2.5,162.0,0.009
170480,"Beets, pickled, canned, solids and liquids",0.8,0.08,16.28,65.0,0.8,149.0,0.013
169145,"Beets, raw",1.61,0.17,9.56,43.0,2.8,78.0,0.027
169073,"Beverage, instant breakfast powder, chocolate, not reconstituted",19.9,1.4,66.2,353.0,0.4,385.0,0.56
169897,"Beverage, instant breakfast powder, chocolate, sugar-free, not reconstituted",35.8,5.1,41.0,358.0,2.0,717.0,2.162
174108,"Beverages,  Energy drink, Citrus",0.0,0.0,11.27,45.0,0.0,10.0,0.0
174813,"Beverages, ABBOTT, EAS soy protein powder",47.62,3.57,43.94,405.0,0.0,452.0,0.0
173167,"Beverages, ABBOTT, EAS whey protein powder",66.67,5.13,17.95,385.0,0.0,385.0,2.564
167727,"Beverages, ABBOTT, ENSURE PLUS, ready-to-drink",5.16,4.52,19.88,141.0,0.0,95.0,0.574
174823,"Beverages, ABBOTT, ENSURE, Nutritional Shake, Ready-to-Drink",3.8,2.53,16.88,105.0,0.0,84.0,0.422
174146,"Beverages, AMBER, hard cider",0.0,0.0,5.92,56.0,0.0,4.0,0.0
175110,"Beverages, ARIZONA, tea, ready-to-drink, lemon",0.0,0.0,9.77,39.0,0.0,4.0,0.0
173175,"Beverages, Acai berry drink, fortified",0.83,0.83,12.83,62.0,1.2,13.0,0.0
174112,"Beverages, Apple juice drink, light, fortified with vitamin C",0.0,0.1,5.1,22.0,0.0,13.0,0.0
175108,"Beverages, COCA-COLA, POWERADE, lemon-lime flavored, ready-to-drink",0.0,0.05,7.84,32.0,0.0,42.0,0.008
174814,"Beverages, CYTOSPORT, Muscle Milk, ready-to-drink",5.87,2.17,2.28,52.0,0.2,95.0,0.362
174114,"Beverages, Carob-flavor beverage mix, powder",1.8,0.2,93.3,372.0,8.0,103.0,0.03
174115,"Beverages, Carob-flavor beverage mix, powder, prepared with whole milk",3.16,3.11,8.68,75.0,0.4,46.0,1.779
167711,"Beverages, Chocolate-flavored drink, whey and milk based",0.64,0.4,10.68,49.0,0.6,91.0,0.31
171882,"Beverages, Clam and tomato juice, canned",0.6,0.2,10.95,48.0,0.4,362.0,0.0
167739,"Beverages, Cocktail mix, non-alcoholic, concentrated, frozen",0.08,0.01,71.6,287.0,0.0,0.0,0.003
174124,"Beverages, Cocoa mix, NESTLE, Hot Cocoa Mix Rich Chocolate With Marshmallows",2.8,15.0,75.0,400.0,3.7,800.0,15.0
175114,"Beverages, Cocoa mix, low calorie, powder, with added calcium, phosphorus, aspartame, without added sodium or vitamin A",25.1,3.0,58.0,359.0,1.1,653.0,1.777
171886,"Beverages, Cocoa mix, no sugar added, powder",15.49,3.0,71.93,377.0,7.5,876.0,1.777
174122,"Beverages, Cocoa mix, powder",6.67,4.0,83.73,398.0,3.7,504.0,2.377
174123,"Beverages, Cocoa mix, powder, prepared with water",0.92,0.55,11.54,55.0,0.5,73.0,0.328
174831,"Beverages, Coconut water, ready-to-drink, unsweetened",0.22,0.0,4.24,18.0,0.0,26.0,0.0
173214,"Beverages, Cranberry juice cocktail",0.0,0.34,12.25,52.0,,2.0,
173658,"Beverages, DANNON, water, bottled, non-carbonated, with Fluoride",0.0,0.0,0.03,0.0,,1.0,
173649,"Beverages, Dairy drink mix, chocolate, reduced calorie, with low-calorie sweeteners, powder",25.0,2.6,51.4,329.0,9.4,659.0,1.871
171905,"Beverages, Eggnog-flavor mix, powder, prepared with whole milk",2.93,3.02,14.2,95.0,0.0,55.0,1.701
174821,"Beverages, Energy Drink with carbonated water and high fructose corn syrup",0.42,0.0,15.0,62.0,0.0,48.0,0.0
171935,"Beverages, Energy Drink, Monster, fortified with vitamins C, B2, B3, B6, B12",0.47,0.0,11.28,47.0,0.0,77.0,0.0
174822,"Beverages, Energy Drink, sugar free",0.42,0.0,0.42,4.0,0.0,42.0,0.0
174171,"Beverages, Energy drink, AMP",0.25,0.08,12.08,46.0,0.0,27.0,0.0
171936,"Beverages, Energy drink, AMP, sugar free",0.0,0.0,1.03,2.0,0.0,31.0,0.0
174172,"Beverages, Energy drink, FULL THROTTLE",0.25,0.08,12.08,46.0,0.0,35.0,0.0
173210,"Beverages, Energy drink, RED BULL",0.46,0.0,10.23,43.0,0.0,39.0,0.0
171870,"Beverages, Energy drink, RED BULL, sugar free, with added caffeine, niacin, pantothenic acid, vitamins B6 and B12",0.25,0.08,0.7,5.0,0.0,83.0,0.0
171937,"Beverages, Energy drink, ROCKSTAR",0.34,0.22,12.7,58.0,0.0,16.0,0.0
171938,"Beverages, Energy drink, ROCKSTAR, sugar free",0.25,0.08,0.7,4.0,0.0,52.0,0.0
174177,"Beverages, Energy drink, VAULT Zero, sugar-free, citrus flavor",0.25,0.08,0.7,1.0,0.0,14.0,0.0
171943,"Beverages, Energy drink, VAULT, citrus flavor",0.0,0.0,12.99,49.0,0.0,12.0,0.0
173173,"Beverages, FUZE, orange mango, fortified with vitamins A, C, E, B6",0.68,0.06,9.2,38.0,0.2,10.0,0.007
174180,"Beverages, Fruit flavored drink containing less than 3% fruit juice, with high vitamin C",0.0,0.0,6.67,27.0,0.0,36.0,0.0
174179,"Beverages, Fruit flavored drink, less than 3% juice, not fortified with vitamin C",0.0,0.0,16.03,64.0,0.0,36.0,0.0
171944,"Beverages, Fruit flavored drink, reduced sugar, greater than 3% fruit juice, high vitamin C, added calcium",0.0,0.37,6.67,29.0,0.0,25.0,0.0
174152,"Beverages, Fruit punch drink, frozen concentrate",0.2,0.0,41.4,162.0,0.4,8.0,0.003
174153,"Beverages, Fruit punch drink, frozen concentrate, prepared with water",0.06,0.0,11.66,46.0,0.1,5.0,0.001
174151,"Beverages, Fruit punch drink, with added nutrients, canned",0.0,0.0,11.94,47.0,0.2,38.0,0.0
173183,"Beverages, GEROLSTEINER BRUNNEN GmbH & Co. KG (Gerolsteiner), naturally sparkling, mineral bottled water",0.0,0.0,0.0,0.0,0.0,13.0,0.0
174827,"Beverages, GEROLSTEINER BRUNNEN GmbH & Co. KG,Gerolsteiner naturally sparkling mineral water,",0.0,0.0,0.0,0.0,0.0,13.0,0.0
171941,"Beverages, Horchata, as served in restaurant",0.48,0.71,11.52,54.0,0.0,14.0,
171898,"Beverages, KRAFT, coffee, instant, French Vanilla Cafe",2.5,19.2,74.6,481.0,1.4,399.0,4.6
174111,"Beverages, Kiwi Strawberry Juice Drink",0.0,0.0,12.26,47.0,0.0,11.0,0.0
175111,"Beverages, LIPTON BRISK, tea, black, ready-to-drink, lemon",0.0,0.0,8.81,35.0,0.0,21.0,0.0
171878,"Beverages, Lemonade fruit juice drink light, fortified with vitamin E and C",0.0,0.0,5.0,21.0,0.0,5.0,0.0
174858,"Beverages, Lemonade, powder",0.0,1.05,97.57,376.0,0.4,51.0,0.151
173189,"Beverages, MINUTE MAID, Lemonada, Limeade",0.0,0.0,13.75,50.0,0.0,6.0,0.0
173162,"Beverages, MONSTER energy drink, low carb",0.0,0.0,1.38,5.0,0.0,75.0,0.0
174857,"Beverages, MOTTS, Apple juice light, fortified with vitamin C",0.0,0.1,5.1,22.0,0.0,13.0,0.0
171907,"Beverages, Malt liquor beverage",0.35,0.0,0.0,40.0,0.0,3.0,0.0
174867,"Beverages, Malted drink mix, chocolate, powder, prepared with whole milk",3.37,3.29,11.2,85.0,0.5,60.0,1.883
174865,"Beverages, Malted drink mix, chocolate, with added nutrients, powder, prepared with whole milk",3.29,3.26,11.19,87.0,0.4,87.0,1.873
173220,"Beverages, Malted drink mix, natural, powder, dairy based.",14.29,9.52,71.21,428.0,0.1,405.0,4.762
173221,"Beverages, Malted drink mix, natural, powder, prepared with whole milk",3.86,3.62,10.23,88.0,0.1,79.0,2.039
173219,"Beverages, Malted drink mix, natural, with added nutrients, powder, prepared with whole milk",3.67,3.21,10.67,86.0,0.0,72.0,1.83
171939,"Beverages, Meal supplement drink, canned, peanut flavor",3.5,3.07,14.74,101.0,,54.0,0.571
173197,"Beverages, Mixed vegetable and fruit juice drink, with added nutrients",0.04,0.01,7.47,29.0,0.0,21.0,0.0
174847,"Beverages, NESTEA, tea, black, ready-to-drink, lemon",0.0,0.0,9.09,36.0,0.0,21.0,
173169,"Beverages, NESTLE, Boost plus, nutritional drink, ready-to-drink",5.38,5.38,17.29,138.0,1.2,77.0,0.42
174147,"Beverages, OCEAN SPRAY, Cran Cherry",0.19,0.0,12.76,46.0,0.6,7.0,0.001
174132,"Beverages, OCEAN SPRAY, Cran Grape",0.21,0.0,13.16,54.0,0.6,19.0,0.001
171900,"Beverages, OCEAN SPRAY, Cran Lemonade",0.07,0.0,11.12,45.0,0.6,52.0,0.001
171909,"Beverages, OCEAN SPRAY, Cran Pomegranate",0.07,0.01,12.56,47.0,0.6,12.0,0.001
171899,"Beverages, OCEAN SPRAY, Cran Raspberry Juice Drink",0.28,0.0,11.96,49.0,0.6,14.0,0.001
174816,"Beverages, OCEAN SPRAY, Cran-Energy, Cranberry Energy Juice Drink",0.0,0.0,3.75,15.0,0.0,21.0,0.0
171895,"Beverages, OCEAN SPRAY, Cranberry-Apple Juice Drink, bottled",0.29,0.0,13.68,56.0,0.6,19.0,0.001
171901,"Beverages, OCEAN SPRAY, Diet Cran Cherry",0.21,0.0,0.7,4.0,0.6,8.0,0.001
171896,"Beverages, OCEAN SPRAY, Diet Cranberry Juice",0.07,0.0,0.8,4.0,0.6,7.0,0.001
174148,"Beverages, OCEAN SPRAY, Light Cranberry",0.22,0.01,4.72,19.0,0.7,15.0,0.004
174136,"Beverages, OCEAN SPRAY, Light Cranberry and Raspberry Flavored Juice",0.73,0.0,5.77,26.0,0.7,2.0,0.001
174150,"Beverages, OCEAN SPRAY, Light Cranberry, Concord Grape",0.36,0.02,5.78,23.0,0.7,8.0,0.006
174856,"Beverages, OCEAN SPRAY, Ruby Red cranberry",0.07,0.01,11.58,45.0,0.6,11.0,0.003
174149,"Beverages, OCEAN SPRAY, White Cranberry Peach",0.13,0.01,11.88,45.0,0.6,11.0,0.002
174137,"Beverages, OCEAN SPRAY, White Cranberry Strawberry Flavored Juice Drink",0.22,0.01,11.98,49.0,0.6,3.0,0.001
174864,"Beverages, OVALTINE, Classic Malt powder",0.0,0.0,93.33,372.0,0.0,636.0,0.0
173222,"Beverages, OVALTINE, chocolate malt powder",0.0,0.0,92.96,372.0,0.0,530.0,0.0
175100,"Beverages, Orange drink, breakfast type, with juice and pulp, frozen concentrate",0.4,0.0,39.0,153.0,0.1,26.0,0.002
175101,"Beverages, Orange drink, breakfast type, with juice and pulp, frozen concentrate, prepared with water",0.12,0.0,11.32,45.0,0.0,10.0,0.001
169044,"Beverages, Orange juice drink",0.2,0.0,13.41,54.0,0.2,2.0,0.0
173178,"Beverages, Orange juice, light, No pulp",0.21,0.0,5.42,21.0,0.0,4.0,0.0
173237,"Beverages, Orange-flavor drink, breakfast type, low calorie, powder",3.6,0.0,85.9,217.0,3.8,81.0,0.0
173652,"Beverages, Orange-flavor drink, breakfast type, with pulp, frozen concentrate, prepared with water",0.03,0.14,12.21,49.0,0.0,10.0,0.022
173651,"Beverages, Orange-flavor drink, breakfast type, with pulp, frozen concentrate.",0.1,0.5,42.9,172.0,0.2,24.0,0.078
174178,"Beverages, PEPSICO QUAKER, Gatorade G2, low calorie",0.05,0.01,1.94,8.0,0.0,45.0,0.0
173660,"Beverages, PEPSICO QUAKER, Gatorade, G performance O 2, ready-to-drink.",0.0,0.0,6.43,26.0,0.0,39.0,0.0
174113,"Beverages, POWERADE, Zero, Mixed Berry",0.0,0.0,0.14,0.0,0.0,42.0,0.0
171923,"Beverages, Powerade Zero Ion4, calorie-free, assorted flavors",0.0,0.0,0.0,0.0,0.0,42.0,0.0
175109,"Beverages, Propel Zero, fruit-flavored, non-carbonated",0.0,0.0,1.14,5.0,0.0,33.0,0.0
173181,"Beverages, Protein powder soy based",55.56,5.56,28.89,388.0,6.7,733.0,1.111
173180,"Beverages, Protein powder whey based",78.13,1.56,6.25,352.0,3.1,156.0,0.781
173170,"Beverages, SLIMFAST, Meal replacement,  High Protein Shake, Ready-To-Drink, 3-2-1 plan",6.59,3.38,0.85,61.0,0.4,72.0,0.508
173218,"Beverages, SNAPPLE, tea, black and green, ready to drink, lemon, diet",0.1,0.0,0.1,2.0,0.0,3.0,0.0
173215,"Beverages, SNAPPLE, tea, black and green, ready to drink, peach, diet",0.1,0.0,0.1,2.0,0.0,3.0,0.0
174870,"Beverages, Strawberry-flavor beverage mix, powder, prepared with whole milk",3.0,3.1,12.3,88.0,0.0,48.0,1.91
174809,"Beverages, THE COCA-COLA COMPANY, NOS Zero, energy drink, sugar-free with guarana, fortified with vitamins B6 and B12",0.0,0.0,1.03,4.0,0.0,85.0,0.0
173165,"Beverages, THE COCA-COLA COMPANY, NOS energy drink, Original, grape, loaded cherry, charged citrus, fortified with vitamins B6 and B12",0.0,0.0,11.25,44.0,0.0,85.0,0.0
175104,"Beverages, The COCA-COLA company, DASANI, water, bottled, non-carbonated",0.0,0.0,0.0,0.0,,0.0,
173188,"Beverages, The COCA-COLA company, Glaceau Vitamin Water, Revive Fruit Punch, fortified",0.0,0.0,0.0,0.0,0.0,0.0,0.0
173179,"Beverages, The COCA-COLA company, Hi-C Flashin' Fruit Punch",0.0,0.0,12.5,45.0,0.0,8.0,0.0
171884,"Beverages, The COCA-COLA company, Minute Maid, Lemonade",0.0,0.0,12.08,46.0,0.0,6.0,0.0
171915,"Beverages, Tropical Punch, ready-to-drink",0.0,0.0,2.5,10.0,0.0,13.0,0.0
173174,"Beverages, UNILEVER, SLIMFAST Shake Mix, high protein, whey powder, 3-2-1 Plan,",27.87,13.46,50.0,433.0,18.2,495.0,1.333
173172,"Beverages, UNILEVER, SLIMFAST Shake Mix, powder, 3-2-1 Plan",8.13,13.34,73.92,448.0,18.1,472.0,1.45
173171,"Beverages, UNILEVER, SLIMFAST, meal replacement, regular, ready-to-drink,  3-2-1 Plan",3.32,1.93,7.74,57.0,1.6,68.0,0.54
171928,"Beverages, V8 SPLASH Juice Drinks, Berry Blend",0.0,0.0,7.41,29.0,,21.0,
174162,"Beverages, V8 SPLASH Juice Drinks, Diet Berry Blend",0.0,0.0,1.23,4.0,,14.0,
174163,"Beverages, V8 SPLASH Juice Drinks, Diet Fruit Medley",0.0,0.0,1.26,4.0,,13.0,
174164,"Beverages, V8 SPLASH Juice Drinks, Diet Strawberry Kiwi",0.0,0.0,1.26,4.0,,13.0,
171927,"Beverages, V8 SPLASH Juice Drinks, Diet Tropical Blend",0.0,0.0,1.26,4.0,,15.0,
171929,"Beverages, V8 SPLASH Juice Drinks, Fruit Medley",0.0,0.0,7.82,33.0,,21.0,
171930,"Beverages, V8 SPLASH Juice Drinks, Guava Passion Fruit",0.0,0.0,7.82,33.0,,14.0,
174165,"Beverages, V8 SPLASH Juice Drinks, Mango Peach",0.0,0.0,8.23,33.0,,16.0,
174166,"Beverages, V8 SPLASH Juice Drinks, Orange Pineapple",0.0,0.0,7.41,29.0,,21.0,
174167,"Beverages, V8 SPLASH Juice Drinks, Orchard Blend",0.0,0.0,7.82,33.0,,21.0,
174168,"Beverages, V8 SPLASH Juice Drinks, Strawberry Banana",0.0,0.0,7.41,29.0,,21.0,
171931,"Beverages, V8 SPLASH Juice Drinks, Strawberry Kiwi",0.0,0.0,7.41,29.0,,21.0,
171932,"Beverages, V8 SPLASH Juice Drinks, Tropical Blend",0.0,0.0,7.41,29.0,,21.0,
173186,"Beverages, V8 SPLASH Smoothies, Peach Mango",1.22,0.0,7.76,37.0,0.0,29.0,0.0
174829,"Beverages, V8 SPLASH Smoothies, Strawberry Banana",1.22,0.0,8.16,37.0,0.0,29.0,0.0
174830,"Beverages, V8 SPLASH Smoothies, Tropical Colada",1.22,0.0,8.54,41.0,0.4,20.0,0.0
174170,"Beverages, V8 V- FUSION Juices, Acai Berry",0.0,0.0,10.98,45.0,0.0,28.0,0.0
171933,"Beverages, V8 V-FUSION Juices, Peach Mango",0.41,0.0,11.38,49.0,0.0,28.0,
171934,"Beverages, V8 V-FUSION Juices, Strawberry Banana",0.41,0.0,11.79,49.0,0.0,28.0,
174169,"Beverages, V8 V-FUSION Juices, Tropical",0.41,0.0,11.38,49.0,0.0,33.0,
174173,"Beverages, Vegetable and fruit juice drink, reduced calorie, with low-calorie sweetener, added vitamin C",0.0,0.0,1.1,4.0,0.0,14.0,0.0
171924,"Beverages, WENDY'S, tea, ready-to-drink, unsweetened",0.22,0.0,0.0,1.0,,3.0,0.0
174161,"Beverages, Water with added vitamins and minerals, bottles, sweetened, assorted fruit flavors",0.0,0.0,5.49,22.0,0.0,0.0,0.0
173177,"Beverages, Whey protein powder isolate",58.14,1.16,29.07,359.0,0.0,372.0,0.581
174811,"Beverages, Whiskey sour mix, bottled",0.1,0.1,21.4,87.0,0.0,102.0,0.008
173163,"Beverages, Whiskey sour mix, powder",0.6,0.1,97.3,383.0,0.0,274.0,0.019
174157,"Beverages, Wine, non-alcoholic",0.5,0.0,1.1,6.0,0.0,7.0,0.0
174825,"Beverages, ZEVIA, cola",0.0,0.0,1.13,0.0,0.0,6.0,0.0
174826,"Beverages, ZEVIA, cola, caffeine free",0.0,0.0,1.13,0.0,0.0,6.0,0.0
174820,"Beverages, almond milk, chocolate, ready-to-drink",0.63,1.25,9.38,50.0,0.4,71.0,0.0
168751,"Beverages, almond milk, sweetened, vanilla flavor, ready-to-drink",0.42,1.04,6.59,38.0,0.4,63.0,0.0
174832,"Beverages, almond milk, unsweetened, shelf stable",0.4,0.96,1.31,15.0,0.2,72.0,0.08
174131,"Beverages, aloe vera juice drink, fortified with Vitamin C",0.0,0.0,3.75,15.0,0.0,8.0,0.0
173206,"Beverages, carbonated, SPRITE, lemon-lime, without caffeine",0.05,0.02,10.14,40.0,0.0,9.0,0.0
174842,"Beverages, carbonated, club soda",0.0,0.0,0.0,0.0,0.0,21.0,0.0
175093,"Beverages, carbonated, cola, fast-food cola",0.07,0.02,9.56,37.0,0.0,4.0,0.0
174852,"Beverages, carbonated, cola, regular",0.0,0.25,10.36,42.0,0.0,3.0,0.0
174851,"Beverages, carbonated, cola, without caffeine",0.0,0.0,10.58,41.0,0.0,4.0,0.0
174846,"Beverages, carbonated, ginger ale",0.0,0.0,8.76,34.0,0.0,7.0,0.0
173203,"Beverages, carbonated, grape soda",0.0,0.0,11.2,43.0,0.0,15.0,0.0
173205,"Beverages, carbonated, lemon-lime soda, no caffeine",0.09,0.0,10.42,41.0,0.0,10.0,0.0
171875,"Beverages, carbonated, limeade, high caffeine",0.0,0.11,4.11,17.0,0.0,40.0,0.0
175099,"Beverages, carbonated, low calorie, cola or pepper-type, with aspartame, contains caffeine",0.11,0.03,0.29,2.0,0.0,8.0,0.0
174850,"Beverages, carbonated, low calorie, cola or pepper-type, with aspartame, without caffeine",0.12,0.0,0.12,1.0,0.0,4.0,0.0
171876,"Beverages, carbonated, low calorie, cola or pepper-types, with sodium saccharin, contains caffeine",0.0,0.0,0.1,0.0,0.0,16.0,0.0
173204,"Beverages, carbonated, low calorie, other than cola or pepper,  without caffeine",0.1,0.0,0.0,0.0,0.0,6.0,0.0
173207,"Beverages, carbonated, low calorie, other than cola or pepper, with aspartame, contains caffeine",0.1,0.0,0.0,0.0,0.0,6.0,0.0
174854,"Beverages, carbonated, orange",0.0,0.0,12.3,48.0,0.0,12.0,0.0
173209,"Beverages, carbonated, pepper-type, contains caffeine",0.0,0.1,10.4,41.0,0.0,10.0,0.07
174853,"Beverages, carbonated, reduced sugar, cola, contains caffeine and sweeteners",0.0,0.0,5.16,20.0,0.0,4.0,0.0
171871,"Beverages, carbonated, root beer",0.0,0.0,10.6,41.0,0.0,13.0,0.0
171869,"Beverages, carbonated, tonic water",0.0,0.0,8.8,34.0,0.0,12.0,0.0
173187,"Beverages, chocolate almond milk, unsweetened, shelf-stable, fortified with vitamin D2 and E",0.83,1.46,1.25,21.0,0.4,75.0,0.0
171873,"Beverages, chocolate drink, milk and soy based, ready to drink, fortified",4.22,1.69,17.3,101.0,1.3,63.0,0.422
171874,"Beverages, chocolate malt powder, prepared with 1% milk, fortified",3.32,0.97,8.81,57.0,0.0,60.0,0.63
173184,"Beverages, chocolate malt, powder, prepared with fat free milk",3.25,0.17,8.64,49.0,0.0,77.0,0.112
174824,"Beverages, chocolate powder, no sugar added",9.09,4.5,68.31,350.0,9.1,500.0,0.0
174117,"Beverages, chocolate syrup",2.1,1.13,65.1,279.0,2.6,72.0,0.519
174118,"Beverages, chocolate syrup, prepared with whole milk",3.07,2.96,12.78,90.0,0.3,47.0,1.681
174159,"Beverages, chocolate-flavor beverage mix for milk, powder, with added nutrients",4.55,2.27,90.28,400.0,4.5,136.0,2.273
174160,"Beverages, chocolate-flavor beverage mix for milk, powder, with added nutrients, prepared with whole milk",3.27,3.17,11.87,89.0,0.4,50.0,1.899
171879,"Beverages, chocolate-flavor beverage mix, powder, prepared with whole milk",3.23,3.24,11.96,85.0,0.4,58.0,1.86
171912,"Beverages, citrus fruit juice drink, frozen concentrate",1.2,0.1,40.2,162.0,0.2,3.0,0.007
171913,"Beverages, citrus fruit juice drink, frozen concentrate, prepared with water",0.34,0.03,11.42,46.0,0.1,4.0,0.002
175092,"Beverages, cocoa mix, with aspartame, powder, prepared with water",1.21,0.23,5.61,29.0,0.6,72.0,0.139
174116,"Beverages, coconut milk, sweetened, fortified with calcium, vitamins A, B12, D2",0.21,2.08,2.92,31.0,0.0,19.0,2.083
174127,"Beverages, coffee and cocoa, instant, decaffeinated, with whitener and low calorie sweetener",9.0,13.21,71.4,440.0,4.8,500.0,11.376
174138,"Beverages, coffee substitute, cereal grain beverage, powder",6.01,2.52,78.42,360.0,23.3,83.0,0.603
173648,"Beverages, coffee substitute, cereal grain beverage, powder, prepared with whole milk",3.3,3.3,5.6,65.0,0.1,49.0,2.061
174139,"Beverages, coffee substitute, cereal grain beverage, prepared with water",0.1,0.04,1.3,6.0,0.4,5.0,0.01
171881,"Beverages, coffee, brewed, breakfast blend",0.3,0.0,0.17,2.0,0.0,1.0,0.0
171891,"Beverages, coffee, brewed, espresso, restaurant-prepared",0.12,0.18,1.67,9.0,0.0,14.0,0.092
174125,"Beverages, coffee, brewed, espresso, restaurant-prepared, decaffeinated",0.1,0.18,1.69,9.0,0.0,14.0,0.092
171890,"Beverages, coffee, brewed, prepared with tap water",0.12,0.02,0.0,1.0,0.0,2.0,0.002
171889,"Beverages, coffee, brewed, prepared with tap water, decaffeinated",0.1,0.0,0.0,0.0,0.0,2.0,0.002
174134,"Beverages, coffee, instant, chicory",0.09,0.0,0.75,3.0,0.0,7.0,0.001
174133,"Beverages, coffee, instant, decaffeinated, powder",11.6,0.2,76.0,351.0,0.0,23.0,0.101
171894,"Beverages, coffee, instant, decaffeinated, prepared with water",0.12,0.0,0.43,2.0,0.0,4.0,0.001
174135,"Beverages, coffee, instant, mocha, sweetened",5.29,15.87,74.04,460.0,1.9,317.0,4.934
174126,"Beverages, coffee, instant, regular, half the caffeine",14.42,0.5,73.18,352.0,0.0,37.0,0.197
171893,"Beverages, coffee, instant, regular, powder",12.2,0.5,75.4,353.0,0.0,37.0,0.197
174130,"Beverages, coffee, instant, regular, prepared with water",0.1,0.0,0.34,2.0,0.0,4.0,0.002
174154,"Beverages, coffee, instant, vanilla, sweetened, decaffeinated, with non dairy creamer",0.0,13.33,86.28,465.0,0.0,333.0,13.333
171897,"Beverages, coffee, instant, with chicory",9.3,0.2,78.9,355.0,0.5,277.0,0.071
168122,"Beverages, coffee, instant, with whitener, reduced calorie",1.96,29.1,59.94,509.0,0.5,0.0,25.128
174119,"Beverages, coffee, ready to drink, iced, mocha, milk based",1.48,0.98,11.42,60.0,0.0,31.0,0.0
171880,"Beverages, coffee, ready to drink, milk based, sweetened",1.98,1.38,12.6,71.0,0.0,26.0,0.0
171877,"Beverages, coffee, ready to drink, vanilla, light, milk based, sweetened",2.14,1.07,4.27,36.0,0.0,34.0,0.0
174140,"Beverages, cranberry-apple juice drink, bottled",0.0,0.11,15.85,63.0,0.0,2.0,0.013
168123,"Beverages, cranberry-apple juice drink, low calorie, with vitamin C added",0.1,0.0,4.7,19.0,0.1,5.0,0.0
174142,"Beverages, cranberry-apricot juice drink, bottled",0.2,0.0,16.2,64.0,0.1,2.0,0.0
171902,"Beverages, cranberry-grape juice drink, bottled",0.2,0.1,14.0,56.0,0.1,3.0,0.033
173650,"Beverages, dairy drink mix, chocolate, reduced calorie, with aspartame, powder, prepared with water and ice",2.19,0.23,4.51,29.0,0.8,61.0,0.164
173659,"Beverages, drink mix, QUAKER OATS, GATORADE, orange flavor, powder",0.0,1.23,94.11,388.0,0.0,63.0,0.0
171945,"Beverages, fruit juice drink, greater than 3% fruit juice, high vitamin C and added thiamin",0.13,0.0,13.16,54.0,0.1,61.0,0.0
171947,"Beverages, fruit juice drink, greater than 3% juice, high vitamin C",0.13,0.11,11.35,46.0,0.1,8.0,0.017
174176,"Beverages, fruit juice drink, reduced sugar, with vitamin E added",0.0,0.07,10.0,39.0,0.0,2.0,0.008
171914,"Beverages, fruit punch drink, without added nutrients, canned",0.0,0.0,11.97,48.0,0.0,10.0,0.0
175094,"Beverages, fruit punch juice drink, frozen concentrate",0.3,0.7,43.1,175.0,0.2,10.0,0.087
175095,"Beverages, fruit punch juice drink, frozen concentrate, prepared with water",0.07,0.17,11.4,42.0,0.0,5.0,0.021
175115,"Beverages, fruit punch-flavor drink, powder, without added sodium, prepared with water",0.0,0.01,9.47,37.0,0.0,7.0,0.006
167681,"Beverages, fruit-flavored drink, dry powdered mix, low calorie, with aspartame",0.45,0.04,87.38,218.0,0.1,404.0,0.0
167707,"Beverages, fruit-flavored drink, powder, with high vitamin C with other added vitamins, low calorie",0.25,0.16,91.0,227.0,2.2,14.0,0.01
171916,"Beverages, grape drink, canned",0.0,0.0,15.72,61.0,0.0,16.0,0.0
173213,"Beverages, grape juice drink, canned",0.0,0.0,14.55,57.0,0.1,9.0,0.0
173667,"Beverages, lemonade, frozen concentrate, pink, prepared with water",0.05,0.15,10.81,43.0,0.1,4.0,0.006
174860,"Beverages, lemonade-flavor drink, powder",0.0,1.01,97.9,380.0,0.0,130.0,0.183
174861,"Beverages, lemonade-flavor drink, powder, prepared with water",0.0,0.07,6.9,27.0,0.0,13.0,0.0
174866,"Beverages, malted drink mix, chocolate, powder",5.1,4.76,86.94,411.0,4.8,190.0,2.381
174174,"Beverages, milk beverage, reduced fat, flavored and sweetened, Ready-to-drink,  added calcium, vitamin A and vitamin D",3.05,1.83,12.08,77.0,0.4,49.0,1.124
174181,"Beverages, nutritional shake mix, high protein, powder",53.57,10.71,20.38,392.0,0.0,1214.0,0.0
173223,"Beverages, orange and apricot juice drink, canned",0.3,0.1,12.7,51.0,0.1,2.0,0.01
175105,"Beverages, orange breakfast drink, ready-to-drink, with added nutrients",0.0,0.0,13.2,53.0,0.1,54.0,0.0
174868,"Beverages, orange drink, canned, with added vitamin C",0.0,0.07,12.34,49.0,0.0,3.0,0.002
173235,"Beverages, orange-flavor drink, breakfast type, powder",0.0,0.0,98.94,386.0,0.4,17.0,0.0
173236,"Beverages, orange-flavor drink, breakfast type, powder, prepared with water",0.0,0.0,12.65,49.0,0.1,5.0,0.0
173224,"Beverages, pineapple and grapefruit juice drink, canned",0.2,0.1,11.6,47.0,0.1,14.0,0.006
173225,"Beverages, pineapple and orange juice drink, canned",1.3,0.0,11.8,50.0,0.1,3.0,0.0
171942,"Beverages, rice milk, unsweetened",0.28,0.97,9.17,47.0,0.3,39.0,0.0
173182,"Beverages, rich chocolate, powder",0.0,0.0,92.96,372.0,0.0,636.0,0.0
175102,"Beverages, shake, fast food, strawberry",3.4,2.8,18.9,113.0,0.4,83.0,1.734
174120,"Beverages, tea, Oolong, brewed",0.0,0.0,0.15,1.0,0.0,3.0,0.0
174155,"Beverages, tea, black, brewed, prepared with distilled water",0.0,0.0,0.3,1.0,0.0,0.0,0.002
173227,"Beverages, tea, black, brewed, prepared with tap water",0.0,0.0,0.3,1.0,0.0,3.0,0.002
174871,"Beverages, tea, black, brewed, prepared with tap water, decaffeinated",0.0,0.0,0.3,1.0,0.0,3.0,0.002
174144,"Beverages, tea, black, ready to drink",0.0,0.0,0.0,0.0,0.0,2.0,0.0
173212,"Beverages, tea, black, ready to drink, decaffeinated",0.0,0.0,8.75,38.0,0.0,8.0,0.0
173211,"Beverages, tea, black, ready to drink, decaffeinated, diet",0.0,0.0,0.83,0.0,0.0,4.0,0.0
171892,"Beverages, tea, black, ready-to-drink, lemon, diet",0.0,0.0,0.22,1.0,0.0,17.0,0.0
171888,"Beverages, tea, black, ready-to-drink, lemon, sweetened",0.0,0.22,10.8,45.0,0.0,3.0,0.0
174855,"Beverages, tea, black, ready-to-drink, peach, diet",0.0,0.0,0.25,1.0,0.0,5.0,0.0
171910,"Beverages, tea, green, brewed, decaffeinated",0.0,0.0,0.0,0.0,0.0,0.0,0.0
171917,"Beverages, tea, green, brewed, regular",0.22,0.0,0.0,1.0,0.0,1.0,0.0
174143,"Beverages, tea, green, instant, decaffeinated, lemon, unsweetened, fortified with vitamin C",0.0,0.0,94.45,378.0,0.0,0.0,0.0
171883,"Beverages, tea, green, ready to drink, ginseng and honey, sweetened",0.0,0.18,7.16,30.0,0.0,2.0,0.0
171911,"Beverages, tea, green, ready to drink, unsweetened",0.0,0.0,0.0,0.0,0.0,7.0,0.0
174121,"Beverages, tea, green, ready-to-drink, citrus, diet, fortified with vitamin C",0.0,0.0,0.31,1.0,0.0,26.0,0.0
171885,"Beverages, tea, green, ready-to-drink, diet",0.0,0.0,0.93,4.0,0.0,6.0,0.0
174128,"Beverages, tea, green, ready-to-drink, sweetened",0.0,0.22,6.2,27.0,0.0,21.0,0.0
174156,"Beverages, tea, herb, brewed, chamomile",0.0,0.0,0.2,1.0,0.0,1.0,0.002
173232,"Beverages, tea, herb, other than chamomile, brewed",0.0,0.0,0.2,1.0,0.0,1.0,0.002
171946,"Beverages, tea, hibiscus, brewed",0.0,0.0,0.0,0.0,0.0,4.0,0.0
173228,"Beverages, tea, instant, decaffeinated, lemon, diet",3.3,0.6,85.4,338.0,0.0,412.0,0.0
173229,"Beverages, tea, instant, decaffeinated, lemon, sweetened",0.12,0.73,98.55,401.0,0.0,5.0,0.091
174872,"Beverages, tea, instant, decaffeinated, unsweetened",20.21,0.0,58.66,315.0,8.5,72.0,0.0
173231,"Beverages, tea, instant, lemon, diet",0.02,0.0,0.44,2.0,0.0,6.0,0.0
175089,"Beverages, tea, instant, lemon, sweetened, powder",0.12,0.73,98.55,401.0,0.7,5.0,0.097
175090,"Beverages, tea, instant, lemon, sweetened, prepared with water",0.01,0.06,8.61,35.0,0.1,2.0,0.008
175088,"Beverages, tea, instant, lemon, unsweetened",7.4,0.18,78.52,345.0,5.0,55.0,0.047
171918,"Beverages, tea, instant, lemon, with added ascorbic acid",0.6,0.3,97.6,385.0,0.0,5.0,0.037
175091,"Beverages, tea, instant, sweetened with sodium saccharin, lemon-flavored, powder",3.3,0.6,85.4,338.0,0.0,412.0,0.0
173230,"Beverages, tea, instant, unsweetened, powder",20.21,0.0,58.66,315.0,8.5,72.0,0.0
174873,"Beverages, tea, instant, unsweetened, prepared with water",0.06,0.0,0.17,1.0,0.0,4.0,0.0
174129,"Beverages, tea, ready-to-drink, lemon, diet",0.0,0.0,0.41,2.0,0.0,1.0,0.0
174175,"Beverages, vegetable and fruit juice blend, 100% juice, with added vitamins A, C, E",0.3,0.01,11.15,46.0,0.0,29.0,0.0
173233,"Beverages, water, bottled, PERRIER",0.0,0.0,0.0,0.0,0.0,1.0,0.0
173234,"Beverages, water, bottled, POLAND SPRING",0.0,0.0,0.0,0.0,0.0,1.0,0.0
175106,"Beverages, water, bottled, non-carbonated, CALISTOGA",0.0,0.0,0.0,0.0,,0.0,
175107,"Beverages, water, bottled, non-carbonated, CRYSTAL GEYSER",0.0,0.0,0.0,0.0,,1.0,
173655,"Beverages, water, bottled, non-carbonated, DANNON",0.0,0.0,0.0,0.0,,0.0,
171922,"Beverages, water, bottled, non-carbonated, EVIAN",0.0,0.0,0.0,0.0,,0.0,
173656,"Beverages, water, bottled, non-carbonated, PEPSI, AQUAFINA",0.0,0.0,0.0,0.0,,0.0,
173166,"Beverages, water, bottled, yumberry, pomegranate with anti-oxidants, zero calories",0.0,0.0,1.25,5.0,0.0,10.0,0.0
173647,"Beverages, water, tap, drinking",0.0,0.0,0.0,0.0,0.0,4.0,0.0
175103,"Beverages, water, tap, municipal",0.0,0.0,0.0,0.0,0.0,3.0,0.0
175096,"Beverages, water, tap, well",0.0,0.0,0.0,0.0,0.0,5.0,
174828,"Beverages, yellow green colored citrus soft drink with caffeine",0.0,0.0,12.83,49.0,0.0,18.0,0.0
172671,"Biscuits, mixed grain, refrigerated dough",6.1,5.6,47.4,263.0,,670.0,1.366
174902,"Biscuits, plain or buttermilk, dry mix",8.0,15.4,63.4,428.0,2.1,1276.0,3.965
174903,"Biscuits, plain or buttermilk, dry mix, prepared",7.3,12.1,48.4,335.0,1.8,955.0,2.789
172667,"Biscuits, plain or buttermilk, frozen, baked",6.2,11.03,53.87,338.0,1.3,942.0,1.676
172670,"Biscuits, plain or buttermilk, prepared from recipe",7.0,16.3,44.6,353.0,1.5,580.0,4.324
172668,"Biscuits, plain or buttermilk, refrigerated dough, higher fat",6.66,10.58,46.32,307.0,0.7,977.0,2.806
172669,"Biscuits, plain or buttermilk, refrigerated dough, higher fat, baked",6.79,11.22,49.05,324.0,2.8,1002.0,5.514
174904,"Biscuits, plain or buttermilk, refrigerated dough, lower fat",6.7,7.83,43.7,270.0,2.0,828.0,3.14
174905,"Biscuits, plain or buttermilk, refrigerated dough, lower fat, baked",7.8,9.1,51.6,319.0,2.3,962.0,3.648
173847,"Bison, ground, grass-fed, cooked",25.45,8.62,0.0,179.0,0.0,76.0,3.489
175293,"Bison, ground, grass-fed, raw",20.23,7.21,0.05,146.0,0.0,70.0,2.917
171709,"Blackberries, canned, heavy syrup, solids and liquids",1.31,0.14,23.1,92.0,3.4,3.0,0.005
171710,"Blackberries, frozen, unsweetened",1.18,0.43,15.67,64.0,5.0,1.0,0.015
173946,"Blackberries, raw",1.39,0.49,9.61,43.0,5.3,1.0,0.014
168982,"Blackberries, wild, raw (Alaska Native)",0.84,1.07,9.84,52.0,3.2,6.0,
173947,"Blackberry juice, canned",0.3,0.6,7.8,38.0,0.1,1.0,0.018
171618,Blood sausage,14.6,34.5,1.29,379.0,0.0,680.0,13.4
173948,"Blueberries, canned, heavy syrup, solids and liquids",0.65,0.33,22.06,88.0,1.6,3.0,0.027
168179,"Blueberries, canned, light syrup, drained",1.04,0.4,22.66,88.0,2.6,3.0,0.028
168158,"Blueberries, dried, sweetened",2.5,2.5,80.0,317.0,7.5,3.0,0.2
173951,"Blueberries, frozen, sweetened",0.4,0.13,21.95,85.0,2.2,1.0,0.011
173950,"Blueberries, frozen, unsweetened (Includes foods for USDA's Food Distribution Program)",0.42,0.64,12.17,51.0,2.7,1.0,0.053
171711,"Blueberries, raw",0.74,0.33,14.49,57.0,2.4,1.0,0.028
168180,"Blueberries, wild, canned, heavy syrup, drained",0.56,0.34,28.32,107.0,4.9,1.0,
169799,"Blueberries, wild, frozen (Alaska Native)",0.7,0.0,10.4,44.0,,,
173949,"Blueberries, wild, frozen (Includes foods for USDA's Food Distribution Program)",0.0,0.16,13.85,57.0,4.4,3.0,0.03
167640,"Blueberries, wild, raw (Alaska Native)",1.22,0.76,12.31,61.0,2.6,6.0,
171619,"Bockwurst, pork, veal, raw",14.03,25.87,2.95,301.0,1.0,756.0,10.256
172012,"Bologna, beef",10.91,26.13,4.29,299.0,0.0,1013.0,10.487
172013,"Bologna, beef and pork",15.2,24.59,5.49,308.0,0.0,960.0,9.301
167685,"Bologna, beef and pork, low fat",11.5,19.3,2.6,230.0,0.0,1108.0,7.308
168101,"Bologna, beef, low fat",11.8,14.8,5.2,204.0,0.0,821.0,5.464
173873,"Bologna, chicken, pork",10.31,30.61,4.19,336.0,0.0,1240.0,9.863
173872,"Bologna, chicken, pork, beef",11.33,22.73,5.61,272.0,0.0,1120.0,6.997
172970,"Bologna, chicken, turkey, pork",9.88,26.18,5.65,298.0,0.0,922.0,7.99
171637,"Bologna, meat and poultry",10.34,23.77,6.31,281.0,0.0,1379.0,7.389
173856,"Bologna, pork",15.3,19.87,0.73,247.0,0.0,907.0,6.839
174609,"Bologna, pork and turkey, lite",13.06,16.06,3.45,211.0,0.0,716.0,5.46
174610,"Bologna, pork, turkey and beef",11.56,29.25,6.66,336.0,0.0,1055.0,11.7
173857,"Bologna, turkey",11.42,16.05,4.68,209.0,0.5,1071.0,4.355
168509,"Borage, cooked, boiled, drained, with salt",2.09,0.81,3.55,25.0,,324.0,0.197
170482,"Borage, cooked, boiled, drained, without salt",2.09,0.81,3.55,25.0,,88.0,0.197
170481,"Borage, raw",1.8,0.7,3.06,21.0,,80.0,0.17
171712,"Boysenberries, canned, heavy syrup",0.99,0.12,22.31,88.0,2.6,3.0,0.004
171713,"Boysenberries, frozen, unsweetened",1.1,0.26,12.19,50.0,5.3,1.0,0.009
172956,"Bratwurst, beef and pork, smoked",12.2,26.34,2.0,297.0,0.0,848.0,6.08
172957,"Bratwurst, chicken, cooked",19.44,10.35,0.0,176.0,0.0,72.0,
172958,"Bratwurst, pork, beef and turkey, lite, smoked",14.45,13.53,1.62,186.0,0.0,982.0,
171622,"Bratwurst, pork, beef, link",14.3,27.8,2.98,323.0,0.0,1112.0,9.93
171620,"Bratwurst, pork, cooked",13.72,29.18,2.85,333.0,0.0,846.0,9.998
174595,"Bratwurst, veal, cooked",13.99,31.7,0.0,341.0,0.0,60.0,14.94
171621,"Braunschweiger (a liver sausage), pork",14.5,28.5,3.1,327.0,0.0,977.0,9.307
174913,"Bread, Italian",9.49,2.73,48.11,259.0,2.1,618.0,0.544
174906,"Bread, banana, prepared from recipe, made with margarine",4.3,10.5,54.6,326.0,1.1,302.0,2.237
169830,"Bread, blue corn, somiviki (Hopi)",3.1,1.53,39.84,186.0,3.6,9.0,0.289
174907,"Bread, boston brown, canned",5.2,1.5,43.3,195.0,4.7,631.0,0.282
171844,"Bread, chapati or roti, plain, commercially prepared",11.25,7.45,46.36,297.0,4.9,409.0,1.953
174075,"Bread, chapati or roti, whole wheat, commercially prepared, frozen",7.85,9.2,46.13,299.0,9.7,298.0,3.311
167944,"Bread, cheese",10.42,20.83,44.83,408.0,2.1,750.0,6.25
171849,"Bread, cinnamon",7.05,5.29,44.38,253.0,3.5,388.0,0.0
174908,"Bread, cornbread, dry mix, enriched (includes corn muffin mix)",7.0,12.2,69.5,418.0,6.5,817.0,3.091
174909,"Bread, cornbread, dry mix, prepared with 2% milk, 80% margarine, and eggs",6.59,9.58,54.46,330.0,2.3,599.0,3.732
172815,"Bread, cornbread, dry mix, unenriched (includes corn muffin mix)",7.0,12.2,69.5,418.0,6.5,1111.0,3.091
174910,"Bread, cornbread, prepared from recipe, made with low fat (2%) milk",6.7,7.1,43.5,266.0,,658.0,1.555
172672,"Bread, cracked-wheat",8.7,3.9,49.5,260.0,5.5,538.0,0.916
174928,"Bread, crumbs, dry, grated, plain",13.35,5.3,71.98,395.0,4.5,732.0,1.203
172806,"Bread, crumbs, dry, grated, seasoned",14.13,5.48,68.49,383.0,4.9,2100.0,1.391
172673,"Bread, egg",9.5,6.0,47.8,287.0,2.3,380.0,1.593
172674,"Bread, egg, toasted",10.5,6.6,52.6,315.0,2.5,417.0,1.616
172675,"Bread, french or vienna (includes sourdough)",10.75,2.42,51.88,272.0,2.2,602.0,0.529
174911,"Bread, french or vienna, toasted (includes sourdough)",13.0,2.14,61.93,319.0,3.1,720.0,0.502
174091,"Bread, french or vienna, whole wheat",8.33,1.04,49.1,239.0,4.2,375.0,0.0
174099,"Bread, gluten-free, white, made with potato extract, rice starch, and rice flour",3.13,10.7,52.83,320.0,3.5,528.0,0.339
174100,"Bread, gluten-free, white, made with rice flour, corn starch, and/or tapioca",4.31,5.24,45.78,248.0,4.3,447.0,0.977
174101,"Bread, gluten-free, white, made with tapioca starch and brown rice flour",5.4,8.02,51.15,298.0,5.5,515.0,0.629
174102,"Bread, gluten-free, whole grain, made with tapioca starch and brown rice flour",7.25,9.34,49.09,309.0,4.9,510.0,0.266
174912,"Bread, irish soda, prepared from recipe",6.6,5.0,56.0,290.0,2.6,398.0,1.111
167633,"Bread, kneel down (Navajo)",4.29,2.21,39.47,195.0,,126.0,0.353
168013,"Bread, multi-grain (includes whole-grain)",13.36,4.23,43.34,265.0,7.4,381.0,0.872
174914,"Bread, multi-grain, toasted (includes whole-grain)",14.52,4.6,47.11,288.0,8.1,414.0,0.948
171845,"Bread, naan, plain, commercially prepared, refrigerated",9.62,5.65,50.43,291.0,2.2,465.0,1.393
174077,"Bread, naan, whole wheat, commercially prepared, refrigerated",10.2,6.7,46.21,286.0,4.8,467.0,2.907
172676,"Bread, oat bran",10.4,4.4,39.8,236.0,4.5,353.0,0.697
172677,"Bread, oat bran, toasted",11.4,4.8,43.7,259.0,4.9,387.0,0.766
172678,"Bread, oatmeal",8.4,4.4,48.5,269.0,4.0,447.0,0.703
172679,"Bread, oatmeal, toasted",9.2,4.8,52.7,292.0,4.3,486.0,0.764
167935,"Bread, pan dulce, sweet yeast bread",9.42,11.58,56.38,367.0,2.3,228.0,2.183
174076,"Bread, paratha, whole wheat, commercially prepared, frozen",6.36,13.2,45.35,326.0,9.6,452.0,5.826
174915,"Bread, pita, white, enriched",9.1,1.2,55.7,275.0,2.2,536.0,0.166
172816,"Bread, pita, white, unenriched",9.1,1.2,55.7,275.0,2.2,536.0,0.166
174916,"Bread, pita, whole-wheat",9.8,1.71,55.89,262.0,6.1,421.0,0.208
167943,"Bread, potato",12.5,3.13,47.07,266.0,6.3,375.0,0.0
167527,"Bread, pound cake type, pan de torta salvadoran",7.06,17.45,51.29,390.0,1.7,390.0,3.042
174917,"Bread, protein (includes gluten)",12.1,2.2,43.8,245.0,3.0,404.0,0.332
172809,"Bread, protein, (includes gluten), toasted",13.2,2.4,48.1,270.0,3.3,444.0,0.364
174918,"Bread, pumpernickel",8.7,3.1,47.5,250.0,6.5,596.0,0.437
172680,"Bread, raisin, enriched",7.9,4.4,52.3,274.0,4.3,347.0,1.081
172681,"Bread, raisin, enriched, toasted",8.6,4.8,56.9,297.0,4.7,377.0,1.175
172817,"Bread, raisin, unenriched",7.9,4.4,52.3,274.0,4.3,390.0,1.081
172682,"Bread, reduced-calorie, oat bran",8.0,3.2,41.3,201.0,12.0,459.0,0.445
172683,"Bread, reduced-calorie, oat bran, toasted",9.5,3.8,49.2,239.0,14.3,547.0,0.53
174919,"Bread, reduced-calorie, oatmeal",7.6,3.5,43.3,210.0,,388.0,0.599
174920,"Bread, reduced-calorie, rye",9.1,2.9,40.5,203.0,12.0,513.0,0.368
174921,"Bread, reduced-calorie, wheat",13.32,2.92,42.47,217.0,11.1,332.0,0.84
174922,"Bread, reduced-calorie, white",8.7,2.5,44.3,207.0,9.7,479.0,0.549
174923,"Bread, rice bran",8.9,4.6,43.5,243.0,4.9,269.0,0.709
175044,"Bread, rice bran, toasted",9.7,5.0,47.3,264.0,5.3,292.0,0.771
174078,"Bread, roll, Mexican, bollilo",10.65,5.8,55.77,318.0,2.2,506.0,1.401
172684,"Bread, rye",8.5,3.3,48.3,259.0,5.8,603.0,0.626
172685,"Bread, rye, toasted",9.4,3.6,53.1,284.0,6.4,664.0,0.688
167526,"Bread, salvadoran sweet cheese (quesadilla salvadorena)",7.12,17.12,47.84,374.0,0.7,510.0,4.612
174929,"Bread, sticks, plain",12.0,9.5,68.4,412.0,3.0,713.0,1.41
172692,"Bread, stuffing, cornbread, dry mix",10.0,4.2,76.7,389.0,14.3,1429.0,0.922
172693,"Bread, stuffing, cornbread, dry mix, prepared",2.9,8.8,21.9,179.0,2.9,526.0,1.755
174930,"Bread, stuffing, dry mix",11.0,3.4,76.2,386.0,3.2,1405.0,0.845
174931,"Bread, stuffing, dry mix, prepared",2.73,12.05,18.84,195.0,0.8,479.0,2.319
172686,"Bread, wheat",10.67,4.53,47.54,274.0,4.0,473.0,0.697
171850,"Bread, wheat, sprouted",13.16,0.0,33.88,188.0,5.3,474.0,0.0
171851,"Bread, wheat, sprouted, toasted",14.3,0.0,36.82,205.0,5.7,515.0,0.0
172687,"Bread, wheat, toasted",12.96,4.27,55.77,313.0,4.7,601.0,0.989
167532,"Bread, white wheat",10.66,2.15,43.91,238.0,9.2,478.0,0.63
174924,"Bread, white, commercially prepared (includes soft bread crumbs)",8.85,3.33,49.42,266.0,2.7,490.0,0.698
172818,"Bread, white, commercially prepared, low sodium, no salt",8.2,3.6,49.6,267.0,2.3,298.0,0.811
174925,"Bread, white, commercially prepared, toasted",9.0,4.0,54.5,290.0,2.9,537.0,0.764
172826,"Bread, white, commercially prepared, toasted, low sodium no salt",9.0,4.0,54.4,293.0,,376.0,0.892
174927,"Bread, white, prepared from recipe, made with low fat (2%) milk",7.9,5.7,49.6,285.0,2.0,359.0,1.178
174926,"Bread, white, prepared from recipe, made with nonfat dry milk",7.7,2.6,53.6,274.0,2.0,336.0,0.391
172688,"Bread, whole-wheat, commercially prepared",12.45,3.5,42.71,252.0,6.0,455.0,0.722
172689,"Bread, whole-wheat, commercially prepared, toasted",16.27,4.07,51.16,306.0,7.5,565.0,0.922
172690,"Bread, whole-wheat, prepared from recipe",8.4,5.4,51.4,278.0,6.0,346.0,0.796
172691,"Bread, whole-wheat, prepared from recipe, toasted",9.2,5.9,56.4,305.0,6.7,381.0,0.874
171714,"Breadfruit, raw",1.07,0.23,27.12,103.0,4.9,2.0,0.048
167734,"Breakfast bar, corn flake crust with fruit",4.4,7.5,72.8,376.0,2.1,337.0,1.5
169063,"Breakfast bars, oats, sugar, raisins, coconut (include granola bar)",9.8,17.6,66.7,464.0,3.1,251.0,12.69
173754,"Broadbeans (fava beans), mature seeds, canned",5.47,0.22,12.41,71.0,3.7,453.0,0.037
173798,"Broadbeans (fava beans), mature seeds, cooked, boiled, with salt",7.6,0.4,19.65,110.0,5.4,241.0,0.066
173753,"Broadbeans (fava beans), mature seeds, cooked, boiled, without salt",7.6,0.4,19.65,110.0,5.4,5.0,0.066
175205,"Broadbeans (fava beans), mature seeds, raw",26.12,1.53,58.29,341.0,25.0,13.0,0.254
169328,"Broadbeans, immature seeds, cooked, boiled, drained, with salt",4.8,0.5,10.1,62.0,,277.0,0.142
170378,"Broadbeans, immature seeds, cooked, boiled, drained, without salt",4.8,0.5,10.1,62.0,3.6,41.0,0.142
170377,"Broadbeans, immature seeds, raw",5.6,0.6,11.7,72.0,4.2,50.0,0.138
170382,"Broccoli raab, cooked",3.83,0.52,3.12,25.0,2.8,56.0,0.089
170381,"Broccoli raab, raw",3.17,0.49,2.85,22.0,2.7,33.0,0.083
169392,"Broccoli, chinese, cooked",1.14,0.72,3.81,22.0,2.5,7.0,0.11
169404,"Broccoli, chinese, raw",1.2,0.76,4.67,26.0,2.6,7.0,0.116
168510,"Broccoli, cooked, boiled, drained, with salt",2.38,0.41,7.18,35.0,3.3,262.0,0.079
169967,"Broccoli, cooked, boiled, drained, without salt",2.38,0.41,7.18,35.0,3.3,41.0,0.079
169330,"Broccoli, flower clusters, raw",2.98,0.35,5.06,28.0,2.3,27.0,0.054
168511,"Broccoli, frozen, chopped, cooked, boiled, drained, with salt",3.1,0.12,5.35,28.0,3.0,260.0,0.018
169969,"Broccoli, frozen, chopped, cooked, boiled, drained, without salt",3.1,0.12,5.35,28.0,3.0,11.0,0.018
169968,"Broccoli, frozen, chopped, unprepared",2.81,0.29,4.78,26.0,3.0,24.0,0.044
168512,"Broccoli, frozen, spears, cooked, boiled, drained, with salt",3.1,0.11,5.35,28.0,3.0,260.0,0.018
170380,"Broccoli, frozen, spears, cooked, boiled, drained, without salt",3.1,0.11,5.36,28.0,3.0,24.0,0.018
169970,"Broccoli, frozen, spears, unprepared (Includes foods for USDA's Food Distribution Program)",3.06,0.34,5.35,29.0,3.0,17.0,0.052
169329,"Broccoli, leaves, raw",2.98,0.35,5.06,28.0,2.3,27.0,0.054
170379,"Broccoli, raw",2.82,0.37,6.64,34.0,2.6,33.0,0.114
169331,"Broccoli, stalks, raw",2.98,0.35,5.24,28.0,,27.0,0.054
168513,"Brussels sprouts, cooked, boiled, drained, with salt",2.55,0.5,7.1,36.0,2.6,257.0,0.102
169971,"Brussels sprouts, cooked, boiled, drained, without salt",2.55,0.5,7.1,36.0,2.6,21.0,0.102
169332,"Brussels sprouts, frozen, cooked, boiled, drained, with salt",3.64,0.39,8.32,42.0,4.1,259.0,0.081
169973,"Brussels sprouts, frozen, cooked, boiled, drained, without salt",3.64,0.39,8.32,42.0,4.1,15.0,0.081
169972,"Brussels sprouts, frozen, unprepared",3.78,0.41,7.86,41.0,3.8,10.0,0.084
170383,"Brussels sprouts, raw",3.38,0.3,8.95,43.0,3.8,25.0,0.062
170286,Buckwheat,13.25,3.4,71.5,343.0,10.0,1.0,0.741
170687,"Buckwheat flour, whole-groat",12.62,3.1,70.59,335.0,10.0,11.0,0.677
170686,"Buckwheat groats, roasted, cooked",3.38,0.62,19.94,92.0,2.7,4.0,0.134
170685,"Buckwheat groats, roasted, dry",11.73,2.71,74.95,346.0,10.3,11.0,0.591
167651,"Buffalo, free range, top round steak, cooked (Shoshone Bannock)",32.51,1.8,0.0,146.0,,41.0,0.595
167649,"Buffalo, free range, top round steak, raw (Shoshone Bannock)",21.44,1.3,0.0,97.0,,43.0,0.418
170287,"Bulgur, cooked",3.08,0.24,18.58,83.0,4.5,5.0,0.042
170688,"Bulgur, dry",12.29,1.33,75.87,342.0,12.5,17.0,0.232
169333,"Burdock root, cooked, boiled, drained, with salt",2.09,0.14,21.15,88.0,1.8,240.0,
170384,"Burdock root, cooked, boiled, drained, without salt",2.09,0.14,21.15,88.0,1.8,4.0,0.023
169974,"Burdock root, raw",1.53,0.15,17.34,72.0,3.3,5.0,0.025
173336,"Burrito, bean and cheese, frozen",7.07,6.3,34.01,221.0,3.4,351.0,1.343
173335,"Burrito, beef and bean, frozen",7.26,9.61,30.84,239.0,4.2,587.0,2.949
172102,"Burrito, beef and bean, microwaved",8.73,11.94,38.95,298.0,6.9,659.0,4.072
173412,"Butter oil, anhydrous",0.28,99.48,0.0,876.0,0.0,2.0,61.924
169894,"Butter replacement, without fat, powder",2.0,1.0,89.0,373.0,0.0,1200.0,0.589
171314,"Butter, Clarified butter (ghee)",0.0,100.0,0.0,900.0,0.0,0.0,60.0
173581,"Butter, light, stick, with salt",3.3,55.1,0.0,499.0,0.0,450.0,34.321
172344,"Butter, light, stick, without salt",3.3,55.1,0.0,499.0,0.0,36.0,34.321
173410,"Butter, salted",0.85,81.11,0.06,717.0,0.0,643.0,51.368
173411,"Butter, whipped, with salt",0.49,78.3,0.0,731.0,0.0,583.0,45.39
173430,"Butter, without salt",0.85,81.11,0.06,717.0,0.0,11.0,50.489
170385,"Butterbur, (fuki), raw",0.39,0.04,3.61,14.0,,7.0,
170387,"Butterbur, canned",0.11,0.13,0.38,3.0,,4.0,
169334,"Butterbur, cooked, boiled, drained, with salt",0.23,0.02,2.16,8.0,,240.0,
170386,"Butterbur, cooked, boiled, drained, without salt",0.23,0.02,2.16,8.0,,4.0,
174548,"CAMPBELL'S CHUNKY, Classic Chicken Noodle Soup",3.41,1.3,5.41,47.0,1.0,325.0,0.408
174552,"CAMPBELL'S CHUNKY, Hearty Beef Barley Soup",2.89,0.92,8.98,56.0,1.0,308.0,0.377
174556,"CAMPBELL'S CHUNKY, New England Clam Chowder",2.46,3.85,9.01,81.0,1.2,353.0,
172912,"CAMPBELL'S CHUNKY, Old Fashioned Vegetable Beef Soup",3.16,1.23,6.24,49.0,1.3,346.0,0.408
171556,"CAMPBELL'S, Chicken Noodle Soup, condensed",2.37,1.53,5.97,47.0,,683.0,0.388
172901,"CAMPBELL'S, Cream of Mushroom Soup, condensed",1.29,5.5,6.59,81.0,0.6,697.0,0.951
174547,"CAMPBELL'S, Tomato Soup, condensed",1.46,0.44,15.22,71.0,1.1,377.0,0.0
169036,"CARRABBA'S ITALIAN GRILL, cheese ravioli with marinara sauce",7.96,6.0,17.62,156.0,1.4,371.0,2.817
169857,"CARRABBA'S ITALIAN GRILL, chicken parmesan without cavatappi pasta",19.0,10.95,7.8,206.0,0.9,467.0,3.517
169030,"CARRABBA'S ITALIAN GRILL, lasagne",10.48,11.06,12.36,191.0,1.3,524.0,4.366
168086,"CARRABBA'S ITALIAN GRILL, spaghetti with meat sauce",5.87,3.92,15.71,122.0,1.5,270.0,1.1
169853,"CARRABBA'S ITALIAN GRILL, spaghetti with pomodoro sauce",3.42,1.75,18.63,104.0,1.7,218.0,0.36
170303,"CHICK-FIL-A, Chick-n-Strips",21.4,11.2,10.39,228.0,0.9,577.0,2.057
170790,"CHICK-FIL-A, chicken sandwich",16.28,11.19,20.89,249.0,1.4,753.0,2.123
170304,"CHICK-FIL-A, hash browns",3.0,18.5,30.51,301.0,3.2,454.0,2.778
169842,"CRACKER BARREL, chicken tenderloin platter, fried",18.06,15.48,20.29,293.0,0.7,874.0,2.763
168073,"CRACKER BARREL, chicken tenderloin platter, fried, from kid's menu",18.67,15.41,20.24,294.0,1.0,871.0,2.83
169843,"CRACKER BARREL, coleslaw",0.89,13.22,13.01,175.0,1.6,110.0,2.039
168074,"CRACKER BARREL, country fried shrimp platter",12.62,16.77,21.4,287.0,0.3,1050.0,3.064
168075,"CRACKER BARREL, farm raised catfish platter",22.94,17.05,5.31,266.0,1.6,414.0,3.249
167670,"CRACKER BARREL, grilled sirloin steak",31.52,8.52,0.0,203.0,,180.0,3.045
169849,"CRACKER BARREL, macaroni n' cheese",6.49,11.75,15.61,194.0,1.1,375.0,4.178
167671,"CRACKER BARREL, macaroni n' cheese plate, from kid's menu",6.46,11.51,15.58,192.0,0.7,374.0,4.197
169021,"CRACKER BARREL, onion rings, thick-cut",4.78,16.0,40.95,327.0,2.2,463.0,2.941
167669,"CRACKER BARREL, steak fries",3.26,13.18,30.87,255.0,3.5,43.0,2.369
168517,"Cabbage, chinese (pak-choi), cooked, boiled, drained, with salt",1.56,0.16,1.78,12.0,1.0,270.0,0.021
170391,"Cabbage, chinese (pak-choi), cooked, boiled, drained, without salt",1.56,0.16,1.78,12.0,1.0,34.0,0.021
170390,"Cabbage, chinese (pak-choi), raw",1.5,0.2,2.18,13.0,1.0,65.0,0.027
169337,"Cabbage, chinese (pe-tsai), cooked, boiled, drained, with salt",1.5,0.17,2.41,14.0,1.7,245.0,0.036
169980,"Cabbage, chinese (pe-tsai), cooked, boiled, drained, without salt",1.5,0.17,2.41,14.0,1.7,9.0,0.036
169979,"Cabbage, chinese (pe-tsai), raw",1.2,0.2,3.23,16.0,1.2,9.0,0.043
169335,"Cabbage, common (danish, domestic, and pointed types), freshly harvest, raw",1.21,0.18,5.37,24.0,2.3,18.0,0.023
169336,"Cabbage, common (danish, domestic, and pointed types), stored, raw",1.21,0.18,5.37,24.0,2.3,18.0,0.023
168514,"Cabbage, common, cooked, boiled, drained, with salt",1.27,0.06,5.51,23.0,1.9,255.0,0.0
169976,"Cabbage, cooked, boiled, drained, without salt",1.27,0.06,5.51,23.0,1.9,8.0,0.0
169890,"Cabbage, japanese style, fresh, pickled",1.6,0.1,5.67,30.0,3.1,277.0,0.013
170392,"Cabbage, kimchi",1.1,0.5,2.4,15.0,1.6,498.0,0.067
169891,"Cabbage, mustard, salted",1.1,0.1,5.63,28.0,3.1,717.0,0.013
168572,"Cabbage, napa, cooked",1.1,0.17,2.23,12.0,,11.0,
169975,"Cabbage, raw",1.28,0.1,5.8,25.0,2.5,18.0,0.034
168515,"Cabbage, red, cooked, boiled, drained, with salt",1.51,0.09,6.94,29.0,2.6,244.0,0.011
169978,"Cabbage, red, cooked, boiled, drained, without salt",1.51,0.09,6.94,29.0,2.6,28.0,0.011
169977,"Cabbage, red, raw",1.43,0.16,7.37,31.0,2.1,27.0,0.021
168516,"Cabbage, savoy, cooked, boiled, drained, with salt",1.8,0.09,5.41,24.0,2.8,260.0,0.012
170389,"Cabbage, savoy, cooked, boiled, drained, without salt",1.8,0.09,5.41,24.0,2.8,24.0,0.012
170388,"Cabbage, savoy, raw",2.0,0.1,6.1,27.0,3.1,28.0,0.013
172694,"Cake, angelfood, commercially prepared",5.9,0.8,57.8,258.0,1.5,749.0,0.121
172695,"Cake, angelfood, dry mix, prepared",6.1,0.3,58.7,257.0,0.2,511.0,0.043
172696,"Cake, boston cream pie, commercially prepared",2.4,8.5,42.9,252.0,1.4,254.0,2.445
172711,"Cake, cheesecake, commercially prepared",5.5,22.5,25.5,321.0,0.4,438.0,9.921
172712,"Cake, cheesecake, prepared from mix, no-bake type",5.5,12.7,35.5,274.0,1.9,380.0,6.691
174933,"Cake, cherry fudge with chocolate frosting",2.4,12.5,38.0,264.0,0.5,164.0,5.066
174934,"Cake, chocolate, commercially prepared with chocolate frosting, in-store bakery",3.48,20.05,52.84,389.0,2.2,348.0,5.917
172697,"Cake, chocolate, prepared from recipe without frosting",5.3,15.1,53.4,371.0,1.6,315.0,5.43
172699,"Cake, coffeecake, cheese",7.0,15.2,44.3,339.0,1.0,339.0,5.391
172700,"Cake, coffeecake, cinnamon with crumb topping, commercially prepared, enriched",6.8,23.3,46.7,418.0,2.0,351.0,5.797
175052,"Cake, coffeecake, cinnamon with crumb topping, commercially prepared, unenriched",6.8,23.3,46.7,418.0,2.0,351.0,5.797
174938,"Cake, coffeecake, cinnamon with crumb topping, dry mix, prepared",5.5,9.6,52.8,318.0,1.2,421.0,1.855
174936,"Cake, coffeecake, creme-filled with chocolate frosting",5.0,10.8,53.8,331.0,2.0,323.0,2.833
174937,"Cake, coffeecake, fruit",5.2,10.2,51.5,311.0,2.5,385.0,2.495
174939,"Cake, fruitcake, commercially prepared",2.9,9.1,61.6,324.0,3.7,101.0,1.048
172701,"Cake, gingerbread, dry mix",4.4,13.8,74.6,437.0,1.7,657.0,3.46
172702,"Cake, gingerbread, prepared from recipe",3.9,16.4,49.2,356.0,,327.0,4.122
172703,"Cake, pineapple upside-down, prepared from recipe",3.5,12.1,50.5,319.0,0.8,319.0,2.915
167937,"Cake, pound, Bimbo Bakeries USA, Panque Casero, home baked style",6.62,21.7,48.94,418.0,1.0,357.0,
172704,"Cake, pound, commercially prepared, butter (includes fresh and frozen)",5.0,13.96,53.64,353.0,0.6,377.0,4.811
173243,"Cake, pound, commercially prepared, fat-free",5.4,1.2,61.0,283.0,1.1,341.0,0.259
174940,"Cake, pound, commercially prepared, other than all butter, enriched",5.2,17.9,52.5,389.0,1.0,400.0,4.647
175053,"Cake, pound, commercially prepared, other than all butter, unenriched",5.2,17.9,52.5,389.0,1.0,400.0,4.647
174932,"Cake, pudding-type, carrot, dry mix",5.1,9.8,79.2,415.0,,567.0,1.472
174935,"Cake, pudding-type, chocolate, dry mix",4.6,8.14,80.16,391.0,2.3,866.0,3.5
172708,"Cake, pudding-type, white, enriched, dry mix",3.9,9.5,80.9,423.0,0.7,665.0,2.39
175054,"Cake, pudding-type, white, unenriched, dry mix",3.9,9.5,81.0,423.0,0.7,665.0,2.34
174946,"Cake, pudding-type, yellow, dry mix",4.0,9.8,80.0,423.0,0.7,860.0,2.469
174941,"Cake, shortcake, biscuit-type, prepared from recipe",6.1,14.2,48.5,346.0,,506.0,3.772
174942,"Cake, snack cakes, creme-filled, chocolate with frosting",3.63,15.93,60.31,399.0,3.2,332.0,4.884
174082,"Cake, snack cakes, creme-filled, chocolate with frosting, low-fat, with added fiber",3.71,13.0,69.37,409.0,14.9,483.0,5.57
174943,"Cake, snack cakes, creme-filled, sponge",3.47,11.54,64.03,374.0,1.0,470.0,4.139
171839,"Cake, snack cakes, not chocolate, with icing or filling, low-fat, with added fiber",3.71,11.14,74.3,412.0,14.9,316.0,3.713
172706,"Cake, sponge, commercially prepared",5.4,2.7,61.0,290.0,0.5,623.0,0.802
172707,"Cake, sponge, prepared from recipe",7.3,4.3,57.7,297.0,,228.0,1.301
172705,"Cake, white, dry mix, special dietary (includes lemon-flavored)",3.0,8.4,79.6,397.0,,260.0,1.251
172698,"Cake, white, prepared from recipe with coconut frosting",4.4,10.3,63.2,356.0,1.0,284.0,3.897
172709,"Cake, white, prepared from recipe without frosting",5.4,12.4,57.2,357.0,0.8,327.0,3.269
174944,"Cake, yellow, commercially prepared, with chocolate frosting, in-store bakery",3.16,17.75,55.36,379.0,1.5,310.0,5.793
174945,"Cake, yellow, commercially prepared, with vanilla frosting",2.99,17.91,56.2,391.0,0.3,269.0,2.936
174947,"Cake, yellow, enriched, dry mix",3.7,3.5,81.92,374.0,1.2,728.0,1.62
173244,"Cake, yellow, light, dry mix",4.7,5.5,84.1,404.0,1.3,604.0,1.367
172710,"Cake, yellow, prepared from recipe without frosting",5.3,14.6,53.0,361.0,0.7,343.0,3.924
175055,"Cake, yellow, unenriched, dry mix",4.4,11.6,78.1,432.0,1.1,657.0,1.738
173634,"Canada Goose, breast meat only, skinless, raw",24.31,4.02,0.0,133.0,0.0,50.0,0.609
168383,"Canadian bacon, cooked, pan-fried",28.31,2.78,1.8,146.0,0.0,993.0,1.039
167869,"Canadian bacon, unprepared",20.31,2.62,1.34,110.0,0.0,751.0,0.9
167781,Candied fruit,0.34,0.07,82.74,322.0,1.6,98.0,0.01
167985,"Candies, 5TH AVENUE Candy Bar",8.78,23.98,62.68,482.0,3.1,225.0,6.65
167562,"Candies, ALMOND JOY Candy Bar",4.13,26.93,59.51,479.0,5.0,142.0,17.59
167975,"Candies, CARAMELLO Candy Bar",6.19,21.19,63.81,462.0,1.2,122.0,12.72
168801,"Candies, HEATH BITES",3.94,30.38,63.39,530.0,2.0,245.0,15.62
167979,"Candies, HERSHEY'S GOLDEN ALMOND SOLITAIRES",11.97,37.13,46.85,569.0,4.4,52.0,15.23
169622,"Candies, HERSHEY'S MILK CHOCOLATE WITH ALMOND BITES",9.76,35.73,51.72,568.0,3.6,74.0,17.39
169579,"Candies, HERSHEY'S POT OF GOLD Almond Bar",12.82,38.46,44.89,577.0,3.8,64.0,16.667
168757,"Candies, HERSHEY'S SKOR Toffee Bar",3.13,30.37,63.73,541.0,1.3,317.0,18.78
169627,"Candies, HERSHEY'S, ALMOND JOY BITES",5.58,34.5,57.54,563.0,4.3,39.0,20.6
169629,"Candies, HERSHEY, KIT KAT BIG KAT Bar",6.24,27.84,63.64,520.0,1.9,64.0,17.99
169628,"Candies, HERSHEY, REESESTICKS crispy wafers, peanut butter, milk chocolate",9.53,31.34,55.38,521.0,3.3,264.0,13.21
170680,"Candies, HERSHEYS, PAYDAY Bar",13.44,25.0,52.88,490.0,3.8,231.0,4.806
167992,"Candies, KIT KAT Wafer Bar",6.51,25.99,64.59,518.0,1.0,54.0,17.953
167993,"Candies, KRACKEL Chocolate Bar",6.62,26.58,64.34,523.0,2.2,196.0,15.92
170676,"Candies, M&M MARS 3 MUSKETEERS Truffle Crisp",6.41,28.85,63.15,538.0,0.0,63.0,19.23
170678,"Candies, M&M MARS Pretzel Chocolate Candies",5.0,15.0,72.94,447.0,2.5,475.0,8.986
168767,"Candies, MARS SNACKFOOD US, 3 MUSKETEERS Bar",2.6,12.75,77.77,436.0,1.5,194.0,8.646
169652,"Candies, MARS SNACKFOOD US, COCOAVIA Blueberry and Almond Chocolate Bar",6.35,28.68,60.37,525.0,9.1,8.0,13.07
169651,"Candies, MARS SNACKFOOD US, COCOAVIA Chocolate Bar",5.81,29.3,62.99,539.0,8.7,7.0,15.703
170670,"Candies, MARS SNACKFOOD US, COCOAVIA Chocolate Covered Almonds",9.51,37.07,50.22,573.0,10.4,9.0,11.745
169653,"Candies, MARS SNACKFOOD US, COCOAVIA Crispy Chocolate Bar",8.21,26.23,62.06,517.0,7.8,40.0,14.007
168805,"Candies, MARS SNACKFOOD US, DOVE Dark Chocolate",5.19,32.45,59.4,520.0,7.6,4.0,19.209
168804,"Candies, MARS SNACKFOOD US, DOVE Milk Chocolate",5.94,31.72,59.78,546.0,2.4,63.0,19.24
168108,"Candies, MARS SNACKFOOD US, M&M's Almond Chocolate Candies",7.53,27.76,60.5,522.0,5.6,45.0,9.435
168814,"Candies, MARS SNACKFOOD US, M&M's Crispy Chocolate Candies",4.28,19.32,72.4,475.0,2.0,136.0,11.651
169591,"Candies, MARS SNACKFOOD US, M&M's MINIs Milk Chocolate Candies",4.78,23.36,68.4,502.0,2.7,68.0,14.466
169583,"Candies, MARS SNACKFOOD US, M&M's Milk Chocolate Candies",4.33,21.13,71.19,492.0,2.8,61.0,13.08
167689,"Candies, MARS SNACKFOOD US, M&M's Peanut Butter Chocolate Candies",10.16,29.32,56.89,529.0,4.0,213.0,18.485
169582,"Candies, MARS SNACKFOOD US, M&M's Peanut Chocolate Candies",9.57,26.13,60.48,515.0,3.7,50.0,10.169
167994,"Candies, MARS SNACKFOOD US, MARS Almond Bar",8.1,23.0,62.7,467.0,2.0,170.0,7.268
168756,"Candies, MARS SNACKFOOD US, MILKY WAY Bar",4.01,17.23,71.17,456.0,1.0,167.0,12.016
168806,"Candies, MARS SNACKFOOD US, MILKY WAY Caramels, milk chocolate covered",4.28,19.17,68.49,463.0,0.7,273.0,13.157
168807,"Candies, MARS SNACKFOOD US, MILKY WAY Caramels. dark chocolate covered",3.82,20.42,67.56,458.0,2.8,246.0,13.814
167701,"Candies, MARS SNACKFOOD US, MILKY WAY Midnight Bar",3.2,17.5,71.22,443.0,2.9,168.0,11.474
169645,"Candies, MARS SNACKFOOD US, POP'ABLES 3 MUSKETEERS Brand Bite Size Candies",2.59,15.17,75.94,443.0,1.3,172.0,9.921
169644,"Candies, MARS SNACKFOOD US, POP'ABLES MILKY WAY Brand Bite Size Candies",3.3,18.0,71.85,463.0,1.0,146.0,8.889
169643,"Candies, MARS SNACKFOOD US, POP'ABLES SNICKERS Brand Bite Size Candies",7.15,24.32,61.07,480.0,2.3,224.0,9.891
168843,"Candies, MARS SNACKFOOD US, SKITTLES Original Bite Size Candies",0.19,4.37,90.78,405.0,0.0,15.0,4.115
168842,"Candies, MARS SNACKFOOD US, SKITTLES Sours Original",0.18,4.0,91.02,401.0,0.0,14.0,3.765
169667,"Candies, MARS SNACKFOOD US, SKITTLES Tropical Bite Size Candies",0.19,4.34,90.77,405.0,0.0,15.0,
168840,"Candies, MARS SNACKFOOD US, SKITTLES Wild Berry Bite Size Candies",0.19,4.25,90.76,402.0,0.0,15.0,4.115
168818,"Candies, MARS SNACKFOOD US, SNICKERS Almond bar",5.4,22.4,64.67,472.0,2.6,156.0,8.534
169589,"Candies, MARS SNACKFOOD US, SNICKERS Bar",7.53,23.85,61.51,491.0,2.3,239.0,9.069
169663,"Candies, MARS SNACKFOOD US, SNICKERS CRUNCHER",6.86,24.38,62.85,488.0,1.9,189.0,12.703
169639,"Candies, MARS SNACKFOOD US, SNICKERS MUNCH bar",15.25,36.22,43.64,536.0,4.7,358.0,8.819
169646,"Candies, MARS SNACKFOOD US, STARBURST Fruit Chews, Fruit and Creme",0.41,8.36,82.43,408.0,0.0,2.0,7.931
169590,"Candies, MARS SNACKFOOD US, STARBURST Fruit Chews, Original fruits",0.41,8.21,82.57,408.0,0.0,2.0,7.778
168823,"Candies, MARS SNACKFOOD US, STARBURST Fruit Chews, Tropical fruits",0.41,8.31,82.76,409.0,0.0,2.0,8.048
169647,"Candies, MARS SNACKFOOD US, STARBURST Sour Fruit Chews",0.39,7.78,79.73,400.0,0.0,89.0,7.52
168768,"Candies, MARS SNACKFOOD US, TWIX Caramel Cookie Bars",4.91,24.85,64.8,502.0,1.1,198.0,18.96
168769,"Candies, MARS SNACKFOOD US, TWIX Peanut Butter Cookie Bars",9.18,32.67,54.14,547.0,3.1,226.0,15.758
168102,"Candies, MARS SNACKFOOD US, TWIX chocolate fudge cookie bars",7.3,33.3,56.0,553.0,3.0,266.0,4.962
168759,"Candies, MOUNDS Candy Bar",4.6,26.6,58.88,493.0,3.7,145.0,20.58
168760,"Candies, MR. GOODBAR Chocolate Bar",10.22,33.21,54.34,538.0,3.8,41.0,14.13
168761,"Candies, NESTLE, 100 GRAND Bar",2.5,19.33,70.97,468.0,1.0,203.0,11.9
168766,"Candies, NESTLE, AFTER EIGHT Mints",1.67,11.9,79.53,432.0,2.4,1.0,8.33
167582,"Candies, NESTLE, BABY RUTH Bar",5.4,21.6,64.8,475.0,2.0,230.0,12.1
167564,"Candies, NESTLE, BIT-O'-HONEY Candy Chews",2.0,7.5,80.89,388.0,0.2,295.0,5.5
167565,"Candies, NESTLE, BUTTERFINGER Bar",5.4,18.9,72.9,459.0,2.0,230.0,9.5
170278,"Candies, NESTLE, BUTTERFINGER Crisp",6.67,18.33,68.45,465.0,1.7,13.0,10.592
167586,"Candies, NESTLE, CHUNKY Bar",7.5,27.5,60.4,519.0,2.5,38.0,12.5
168762,"Candies, NESTLE, CRUNCH Bar and Dessert Topping",5.0,26.0,67.0,500.0,1.9,150.0,16.0
167581,"Candies, NESTLE, GOOBERS Chocolate Covered Peanuts",9.7,34.0,53.0,512.0,9.7,36.0,12.1
167997,"Candies, NESTLE, OH HENRY! Bar",7.7,23.0,65.5,462.0,1.9,193.0,9.6
169587,"Candies, NESTLE, RAISINETS Chocolate Covered Raisins",4.4,17.0,71.0,422.0,2.2,33.0,11.0
169623,"Candies, REESE'S BITES",11.34,29.85,55.18,521.0,3.1,179.0,18.0
169624,"Candies, REESE'S NUTRAGEOUS Candy Bar",11.28,32.09,52.8,517.0,3.9,141.0,8.86
168764,"Candies, REESE'S PIECES Candy",12.46,24.77,59.86,497.0,3.0,194.0,16.42
168763,"Candies, REESE'S Peanut Butter Cups",10.24,30.53,55.36,515.0,3.6,357.0,10.73
169630,"Candies, REESE'S, FAST BREAK, milk chocolate peanut butter and soft nougats",8.66,23.42,61.6,474.0,2.9,330.0,8.23
170669,"Candies, REESE's Fast Break, milk chocolate, peanut butter, soft nougats, candy bar",8.93,23.21,63.9,495.0,3.6,321.0,8.036
168765,"Candies, ROLO Caramels in Milk Chocolate",5.08,20.93,67.95,474.0,0.9,188.0,14.542
169592,"Candies, SPECIAL DARK Chocolate Bar",5.54,32.4,60.49,556.0,6.5,6.0,
167984,"Candies, SYMPHONY Milk Chocolate Bar",8.51,30.57,58.01,531.0,1.7,101.0,18.34
167947,"Candies, TOBLERONE, milk chocolate with honey and almond nougat",5.71,28.57,61.21,489.0,2.5,54.0,17.143
167971,"Candies, TOOTSIE ROLL, chocolate-flavor roll",1.59,3.31,87.73,387.0,0.1,44.0,0.967
167563,"Candies, TWIZZLERS CHERRY BITES",2.97,1.7,79.38,338.0,0.1,261.0,0.25
167983,"Candies, TWIZZLERS NIBS CHERRY BITS",2.3,2.64,79.37,347.0,0.6,195.0,0.54
167583,"Candies, TWIZZLERS Strawberry Twists Candy",2.56,2.32,79.16,348.0,0.0,287.0,0.0
170281,"Candies, Tamarind",0.0,0.0,91.96,331.0,2.5,1643.0,0.0
168770,"Candies, WHATCHAMACALLIT Candy Bar",8.04,23.68,63.23,494.0,1.9,299.0,17.04
168776,"Candies, YORK BITES",1.78,7.32,81.64,394.0,2.0,46.0,4.43
167982,"Candies, YORK Peppermint Pattie",2.19,7.17,80.99,384.0,2.0,28.0,4.34
167972,"Candies, butterscotch",0.03,3.3,90.4,391.0,0.0,391.0,2.065
167974,"Candies, caramels",4.6,8.1,77.0,382.0,0.0,245.0,2.476
167566,"Candies, caramels, chocolate-flavor roll",1.59,3.31,87.73,387.0,0.1,44.0,0.967
167973,"Candies, carob, unsweetened",8.15,31.36,56.29,540.0,3.8,107.0,29.018
169059,"Candies, chocolate covered, caramel with nuts",9.5,21.0,60.67,470.0,4.3,156.0,4.657
169881,"Candies, chocolate covered, low sugar or low calorie",12.39,43.27,37.68,590.0,3.5,111.0,21.723
170274,"Candies, chocolate, dark, NFS (45-59% cacao solids 90%; 60-69% cacao solids 5%; 70-85% cacao solids 5%)",5.09,32.2,59.97,550.0,7.2,23.0,18.993
170282,"Candies, coconut bar, not chocolate covered",2.13,27.65,55.87,481.0,6.4,128.0,25.54
167980,"Candies, confectioner's coating, butterscotch",2.2,29.05,67.1,539.0,0.0,89.0,24.1
167570,"Candies, confectioner's coating, peanut butter",18.3,29.8,46.88,529.0,5.0,250.0,13.12
167569,"Candies, confectioner's coating, yogurt",5.87,27.0,63.94,522.0,0.0,88.0,24.104
170275,"Candies, crispy bar with peanut butter filling",9.53,31.34,55.53,542.0,3.3,264.0,12.959
169634,"Candies, dark chocolate coated coffee beans",7.5,30.0,59.95,540.0,7.5,25.0,15.0
168846,"Candies, divinity, prepared-from-recipe",1.32,0.06,89.05,364.0,0.0,34.0,0.0
167986,"Candies, fondant, prepared-from-recipe",0.0,0.02,93.18,373.0,0.0,11.0,0.0
170279,"Candies, fruit snacks, with high vitamin C",0.08,0.0,87.97,352.0,0.0,23.0,0.0
169669,"Candies, fudge, chocolate marshmallow, prepared-from-recipe",2.26,17.48,71.34,453.0,1.7,85.0,10.669
168817,"Candies, fudge, chocolate marshmallow, with nuts, prepared-by-recipe",3.24,21.11,67.69,474.0,2.1,79.0,10.378
167987,"Candies, fudge, chocolate, prepared-from-recipe",2.39,10.41,76.7,410.0,1.7,45.0,6.448
167988,"Candies, fudge, chocolate, with nuts, prepared-from-recipe",4.38,18.93,68.15,460.0,2.5,39.0,6.489
167578,"Candies, fudge, peanut butter, prepared-from-recipe",3.78,6.59,77.75,387.0,0.7,118.0,1.721
167580,"Candies, fudge, vanilla with nuts",3.0,13.69,74.61,435.0,0.9,42.0,3.828
167579,"Candies, fudge, vanilla, prepared-from-recipe",1.05,5.45,82.15,383.0,0.0,47.0,3.382
169061,"Candies, gum drops, no sugar or low calorie (sorbitol)",0.0,0.2,88.1,354.0,0.0,7.0,0.034
167989,"Candies, gumdrops, starch jelly pieces",0.0,0.0,98.9,396.0,0.1,44.0,0.0
167996,"Candies, halavah, plain",12.49,21.52,60.49,469.0,4.5,195.0,4.127
167990,"Candies, hard",0.0,0.2,98.0,394.0,0.0,38.0,0.0
169880,"Candies, hard, dietetic or low calorie (sorbitol)",0.0,0.0,98.6,394.0,0.0,0.0,0.0
167546,"Candies, honey-combed, with peanut butter",8.72,20.18,67.41,473.0,1.9,174.0,5.735
167991,"Candies, jellybeans",0.0,0.05,93.55,375.0,0.2,50.0,0.0
167995,"Candies, marshmallows",1.8,0.2,81.3,318.0,0.1,80.0,0.056
167587,"Candies, milk chocolate",7.65,29.66,59.4,535.0,3.4,79.0,18.509
169637,"Candies, milk chocolate coated coffee beans",7.41,33.18,55.25,549.0,5.7,70.0,18.138
168001,"Candies, milk chocolate coated peanuts",13.1,33.5,49.7,519.0,4.7,41.0,14.6
169576,"Candies, milk chocolate coated raisins",4.1,14.8,68.4,390.0,3.1,36.0,10.272
168754,"Candies, milk chocolate, with almonds",9.0,34.4,53.4,526.0,6.2,74.0,17.701
168755,"Candies, milk chocolate, with rice cereal",7.64,29.37,59.67,511.0,3.3,86.0,15.89
169060,"Candies, nougat, with almonds",3.33,1.67,92.39,398.0,3.3,33.0,1.667
169585,"Candies, peanut bar",15.5,33.7,47.4,522.0,4.1,156.0,4.678
169586,"Candies, peanut brittle, prepared-from-recipe",7.57,18.98,71.24,486.0,2.5,445.0,4.144
168791,"Candies, praline, prepared-from-recipe",3.3,25.9,59.59,485.0,3.5,48.0,2.224
167976,"Candies, semisweet chocolate",4.2,30.0,63.9,480.0,5.9,11.0,17.75
169690,"Candies, semisweet chocolate, made with butter",4.2,29.7,63.4,477.0,5.9,11.0,17.53
169588,"Candies, sesame crunch",11.6,33.3,50.3,516.0,7.7,167.0,4.662
170658,"Candies, soft fruit and nut squares",2.31,9.52,73.81,390.0,2.4,131.0,0.898
170656,"Candies, sugar-coated almonds",10.0,17.93,68.26,465.0,2.5,13.0,1.948
167977,"Candies, sweet chocolate",3.9,34.2,60.4,507.0,5.5,16.0,20.08
167978,"Candies, sweet chocolate coated fondant",2.2,9.3,80.4,366.0,2.1,26.0,5.46
169670,"Candies, taffy, prepared-from-recipe",0.03,3.33,91.56,397.0,0.0,52.0,2.049
169671,"Candies, toffee, prepared-from-recipe",1.07,32.75,64.72,560.0,0.0,135.0,20.565
169580,"Candies, truffles, prepared-from-recipe",6.21,33.76,44.88,510.0,2.5,68.0,18.488
167571,"Candies, white chocolate",5.87,32.09,59.24,539.0,0.2,90.0,19.412
172238,"Capers, canned",2.36,0.86,4.89,23.0,3.2,2348.0,0.233
171715,"Carambola, (starfruit), raw",1.04,0.33,6.73,31.0,2.8,2.0,0.019
171921,"Carbonated beverage, chocolate-flavored soda",0.0,0.0,10.7,42.0,0.0,4.0,0.0
173199,"Carbonated beverage, cream soda",0.0,0.0,13.3,51.0,0.0,12.0,0.0
175113,"Carbonated beverage, low calorie, other than cola or pepper, with sodium saccharin, without caffeine",0.0,0.0,0.1,0.0,0.0,16.0,0.0
169338,"Cardoon, cooked, boiled, drained, with salt",0.76,0.11,4.74,20.0,1.7,412.0,0.012
169982,"Cardoon, cooked, boiled, drained, without salt",0.76,0.11,5.33,22.0,1.7,176.0,0.012
169981,"Cardoon, raw",0.7,0.1,4.07,17.0,1.6,170.0,0.011
169800,"Caribou, bone marrow, raw (Alaska Native)",6.7,84.4,0.0,786.0,,,
169801,"Caribou, eye, raw (Alaska Native)",10.8,31.4,0.0,326.0,,,
168050,"Caribou, hind quarter meat, raw (Alaska Native)",22.63,3.37,0.0,122.0,0.0,52.0,1.27
169822,"Caribou, hind quarter, meat, cooked (Alaska Native)",28.81,4.82,0.0,159.0,0.0,45.0,1.88
168983,"Caribou, liver, raw (Alaska Native)",15.0,3.9,6.8,122.0,,,
167644,"Caribou, rump meat, half dried (Alaska Native)",52.06,5.23,0.0,255.0,0.0,390.0,1.55
168049,"Caribou, shoulder meat, dried (Alaska Native)",59.38,3.67,0.0,271.0,0.0,950.0,1.586
168985,"Caribou, tongue, raw (Alaska Native)",13.7,22.8,0.0,260.0,,,
173952,"Carissa, (natal-plum), raw",0.5,1.3,13.63,62.0,,3.0,
173755,Carob flour,4.62,0.65,88.88,222.0,39.8,35.0,0.09
170491,"Carrot juice, canned",0.95,0.15,9.28,40.0,0.8,66.0,0.027
170500,"Carrot, dehydrated",8.1,1.49,79.57,341.0,23.6,275.0,0.256
168568,"Carrots, baby, raw",0.64,0.13,8.24,35.0,2.9,78.0,0.023
168518,"Carrots, canned, no salt added, drained solids",0.64,0.19,5.54,25.0,1.5,42.0,0.036
169340,"Carrots, canned, no salt added, solids and liquids",0.59,0.14,5.36,23.0,1.8,34.0,0.024
170396,"Carrots, canned, regular pack, drained solids",0.64,0.19,5.54,25.0,1.5,242.0,0.036
170395,"Carrots, canned, regular pack, solids and liquids",0.58,0.14,5.37,23.0,1.8,240.0,0.025
169339,"Carrots, cooked, boiled, drained, with salt",0.76,0.18,8.22,35.0,3.0,302.0,0.037
170394,"Carrots, cooked, boiled, drained, without salt",0.76,0.18,8.22,35.0,3.0,58.0,0.03
168519,"Carrots, frozen, cooked, boiled, drained, with salt",0.58,0.68,7.73,37.0,3.3,295.0,0.132
169984,"Carrots, frozen, cooked, boiled, drained, without salt",0.58,0.68,7.73,37.0,3.3,59.0,0.12
169983,"Carrots, frozen, unprepared (Includes foods for USDA's Food Distribution Program)",0.78,0.46,7.9,36.0,3.3,68.0,0.047
170393,"Carrots, raw",0.93,0.24,9.58,41.0,2.8,69.0,0.032
169985,"Cassava, raw",1.36,0.28,38.06,160.0,1.8,14.0,0.074
168556,Catsup,1.04,0.1,27.4,101.0,0.3,907.0,0.014
169381,"Catsup, low sodium",1.04,0.1,27.4,101.0,0.3,20.0,0.014
168994,"Cattail, Narrow Leaf Shoots (Northern Plains Indians)",1.18,0.0,5.14,25.0,4.5,109.0,
168520,"Cauliflower, cooked, boiled, drained, with salt",1.84,0.45,4.11,23.0,2.3,242.0,0.07
170397,"Cauliflower, cooked, boiled, drained, without salt",1.84,0.45,4.11,23.0,2.3,15.0,0.07
168521,"Cauliflower, frozen, cooked, boiled, drained, with salt",1.61,0.22,3.16,17.0,2.7,254.0,0.034
170399,"Cauliflower, frozen, cooked, boiled, drained, without salt",1.61,0.22,3.75,19.0,2.7,18.0,0.034
170398,"Cauliflower, frozen, unprepared",2.01,0.27,4.68,24.0,2.3,24.0,0.041
169390,"Cauliflower, green, cooked, no salt added",3.04,0.31,6.28,32.0,3.3,23.0,0.043
169391,"Cauliflower, green, cooked, with salt",3.04,0.31,6.28,32.0,3.3,259.0,0.049
169389,"Cauliflower, green, raw",2.95,0.3,6.09,31.0,3.2,23.0,0.047
169986,"Cauliflower, raw",1.92,0.28,4.97,25.0,2.0,30.0,0.13
169341,"Celeriac, cooked, boiled, drained, with salt",0.96,0.19,5.9,27.0,,297.0,
169987,"Celeriac, cooked, boiled, drained, without salt",0.96,0.19,5.9,27.0,1.2,61.0,
170400,"Celeriac, raw",1.5,0.3,9.2,42.0,1.8,100.0,0.079
169342,"Celery, cooked, boiled, drained, with salt",0.83,0.16,4.0,18.0,1.6,327.0,0.04
169989,"Celery, cooked, boiled, drained, without salt",0.83,0.16,4.0,18.0,1.6,91.0,0.04
169988,"Celery, raw",0.69,0.17,2.97,14.0,1.6,80.0,0.042
169990,"Celtuce, raw",0.85,0.3,3.65,18.0,1.7,11.0,
169075,"Cereals ready-to-eat, ALPEN",11.2,3.3,75.7,352.0,9.1,27.0,0.496
173018,"Cereals ready-to-eat, BARBARA'S PUFFINS, original",7.41,3.7,84.0,333.0,18.5,704.0,0.0
169076,"Cereals ready-to-eat, FAMILIA",9.5,6.3,73.8,388.0,8.5,8.0,0.711
173884,"Cereals ready-to-eat, GENERAL MILLS, CHEERIOS",12.4,6.6,73.2,372.0,10.1,497.0,1.6
172981,"Cereals ready-to-eat, HEALTH VALLEY, FIBER 7 Flakes",14.44,1.41,78.15,353.0,14.1,200.0,0.261
174645,"Cereals ready-to-eat, MALT-O-MEAL, Apple ZINGS",4.51,2.71,87.3,390.0,2.3,454.0,0.73
172982,"Cereals ready-to-eat, MALT-O-MEAL, BERRY COLOSSAL CRUNCH",4.19,4.17,86.55,396.0,1.8,633.0,1.214
172997,"Cereals ready-to-eat, MALT-O-MEAL, Blueberry MUFFIN TOPS Cereal",4.9,11.48,79.91,443.0,4.7,462.0,1.66
174664,"Cereals ready-to-eat, MALT-O-MEAL, CHOCOLATE MARSHMALLOW MATEYS",3.5,3.67,88.18,392.0,2.5,368.0,1.6
174646,"Cereals ready-to-eat, MALT-O-MEAL, CINNAMON TOASTERS",3.32,12.06,78.33,425.0,5.0,473.0,1.85
174619,"Cereals ready-to-eat, MALT-O-MEAL, COCO-ROOS",3.41,4.61,86.75,389.0,3.3,350.0,2.57
174631,"Cereals ready-to-eat, MALT-O-MEAL, COLOSSAL CRUNCH",3.64,5.28,81.59,401.0,1.7,806.0,2.24
173895,"Cereals ready-to-eat, MALT-O-MEAL, CORN BURSTS",3.32,0.35,90.59,385.0,1.9,855.0,0.093
174647,"Cereals ready-to-eat, MALT-O-MEAL, Cocoa DYNO-BITES",4.15,3.43,87.93,397.0,1.1,534.0,2.58
172983,"Cereals ready-to-eat, MALT-O-MEAL, Crispy Rice",6.07,1.12,86.4,346.0,0.4,924.0,0.0
172990,"Cereals ready-to-eat, MALT-O-MEAL, Frosted Flakes",4.25,0.87,90.2,389.0,1.2,451.0,0.107
173000,"Cereals ready-to-eat, MALT-O-MEAL, Frosted Mini SPOONERS",9.09,1.94,81.81,354.0,10.9,18.0,0.228
173001,"Cereals ready-to-eat, MALT-O-MEAL, Fruity DYNO-BITES",3.9,3.15,90.1,404.0,1.0,630.0,0.64
174643,"Cereals ready-to-eat, MALT-O-MEAL, GOLDEN PUFFS",5.77,0.89,89.72,370.0,2.6,204.0,0.161
172995,"Cereals ready-to-eat, MALT-O-MEAL, HONEY GRAHAM SQUARES",4.46,9.97,74.68,398.0,4.4,838.0,1.5
174642,"Cereals ready-to-eat, MALT-O-MEAL, Honey BUZZERS",3.45,1.72,89.66,379.0,3.4,759.0,0.585
171681,"Cereals ready-to-eat, MALT-O-MEAL, Honey Nut SCOOTERS",8.59,4.51,79.62,387.0,6.3,695.0,0.63
173909,"Cereals ready-to-eat, MALT-O-MEAL, MARSHMALLOW MATEYS",6.94,3.53,82.77,387.0,4.9,667.0,0.719
171679,"Cereals ready-to-eat, MALT-O-MEAL, OAT BLENDERS with honey",6.78,4.17,84.94,396.0,5.0,515.0,0.5
171680,"Cereals ready-to-eat, MALT-O-MEAL, OAT BLENDERS with honey & almonds",7.8,4.88,77.26,379.0,6.1,453.0,0.62
172996,"Cereals ready-to-eat, MALT-O-MEAL, Raisin Bran Cereal",7.63,1.87,80.37,342.0,10.2,466.0,0.424
172984,"Cereals ready-to-eat, MALT-O-MEAL, TOOTIE FRUITIES",4.69,3.2,85.94,391.0,2.2,453.0,0.687
174644,"Cereals ready-to-eat, MOM'S BEST, Honey Nut TOASTY O'S",8.6,4.51,79.84,388.0,6.3,683.0,0.55
173927,"Cereals ready-to-eat, MOM'S BEST, Sweetened WHEAT-FULS",8.18,1.83,80.91,373.0,10.0,14.0,0.0
173017,"Cereals ready-to-eat, NATURE'S PATH, Organic FLAX PLUS flakes",11.91,5.46,75.27,350.0,16.6,458.0,0.62
174654,"Cereals ready-to-eat, NATURE'S PATH, Organic FLAX PLUS, Pumpkin Granola",11.23,18.33,66.1,467.0,8.4,74.0,2.8
167725,"Cereals ready-to-eat, OAT BRAN FLAKES, HEALTH VALLEY",10.0,3.0,78.0,380.0,8.0,380.0,1.0
173888,"Cereals ready-to-eat, POST Bran Flakes",9.9,2.1,80.5,328.0,18.3,540.0,0.4
169870,"Cereals ready-to-eat, POST GREAT GRAINS Banana Nut Crunch",9.8,8.8,70.9,390.0,11.2,238.0,1.1
173005,"Cereals ready-to-eat, POST GREAT GRAINS Cranberry Almond Crunch",8.9,5.9,76.6,384.0,11.1,214.0,0.8
173020,"Cereals ready-to-eat, POST HONEY BUNCHES OF OATS with cinnamon bunches",7.1,5.0,82.8,400.0,5.8,464.0,0.6
171650,"Cereals ready-to-eat, POST Raisin Bran Cereal",7.6,1.6,78.9,324.0,13.7,382.0,0.296
173919,"Cereals ready-to-eat, POST SELECTS Blueberry Morning",6.5,5.3,81.6,395.0,4.7,341.0,0.6
174653,"Cereals ready-to-eat, POST SELECTS Maple Pecan Crunch",8.5,8.7,77.4,413.0,7.4,239.0,1.0
171641,"Cereals ready-to-eat, POST, ALPHA-BITS",10.0,4.6,80.3,389.0,7.1,592.0,1.1
173885,"Cereals ready-to-eat, POST, COCOA PEBBLES",4.8,4.1,85.7,397.0,1.6,594.0,3.6
171645,"Cereals ready-to-eat, POST, FRUITY PEBBLES",4.62,4.02,86.1,402.0,0.8,531.0,3.6
171652,"Cereals ready-to-eat, POST, GOLDEN CRISP",5.5,1.7,90.1,380.0,5.0,95.0,0.2
171647,"Cereals ready-to-eat, POST, GRAPE-NUTS Cereal",11.22,1.81,80.49,361.0,13.0,465.0,0.34
171648,"Cereals ready-to-eat, POST, GRAPE-NUTS Flakes",9.4,3.7,82.0,376.0,10.2,470.0,0.5
169862,"Cereals ready-to-eat, POST, GREAT GRAINS Crunchy Pecan Cereal",9.0,10.5,73.0,403.0,9.7,287.0,1.0
169041,"Cereals ready-to-eat, POST, GREAT GRAINS, Raisin, Date & Pecan",7.9,7.1,74.3,378.0,9.3,247.0,0.8
173015,"Cereals ready-to-eat, POST, HONEY BUNCHES OF OATS with vanilla bunches",7.9,5.1,81.8,394.0,7.8,267.0,0.6
168138,"Cereals ready-to-eat, POST, HONEY BUNCHES OF OATS, honey roasted",7.12,5.46,81.19,401.0,4.2,454.0,0.64
174663,"Cereals ready-to-eat, POST, HONEY BUNCHES OF OATS, pecan bunches",7.0,5.4,82.0,399.0,5.2,483.0,0.7
169859,"Cereals ready-to-eat, POST, HONEY BUNCHES OF OATS, with almonds",7.7,7.3,79.6,409.0,5.5,417.0,0.8
173019,"Cereals ready-to-eat, POST, HONEY BUNCHES OF OATS, with real strawberries",6.7,4.9,83.3,399.0,5.4,410.0,0.6
173894,"Cereals ready-to-eat, POST, Honey Nut Shredded Wheat",8.5,2.9,83.6,373.0,10.7,102.0,0.4
173889,"Cereals ready-to-eat, POST, Honeycomb Cereal",6.01,2.93,86.63,394.0,3.2,553.0,1.29
167715,"Cereals ready-to-eat, POST, Shredded Wheat n' Bran, spoon-size",10.93,2.06,80.65,339.0,14.7,0.0,0.43
173918,"Cereals ready-to-eat, POST, Shredded Wheat, lightly frosted, spoon-size",7.8,1.9,83.8,352.0,9.6,19.0,0.3
173910,"Cereals ready-to-eat, POST, Shredded Wheat, original big biscuit",11.37,2.01,78.96,337.0,12.4,2.0,0.41
173911,"Cereals ready-to-eat, POST, Shredded Wheat, original spoon-size",11.8,2.1,81.4,351.0,12.4,2.0,0.4
174628,"Cereals ready-to-eat, Post, Waffle Crisp",6.6,5.0,83.0,390.0,4.4,596.0,0.9
173014,"Cereals ready-to-eat, QUAKER Oatmeal Squares, Golden Maple",11.3,4.83,78.04,380.0,8.3,347.0,0.874
173921,"Cereals ready-to-eat, QUAKER WHOLE HEARTS oat cereal",7.63,5.61,80.1,376.0,9.1,554.0,0.839
173892,"Cereals ready-to-eat, QUAKER, 100% Natural Granola, Oats, Wheat and Honey",10.55,11.62,73.65,421.0,10.2,50.0,1.24
171642,"Cereals ready-to-eat, QUAKER, CAP'N CRUNCH",4.39,5.12,85.51,398.0,2.5,754.0,3.346
171643,"Cereals ready-to-eat, QUAKER, CAP'N CRUNCH with CRUNCHBERRIES",4.45,4.83,85.93,397.0,2.6,725.0,3.08
174657,"Cereals ready-to-eat, QUAKER, CAP'N CRUNCH'S Halloween Crunch",4.41,5.66,85.14,402.0,2.5,719.0,3.115
171644,"Cereals ready-to-eat, QUAKER, CAP'N CRUNCH'S PEANUT BUTTER CRUNCH",7.1,9.23,78.65,417.0,2.7,742.0,3.92
173013,"Cereals ready-to-eat, QUAKER, Cap'n Crunch's OOPS! All Berries Cereal",4.6,3.99,87.1,395.0,2.6,637.0,2.291
174652,"Cereals ready-to-eat, QUAKER, Christmas Crunch",4.44,4.83,85.92,397.0,2.6,724.0,3.081
174621,"Cereals ready-to-eat, QUAKER, HONEY GRAHAM OH!S",3.92,7.63,83.65,412.0,2.1,679.0,5.709
173890,"Cereals ready-to-eat, QUAKER, KING VITAMAN",6.41,3.44,83.85,381.0,3.4,825.0,1.584
172976,"Cereals ready-to-eat, QUAKER, Low Fat 100% Natural Granola with Raisins",8.42,5.52,80.57,388.0,9.6,234.0,0.97
174634,"Cereals ready-to-eat, QUAKER, MOTHER'S COCOA BUMPERS",4.21,1.61,89.91,382.0,2.7,452.0,0.31
174632,"Cereals ready-to-eat, QUAKER, MOTHER'S Cinnamon Oat Crunch",10.6,4.56,79.79,382.0,8.1,275.0,0.82
174633,"Cereals ready-to-eat, QUAKER, MOTHER'S GRAHAM BUMPERS",4.55,1.45,88.89,379.0,2.6,758.0,0.28
172985,"Cereals ready-to-eat, QUAKER, MOTHER'S PEANUT BUTTER BUMPERS Cereal",7.62,7.33,79.68,407.0,2.5,774.0,1.45
172986,"Cereals ready-to-eat, QUAKER, MOTHER'S Toasted Oat Bran cereal",11.45,5.04,75.41,372.0,8.6,653.0,0.89
174659,"Cereals ready-to-eat, QUAKER, Maple Brown Sugar LIFE Cereal",9.17,4.06,78.86,373.0,6.3,477.0,0.765
174658,"Cereals ready-to-eat, QUAKER, Natural Granola Apple Cranberry Almond",9.21,11.06,74.73,418.0,9.9,47.0,1.13
174622,"Cereals ready-to-eat, QUAKER, Oatmeal Squares",11.38,4.83,77.77,379.0,8.3,347.0,0.873
174623,"Cereals ready-to-eat, QUAKER, Oatmeal Squares, cinnamon",11.23,4.88,78.09,379.0,8.7,344.0,0.88
172975,"Cereals ready-to-eat, QUAKER, QUAKER 100% Natural Granola with Oats, Wheat, Honey, and Raisins",9.66,10.38,74.67,412.0,9.4,54.0,1.12
173886,"Cereals ready-to-eat, QUAKER, QUAKER CRUNCHY BRAN",6.37,4.06,83.68,331.0,15.3,759.0,2.03
173007,"Cereals ready-to-eat, QUAKER, QUAKER Honey Graham LIFE Cereal",9.33,4.14,78.56,373.0,6.3,488.0,0.77
174620,"Cereals ready-to-eat, QUAKER, QUAKER OAT CINNAMON LIFE",9.14,4.1,79.02,374.0,6.3,463.0,0.77
173891,"Cereals ready-to-eat, QUAKER, QUAKER OAT LIFE, plain",9.98,4.43,77.74,374.0,6.6,501.0,0.83
171651,"Cereals ready-to-eat, QUAKER, QUAKER Puffed Rice",7.01,0.9,87.78,383.0,1.4,5.0,0.325
171669,"Cereals ready-to-eat, QUAKER, QUAKER Puffed Wheat",16.26,2.15,76.39,366.0,9.4,5.0,0.413
171649,"Cereals ready-to-eat, QUAKER, SWEET CRUNCH/QUISP",4.51,6.08,85.03,406.0,2.3,740.0,4.442
172987,"Cereals ready-to-eat, QUAKER, Shredded Wheat, bagged cereal",11.24,2.01,81.01,348.0,11.8,4.0,0.405
172974,"Cereals ready-to-eat, QUAKER, Toasted Multigrain Crisps",12.38,5.11,74.9,372.0,10.2,365.0,0.91
173887,"Cereals ready-to-eat, RALSTON CRISP RICE",6.69,1.26,86.22,383.0,0.7,545.0,0.36
173003,"Cereals ready-to-eat, RALSTON Corn Biscuits",5.83,1.05,85.79,376.0,2.6,767.0,0.193
174648,"Cereals ready-to-eat, RALSTON Corn Flakes",5.9,0.91,88.01,384.0,2.7,571.0,0.227
174649,"Cereals ready-to-eat, RALSTON Crispy Hexagons",5.94,0.95,86.78,379.0,1.5,517.0,0.263
173002,"Cereals ready-to-eat, RALSTON Enriched Wheat Bran flakes",10.21,3.36,79.77,390.0,16.9,586.0,0.433
173893,"Cereals ready-to-eat, RALSTON TASTEEOS",10.71,5.36,75.96,395.0,10.7,571.0,0.926
171653,"Cereals ready-to-eat, SUN COUNTRY, KRETSCHMER Honey Crunch Wheat Germ",26.55,7.78,58.11,372.0,10.2,11.0,1.36
174635,"Cereals ready-to-eat, SUN COUNTRY, KRETSCHMER Toasted Wheat Bran",17.56,5.16,59.51,200.0,41.3,6.0,0.77
172988,"Cereals ready-to-eat, SUN COUNTRY, KRETSCHMER Wheat Germ, Regular",31.43,9.56,49.38,366.0,11.9,6.0,1.66
174639,"Cereals ready-to-eat, UNCLE SAM CEREAL",15.98,11.6,65.78,346.0,20.3,206.0,0.946
169040,"Cereals ready-to-eat, WEETABIX whole grain cereal",11.43,2.86,81.5,371.0,11.4,371.0,0.48
172973,"Cereals ready-to-eat, chocolate-flavored frosted puffed corn",3.34,3.5,87.2,405.0,3.8,534.0,0.961
169039,"Cereals ready-to-eat, frosted oat cereal with marshmallows",7.1,3.33,84.7,400.0,4.3,533.0,0.62
171646,"Cereals ready-to-eat, granola, homemade",13.67,24.31,53.88,489.0,8.9,26.0,3.957
173912,"Cereals ready-to-eat, rice, puffed, fortified",6.3,0.5,89.8,402.0,1.7,3.0,0.13
169077,"Cereals ready-to-eat, wheat and bran, presweetened with nuts and fruits",7.1,5.6,76.2,385.0,9.7,245.0,0.8
173896,"Cereals ready-to-eat, wheat germ, toasted, plain",29.1,10.7,49.6,382.0,15.1,4.0,1.83
173913,"Cereals ready-to-eat, wheat, puffed, fortified",14.7,1.2,79.6,364.0,4.4,4.0,0.2
173914,"Cereals, CREAM OF RICE, cooked with water, with salt",0.9,0.1,11.5,52.0,0.1,173.0,0.02
173900,"Cereals, CREAM OF RICE, dry",6.3,0.5,82.4,370.0,0.7,6.0,0.136
173012,"Cereals, CREAM OF WHEAT, 1 minute cook time, cooked with water, microwaved, without salt",1.95,0.37,10.67,55.0,1.5,4.0,0.094
173011,"Cereals, CREAM OF WHEAT, 1 minute cook time, cooked with water, stove-top, without salt",1.65,0.42,11.16,56.0,0.4,4.0,0.106
173010,"Cereals, CREAM OF WHEAT, 1 minute cook time, dry",11.77,1.47,72.63,359.0,4.4,7.0,0.295
173009,"Cereals, CREAM OF WHEAT, 2 1/2 minute cook time, cooked with water, microwaved, without salt",1.88,0.37,10.1,52.0,0.7,45.0,0.099
173008,"Cereals, CREAM OF WHEAT, 2 1/2 minute cook time, cooked with water, stove-top, without salt",1.44,0.2,11.74,56.0,0.7,34.0,0.051
174655,"Cereals, CREAM OF WHEAT, 2 1/2 minute cook time, dry",11.61,1.41,71.79,355.0,4.4,328.0,0.253
171660,"Cereals, CREAM OF WHEAT, instant, dry",10.6,1.4,75.5,366.0,3.3,571.0,0.222
173902,"Cereals, CREAM OF WHEAT, instant, prepared with water, without salt",1.84,0.24,13.08,62.0,0.6,102.0,0.038
173915,"Cereals, CREAM OF WHEAT, regular (10 minute), cooked with water, with salt",1.46,0.21,10.66,50.0,0.5,129.0,0.033
171657,"Cereals, CREAM OF WHEAT, regular (10 minute), cooked with water, without salt",1.44,0.21,10.52,50.0,0.5,6.0,0.033
173901,"Cereals, CREAM OF WHEAT, regular, 10 minute cooking, dry",10.5,1.5,76.5,370.0,3.8,7.0,0.238
172998,"Cereals, MALT-O-MEAL, Farina Hot Wheat Cereal, dry",10.48,0.49,77.2,365.0,2.9,3.0,0.07
172999,"Cereals, MALT-O-MEAL, Maple & Brown Sugar Hot Wheat Cereal, dry",8.82,0.47,80.52,368.0,1.8,5.0,0.09
171674,"Cereals, MALT-O-MEAL, chocolate, dry",10.6,0.82,79.55,363.0,2.8,10.0,0.31
173004,"Cereals, MALT-O-MEAL, chocolate, prepared with water, without salt",1.37,0.1,9.22,47.0,0.4,1.0,0.03
173903,"Cereals, MALT-O-MEAL, original, plain, dry",11.8,0.7,77.25,365.0,2.1,0.0,0.08
174651,"Cereals, MALT-O-MEAL, original, plain, prepared with water, without salt",1.67,0.09,10.09,48.0,0.3,0.0,0.01
172978,"Cereals, Oat Bran, QUAKER, QUAKER/MOTHER'S Oat Bran, prepared with water, salt",2.03,0.95,7.49,43.0,1.7,46.0,0.17
172993,"Cereals, QUAKER, Instant Grits Product with American Cheese Flavor, dry",8.8,4.67,74.18,360.0,4.3,1518.0,1.08
172977,"Cereals, QUAKER, Instant Grits, Butter flavor, dry",8.12,5.64,74.83,369.0,4.7,1197.0,2.58
173899,"Cereals, QUAKER, Instant Grits, Country Bacon flavor, dry",9.93,1.73,75.39,340.0,5.1,1523.0,0.24
172994,"Cereals, QUAKER, Instant Grits, Ham 'n' Cheese flavor, dry",10.73,4.68,71.08,355.0,4.2,1930.0,1.06
172992,"Cereals, QUAKER, Instant Grits, Redeye Gravy & Country Ham flavor, dry",9.83,1.58,75.86,342.0,4.6,1805.0,0.23
174660,"Cereals, QUAKER, Instant Oatmeal Organic, Regular",16.0,6.3,67.0,367.0,9.8,4.0,1.11
174662,"Cereals, QUAKER, Instant Oatmeal, Apple and Cinnamon, reduced sugar",10.29,5.64,72.17,358.0,9.7,535.0,1.026
174638,"Cereals, QUAKER, Instant Oatmeal, Banana Bread, dry",8.97,4.85,75.7,368.0,6.7,700.0,0.9
173016,"Cereals, QUAKER, Instant Oatmeal, Cinnamon Spice, reduced sugar",11.26,6.11,69.45,358.0,8.8,760.0,1.16
171682,"Cereals, QUAKER, Instant Oatmeal, Cinnamon Swirl, high fiber",8.79,4.8,75.67,366.0,22.3,473.0,0.926
174636,"Cereals, QUAKER, Instant Oatmeal, Cinnamon-Spice, dry",10.39,5.1,74.52,369.0,8.2,416.0,0.808
174637,"Cereals, QUAKER, Instant Oatmeal, DINOSAUR EGGS, Brown Sugar, dry",8.69,7.59,73.68,384.0,6.4,500.0,2.42
172991,"Cereals, QUAKER, Instant Oatmeal, Raisin and Spice, dry",9.11,4.0,75.68,360.0,5.8,440.0,0.605
171663,"Cereals, QUAKER, Instant Oatmeal, apples and cinnamon, dry",8.62,4.61,76.74,366.0,8.3,454.0,0.88
174624,"Cereals, QUAKER, Instant Oatmeal, fruit and cream variety, dry",8.3,6.37,75.42,379.0,6.0,499.0,1.308
174661,"Cereals, QUAKER, Instant Oatmeal, fruit and cream, variety of flavors, reduced sugar",10.16,7.46,71.57,376.0,8.3,559.0,2.091
173907,"Cereals, QUAKER, Instant Oatmeal, maple and brown sugar, dry",9.2,4.63,76.91,368.0,7.2,506.0,0.793
174625,"Cereals, QUAKER, Instant Oatmeal, raisins, dates and walnuts, dry",8.82,6.98,72.41,371.0,6.9,516.0,1.07
173926,"Cereals, QUAKER, Instant Oatmeal, weight control, cinnamon",16.5,6.28,64.21,361.0,13.0,618.0,1.207
174626,"Cereals, QUAKER, Oat Bran, QUAKER/MOTHER'S Oat Bran, dry",17.03,7.97,62.94,364.0,14.3,5.0,1.43
174627,"Cereals, QUAKER, Oat Bran, QUAKER/MOTHER'S Oat Bran, prepared with water, no salt",2.03,0.95,7.49,43.0,1.7,3.0,0.17
172972,"Cereals, QUAKER, QUAKER MultiGrain Oatmeal, dry",12.64,2.73,72.62,334.0,11.9,7.0,0.45
172979,"Cereals, QUAKER, QUAKER MultiGrain Oatmeal, prepared with water, no salt",2.08,0.47,13.49,61.0,2.2,3.0,0.096
172980,"Cereals, QUAKER, QUAKER MultiGrain Oatmeal, prepared with water, salt",2.07,0.47,13.47,61.0,2.2,70.0,0.095
174640,"Cereals, QUAKER, Quick Oats with Iron, Dry",13.7,6.87,68.18,371.0,9.4,3.0,0.96
172989,"Cereals, QUAKER, Quick Oats, Dry",13.7,6.87,68.18,371.0,9.4,3.0,1.11
173923,"Cereals, QUAKER, Weight Control Instant Oatmeal, banana bread",16.5,6.16,64.42,361.0,12.6,619.0,1.188
173922,"Cereals, QUAKER, Weight Control Instant Oatmeal, maple and brown sugar",16.37,6.2,64.25,361.0,13.0,642.0,1.157
174641,"Cereals, QUAKER, Whole Wheat Natural Cereal, dry",11.8,2.0,74.8,333.0,9.9,8.0,0.419
173898,"Cereals, QUAKER, corn grits, instant, cheddar cheese flavor, dry",8.98,5.46,72.96,363.0,4.2,1644.0,1.33
171656,"Cereals, QUAKER, corn grits, instant, plain, dry",7.31,2.14,78.42,343.0,4.2,1121.0,0.362
173897,"Cereals, QUAKER, corn grits, instant, plain, prepared (microwaved or boiling water added), without salt",1.58,0.49,15.95,74.0,1.1,227.0,0.076
174629,"Cereals, QUAKER, hominy grits, white, quick, dry",8.8,1.2,79.6,348.0,4.8,1.0,0.16
174630,"Cereals, QUAKER, hominy grits, white, regular, dry",8.8,1.6,79.2,361.0,1.6,1.0,0.15
171684,"Cereals, QUAKER, oatmeal, REAL MEDLEYS, apple walnut, dry",8.18,10.36,70.53,390.0,7.0,356.0,1.301
171683,"Cereals, QUAKER, oatmeal, REAL MEDLEYS, blueberry hazelnut, dry",9.81,9.8,69.47,386.0,7.7,337.0,1.648
173925,"Cereals, QUAKER, oatmeal, REAL MEDLEYS, cherry pistachio, dry",12.02,11.02,66.73,394.0,7.1,181.0,1.387
173924,"Cereals, QUAKER, oatmeal, REAL MEDLEYS, peach almond, dry",10.1,9.84,68.61,387.0,7.4,201.0,1.114
171685,"Cereals, QUAKER, oatmeal, REAL MEDLEYS, summer berry, dry",11.31,4.4,72.58,353.0,8.5,354.0,1.041
171666,"Cereals, WHEATENA, cooked with water",2.0,0.5,11.8,56.0,2.7,2.0,0.075
171676,"Cereals, WHEATENA, cooked with water, with salt",2.03,0.45,11.74,59.0,2.0,238.0,0.091
171665,"Cereals, WHEATENA, dry",13.1,2.9,75.6,357.0,12.8,13.0,0.43
171671,"Cereals, corn grits, white, regular and quick, enriched, cooked with water, with salt",1.71,0.46,14.76,71.0,0.8,223.0,0.066
171655,"Cereals, corn grits, white, regular and quick, enriched, cooked with water, without salt",1.71,0.46,14.76,71.0,0.8,2.0,0.066
171654,"Cereals, corn grits, white, regular and quick, enriched, dry",7.65,1.75,79.09,370.0,4.6,1.0,0.34
171672,"Cereals, corn grits, yellow, regular and quick, enriched, cooked with water, without salt",1.23,0.39,13.86,65.0,0.7,2.0,0.06
171670,"Cereals, corn grits, yellow, regular and quick, unenriched, dry",8.8,1.2,79.6,371.0,1.6,1.0,0.155
171673,"Cereals, corn grits, yellow, regular, quick, enriched, cooked with water, with salt",1.23,0.39,13.86,65.0,0.7,223.0,0.06
171659,"Cereals, farina, enriched, assorted brands including CREAM OF WHEAT, quick (1-3 minutes), cooked with water, without salt",1.82,0.34,10.92,55.0,0.8,18.0,0.066
171658,"Cereals, farina, enriched, assorted brands including CREAM OF WHEAT, quick (1-3 minutes), dry",11.6,1.41,73.19,360.0,4.2,124.0,0.232
173917,"Cereals, farina, enriched, cooked with water, with salt",1.82,0.34,10.92,53.0,0.8,126.0,0.066
173916,"Cereals, farina, unenriched, dry",10.6,0.5,78.0,369.0,1.9,3.0,0.08
173920,"Cereals, oats, instant, fortified, maple and brown sugar, dry",9.25,4.73,76.67,386.0,7.2,505.0,0.778
171661,"Cereals, oats, instant, fortified, plain, dry",11.92,6.9,69.52,362.0,10.0,220.0,1.346
171662,"Cereals, oats, instant, fortified, plain, prepared with water (boiling water added or microwaved)",2.37,1.36,11.67,68.0,1.7,49.0,0.226
171664,"Cereals, oats, instant, fortified, with cinnamon and spice, dry",9.53,4.84,76.08,369.0,8.0,434.0,0.768
173906,"Cereals, oats, instant, fortified, with cinnamon and spice, prepared with water",2.37,1.21,18.95,96.0,2.0,111.0,0.191
173908,"Cereals, oats, instant, fortified, with raisins and spice, prepared with water",1.98,0.95,17.91,88.0,1.3,111.0,0.15
171675,"Cereals, oats, regular and quick and instant, unenriched, cooked with water (includes boiling and microwaving), with salt",2.54,1.52,12.0,71.0,1.7,71.0,0.31
173904,"Cereals, oats, regular and quick, not fortified, dry",13.15,6.52,67.7,379.0,10.1,6.0,1.11
173905,"Cereals, oats, regular and quick, unenriched, cooked with water (includes boiling and microwaving), without salt",2.54,1.52,12.0,71.0,1.7,4.0,0.31
171678,"Cereals, ready-to-eat, MALT-O-MEAL, Blueberry Mini SPOONERS",8.81,1.92,79.4,350.0,10.3,2.0,0.4
171677,"Cereals, whole wheat hot natural cereal, cooked with water, with salt",2.0,0.4,13.7,62.0,1.6,233.0,0.06
171668,"Cereals, whole wheat hot natural cereal, cooked with water, without salt",2.0,0.4,13.7,62.0,1.6,0.0,0.06
171667,"Cereals, whole wheat hot natural cereal, dry",11.2,2.0,75.2,342.0,9.5,2.0,0.3
169343,"Chard, swiss, cooked, boiled, drained, with salt",1.88,0.08,4.13,20.0,2.1,415.0,
170401,"Chard, swiss, cooked, boiled, drained, without salt",1.88,0.08,4.13,20.0,2.1,179.0,0.012
169991,"Chard, swiss, raw",1.8,0.2,3.74,19.0,1.6,213.0,0.03
169344,"Chayote, fruit, cooked, boiled, drained, with salt",0.62,0.48,4.5,22.0,2.8,237.0,0.031
170403,"Chayote, fruit, cooked, boiled, drained, without salt",0.62,0.48,5.09,24.0,2.8,1.0,0.0
170402,"Chayote, fruit, raw",0.82,0.13,4.51,19.0,1.7,2.0,0.028
170856,"Cheese food, cold pack, American",19.66,24.46,8.32,331.0,0.0,966.0,15.355
171252,"Cheese food, pasteurized process, American, vitamin D fortified",16.86,25.63,8.56,330.0,0.0,1284.0,15.057
171291,"Cheese food, pasteurized process, American, without added vitamin D",16.86,25.63,8.56,330.0,0.0,1441.0,15.057
171253,"Cheese food, pasteurized process, swiss",21.92,24.14,4.5,323.0,0.0,1552.0,15.487
173455,"Cheese product, pasteurized process, American, reduced fat, fortified with vitamin D",17.6,14.1,10.6,240.0,0.0,1201.0,8.85
171289,"Cheese product, pasteurized process, American, vitamin D fortified",16.09,23.06,8.85,307.0,0.0,1279.0,12.931
168860,"Cheese puffs and twists, corn based, baked, low fat",8.5,12.1,72.35,432.0,3.6,842.0,2.1
172200,"Cheese sauce, prepared from recipe",10.33,14.92,5.48,197.0,0.1,493.0,8.034
170896,"Cheese spread, American or Cheddar cheese base, reduced fat",13.41,8.88,10.71,176.0,0.0,1102.0,5.647
169081,"Cheese spread, cream cheese base",7.1,28.6,3.5,295.0,0.0,436.0,18.02
171254,"Cheese spread, pasteurized process, American",16.41,21.23,8.73,290.0,0.0,1625.0,13.327
172198,"Cheese substitute, mozzarella",11.47,12.22,23.67,248.0,0.0,685.0,3.711
170863,"Cheese, American, nonfat or fat free",21.05,0.0,10.53,126.0,0.0,1316.0,0.0
171288,"Cheese, Mexican blend",23.54,32.14,0.13,384.0,0.0,607.0,16.07
172216,"Cheese, Mexican, blend, reduced fat",24.69,19.4,3.41,282.0,0.0,776.0,11.58
170897,"Cheese, Swiss, nonfat or fat free",28.4,0.0,3.4,127.0,0.0,1000.0,0.0
169901,"Cheese, american cheddar, imitation",16.7,14.0,11.6,239.0,0.0,1345.0,8.79
172175,"Cheese, blue",21.4,28.74,2.34,353.0,0.0,1146.0,18.669
172176,"Cheese, brick",23.24,29.68,2.79,371.0,0.0,560.0,18.764
172177,"Cheese, brie",20.75,27.68,0.45,334.0,0.0,629.0,17.41
172178,"Cheese, camembert",19.8,24.26,0.46,300.0,0.0,842.0,15.259
173413,"Cheese, caraway",25.18,29.2,3.06,376.0,0.0,690.0,18.584
173414,"Cheese, cheddar (Includes foods for USDA's Food Distribution Program)",22.87,33.31,3.37,403.0,0.0,653.0,18.867
171295,"Cheese, cheddar, nonfat or fat free",32.14,0.0,7.14,157.0,0.0,1000.0,0.0
171292,"Cheese, cheddar, reduced fat (Includes foods for USDA's Food Distribution Program)",27.35,20.41,2.67,316.0,0.0,628.0,12.602
170899,"Cheese, cheddar, sharp, sliced",24.25,33.82,2.13,410.0,0.0,644.0,19.368
173415,"Cheese, cheshire",23.37,30.6,4.78,387.0,0.0,700.0,19.475
173416,"Cheese, colby",23.76,32.11,2.57,394.0,0.0,604.0,20.218
172179,"Cheese, cottage, creamed, large or small curd",11.12,4.3,3.38,98.0,0.0,315.0,1.718
172180,"Cheese, cottage, creamed, with fruit",10.69,3.85,4.61,97.0,0.2,344.0,2.311
173417,"Cheese, cottage, lowfat, 1% milkfat",12.39,1.02,2.72,72.0,0.0,406.0,0.645
167703,"Cheese, cottage, lowfat, 1% milkfat, lactose reduced",12.4,1.0,3.2,74.0,0.6,220.0,0.64
168114,"Cheese, cottage, lowfat, 1% milkfat, no sodium added",12.4,1.0,2.7,72.0,0.0,13.0,0.632
167716,"Cheese, cottage, lowfat, 1% milkfat, with vegetables",10.9,1.0,3.0,67.0,0.0,403.0,0.619
172182,"Cheese, cottage, lowfat, 2% milkfat",10.45,2.27,4.76,81.0,0.0,308.0,1.235
172181,"Cheese, cottage, nonfat, uncreamed, dry, large or small curd",10.34,0.29,6.66,72.0,0.0,372.0,0.169
169078,"Cheese, cottage, with vegetables",10.9,4.2,3.0,95.0,0.1,403.0,2.646
173418,"Cheese, cream",6.15,34.44,5.52,350.0,0.0,314.0,20.213
172207,"Cheese, cream, fat free",15.69,1.0,7.66,105.0,0.0,702.0,0.644
169079,"Cheese, cream, low fat",7.85,16.67,6.73,208.0,0.0,317.0,10.0
172222,"Cheese, dry white, queso seco",24.51,24.35,2.04,325.0,,1808.0,13.718
173419,"Cheese, edam",24.99,28.57,1.43,357.0,0.0,973.0,18.67
173420,"Cheese, feta",14.21,21.49,3.88,265.0,0.0,1139.0,13.3
170843,"Cheese, fontina",25.6,31.14,1.55,389.0,0.0,800.0,19.196
172223,"Cheese, fresh, queso fresco",18.09,23.82,2.98,299.0,0.0,751.0,12.94
171240,"Cheese, gjetost",9.65,29.51,42.65,466.0,0.0,600.0,19.16
172197,"Cheese, goat, hard type",30.52,35.59,2.17,452.0,0.0,423.0,24.609
173433,"Cheese, goat, semisoft type",21.58,29.84,0.12,364.0,0.0,415.0,20.639
173435,"Cheese, goat, soft type",18.52,21.08,0.0,264.0,0.0,459.0,14.575
171241,"Cheese, gouda",24.94,27.44,2.22,356.0,0.0,819.0,17.614
171242,"Cheese, gruyere",29.81,32.34,0.36,413.0,0.0,714.0,18.913
171243,"Cheese, limburger",20.05,27.25,0.49,327.0,0.0,800.0,16.746
173439,"Cheese, low fat, cheddar or colby",24.35,7.0,1.91,173.0,0.0,873.0,4.342
173440,"Cheese, low-sodium, cheddar or colby",24.35,32.62,1.91,398.0,0.0,21.0,20.768
172201,"Cheese, mexican, queso anejo",21.44,29.98,4.63,373.0,0.0,1131.0,19.033
173437,"Cheese, mexican, queso asadero",22.6,25.0,4.13,356.0,0.0,607.0,14.85
173438,"Cheese, mexican, queso chihuahua",21.56,29.68,5.56,374.0,0.0,617.0,18.843
170898,"Cheese, mexican, queso cotija",20.0,30.0,3.97,366.0,0.0,1400.0,17.5
170844,"Cheese, monterey",24.48,30.28,0.68,373.0,0.0,600.0,19.066
168098,"Cheese, monterey, low fat",28.2,21.6,0.7,313.0,0.0,781.0,14.04
171244,"Cheese, mozzarella, low moisture, part-skim",23.75,19.78,5.58,295.0,0.0,666.0,11.295
170900,"Cheese, mozzarella, low moisture, part-skim, shredded",23.63,19.72,8.06,304.0,0.0,682.0,11.472
167735,"Cheese, mozzarella, low sodium",27.5,17.1,3.1,280.0,0.0,16.0,10.867
169051,"Cheese, mozzarella, nonfat",31.7,0.0,3.5,141.0,1.8,743.0,0.0
170847,"Cheese, mozzarella, part skim milk",24.26,15.92,2.77,254.0,0.0,619.0,10.114
170845,"Cheese, mozzarella, whole milk",22.17,22.14,2.4,299.0,0.0,486.0,13.9
170846,"Cheese, mozzarella, whole milk, low moisture",21.6,24.64,2.47,318.0,0.0,710.0,15.561
171245,"Cheese, muenster",23.41,30.04,1.12,368.0,0.0,628.0,19.113
169050,"Cheese, muenster, low fat",24.7,17.6,3.5,271.0,0.0,600.0,10.95
171246,"Cheese, neufchatel",9.15,22.78,3.59,253.0,0.0,334.0,12.79
173452,"Cheese, parmesan, dry grated, reduced fat",20.0,20.0,1.37,265.0,0.0,1529.0,13.317
171247,"Cheese, parmesan, grated",28.42,27.84,13.91,420.0,0.0,1804.0,15.371
170848,"Cheese, parmesan, hard",35.75,25.0,3.22,392.0,0.0,1175.0,14.85
167705,"Cheese, parmesan, low sodium",41.6,29.99,3.7,451.0,0.0,63.0,19.051
173431,"Cheese, parmesan, shredded",37.86,27.34,3.41,415.0,0.0,1696.0,17.37
170853,"Cheese, pasteurized process, American, fortified with vitamin D",18.13,30.71,4.78,366.0,0.0,1671.0,18.057
169080,"Cheese, pasteurized process, American, low fat",24.6,7.0,3.5,180.0,0.0,1789.0,4.41
171290,"Cheese, pasteurized process, American, without added vitamin D",18.13,31.79,3.7,371.0,0.0,1671.0,18.057
168121,"Cheese, pasteurized process, cheddar or American, low sodium",22.2,31.19,1.6,376.0,0.0,7.0,19.651
170854,"Cheese, pasteurized process, pimento",22.13,31.2,1.73,375.0,0.1,915.0,19.663
170855,"Cheese, pasteurized process, swiss",24.73,25.01,2.1,334.0,0.0,1370.0,16.045
170849,"Cheese, port de salut",23.78,28.2,0.57,352.0,0.0,534.0,16.691
170850,"Cheese, provolone",25.58,26.62,2.14,351.0,0.0,727.0,17.078
172215,"Cheese, provolone, reduced fat",24.7,17.6,3.5,274.0,0.0,615.0,11.3
171248,"Cheese, ricotta, part skim milk",11.39,7.91,5.14,138.0,0.0,99.0,4.927
170851,"Cheese, ricotta, whole milk",7.54,10.18,7.27,150.0,0.0,110.0,6.42
171249,"Cheese, romano",31.8,26.94,3.63,387.0,0.0,1433.0,17.115
171250,"Cheese, roquefort",21.54,30.64,2.0,369.0,0.0,1809.0,19.263
171251,"Cheese, swiss",26.96,30.99,1.44,393.0,0.0,187.0,18.227
168141,"Cheese, swiss, low fat",28.4,5.1,3.4,179.0,0.0,199.0,3.304
168124,"Cheese, swiss, low sodium",28.4,27.4,3.4,374.0,0.0,14.0,17.744
170852,"Cheese, tilsit",24.41,25.98,1.88,340.0,0.0,753.0,16.775
172224,"Cheese, white, queso blanco",20.38,24.31,2.53,310.0,,704.0,13.661
171623,"Cheesefurter, cheese smokie, pork, beef",14.1,29.0,1.51,328.0,0.0,1082.0,10.47
173953,"Cherimoya, raw",1.57,0.68,17.71,75.0,3.0,7.0,0.233
167769,"Cherries, sour, canned, water pack, drained",0.69,0.21,10.45,42.0,1.2,4.0,
171717,"Cherries, sour, red, canned, extra heavy syrup pack, solids and liquids",0.71,0.09,29.23,114.0,0.8,7.0,0.021
171716,"Cherries, sour, red, canned, heavy syrup pack, solids and liquids",0.73,0.1,23.27,91.0,1.1,7.0,0.021
173956,"Cherries, sour, red, canned, light syrup pack, solids and liquids",0.74,0.1,19.3,75.0,0.8,7.0,0.022
173955,"Cherries, sour, red, canned, water pack, solids and liquids",0.77,0.1,8.94,36.0,1.1,7.0,0.023
171718,"Cherries, sour, red, frozen, unsweetened (Includes foods for USDA's Food Distribution Program)",0.92,0.44,11.02,46.0,1.6,1.0,0.1
173954,"Cherries, sour, red, raw",1.0,0.3,12.18,50.0,1.6,3.0,0.068
171720,"Cherries, sweet, canned, extra heavy syrup pack, solids and liquids",0.59,0.15,26.23,102.0,1.5,3.0,0.033
173958,"Cherries, sweet, canned, juice pack, solids and liquids",0.91,0.02,13.81,54.0,1.5,3.0,0.004
173959,"Cherries, sweet, canned, light syrup pack, solids and liquids",0.61,0.15,17.29,67.0,1.5,3.0,0.034
173960,"Cherries, sweet, canned, pitted, heavy syrup pack, solids and liquids",0.6,0.15,21.27,83.0,1.4,3.0,0.034
167770,"Cherries, sweet, canned, pitted, heavy syrup, drained",0.73,0.21,21.07,83.0,2.3,3.0,0.041
173957,"Cherries, sweet, canned, water pack, solids and liquids",0.77,0.13,11.76,46.0,1.5,1.0,0.028
171719,"Cherries, sweet, raw",1.06,0.2,16.01,63.0,2.1,0.0,0.038
171708,"Cherries, tart, dried, sweetened (Includes foods for USDA's Food Distribution Program)",1.25,0.73,80.45,333.0,2.5,13.0,0.146
167807,"Cherry juice, tart",0.31,0.54,13.7,59.0,,4.0,
168771,Chewing gum,0.0,0.3,96.7,360.0,2.4,1.0,0.042
169882,"Chewing gum, sugarless",0.0,0.4,94.8,268.0,2.4,7.0,0.058
171514,"Chicken breast tenders, breaded, cooked, microwaved",16.35,12.89,17.56,252.0,0.0,446.0,3.2
171515,"Chicken breast tenders, breaded, uncooked",14.73,15.75,15.01,263.0,1.1,536.0,3.26
173874,"Chicken breast, deli, rotisserie seasoned, sliced, prepackaged",17.4,1.86,2.92,98.0,0.0,1032.0,0.564
172962,"Chicken breast, fat-free, mesquite flavor, sliced",16.8,0.39,2.25,80.0,0.0,1040.0,0.13
172963,"Chicken breast, oven-roasted, fat-free, sliced",16.79,0.39,2.17,79.0,0.0,1087.0,0.13
174608,"Chicken breast, roll, oven-roasted",14.59,7.65,1.79,134.0,0.0,883.0,2.48
171513,"Chicken patty, frozen, cooked",14.85,19.58,12.84,287.0,0.3,532.0,3.662
171512,"Chicken patty, frozen, uncooked",14.33,20.04,13.61,292.0,1.2,518.0,4.013
173331,"Chicken pot pie, frozen entree, prepared",5.11,11.85,19.21,204.0,1.1,393.0,4.365
173858,Chicken spread,18.01,17.56,4.05,158.0,0.3,722.0,3.23
173346,"Chicken tenders, breaded, frozen, prepared",14.62,13.58,14.86,240.0,1.7,527.0,2.437
171140,"Chicken, broiler or fryers, breast, skinless, boneless, meat only, cooked, braised",32.06,3.24,0.0,157.0,0.0,47.0,1.01
171534,"Chicken, broiler or fryers, breast, skinless, boneless, meat only, cooked, grilled",30.54,3.17,0.0,151.0,0.0,52.0,0.992
171077,"Chicken, broiler or fryers, breast, skinless, boneless, meat only, raw",22.5,2.62,0.0,120.0,0.0,45.0,0.563
171535,"Chicken, broiler or fryers, breast, skinless, boneless, meat only, with added solution, cooked, braised",28.24,3.61,0.0,145.0,0.0,172.0,1.193
171536,"Chicken, broiler or fryers, breast, skinless, boneless, meat only, with added solution, cooked, grilled",29.5,3.39,0.0,148.0,0.0,215.0,1.012
174506,"Chicken, broiler, rotisserie, BBQ, back meat only",21.85,13.87,0.31,212.0,0.0,563.0,3.613
171124,"Chicken, broiler, rotisserie, BBQ, back, meat and skin",20.29,18.86,0.4,251.0,0.0,509.0,4.953
171125,"Chicken, broiler, rotisserie, BBQ, breast, meat and skin",26.37,7.67,0.09,175.0,0.0,329.0,1.958
171445,"Chicken, broiler, rotisserie, BBQ, breast, meat only",28.04,3.57,0.0,144.0,0.0,328.0,0.863
171126,"Chicken, broiler, rotisserie, BBQ, drumstick, meat and skin",25.65,11.46,0.12,206.0,0.0,392.0,2.855
171114,"Chicken, broiler, rotisserie, BBQ, drumstick, meat only",27.71,6.76,0.0,172.0,0.0,403.0,1.573
171524,"Chicken, broiler, rotisserie, BBQ, skin",15.19,35.15,0.7,378.0,0.0,335.0,9.333
171127,"Chicken, broiler, rotisserie, BBQ, thigh, meat and skin",22.51,15.08,0.12,226.0,0.0,335.0,3.927
171118,"Chicken, broiler, rotisserie, BBQ, thigh, meat only",24.09,10.74,0.0,193.0,0.0,335.0,2.777
172830,"Chicken, broiler, rotisserie, BBQ, wing, meat and skin",23.42,18.04,0.6,257.0,0.0,579.0,4.627
171516,"Chicken, broiler, rotisserie, BBQ, wing, meat only",28.34,7.79,0.54,186.0,0.0,725.0,2.134
171521,"Chicken, broilers or fryers,  rotisserie, original seasoning, drumstick, meat and skin, cooked",26.86,11.98,0.02,215.0,0.0,411.0,3.02
171470,"Chicken, broilers or fryers, back, meat and skin, cooked, fried, batter",21.97,21.91,10.25,331.0,,317.0,5.83
171471,"Chicken, broilers or fryers, back, meat and skin, cooked, fried, flour",27.79,20.74,6.5,331.0,,90.0,5.61
171071,"Chicken, broilers or fryers, back, meat and skin, cooked, roasted",25.95,20.97,0.0,300.0,0.0,87.0,5.82
171072,"Chicken, broilers or fryers, back, meat and skin, cooked, stewed",22.18,18.14,0.0,258.0,0.0,64.0,5.02
171469,"Chicken, broilers or fryers, back, meat and skin, raw",14.05,28.74,0.0,319.0,0.0,64.0,8.34
171074,"Chicken, broilers or fryers, back, meat only, cooked, fried",29.99,15.32,5.68,288.0,0.0,99.0,4.12
171472,"Chicken, broilers or fryers, back, meat only, cooked, roasted",28.19,13.16,0.0,239.0,0.0,96.0,3.6
171473,"Chicken, broilers or fryers, back, meat only, cooked, stewed",25.31,11.19,0.0,209.0,0.0,67.0,3.04
171073,"Chicken, broilers or fryers, back, meat only, raw",19.56,5.92,0.0,137.0,0.0,82.0,1.52
171475,"Chicken, broilers or fryers, breast, meat and skin, cooked, fried, batter",24.84,13.2,8.99,260.0,0.3,275.0,3.52
171476,"Chicken, broilers or fryers, breast, meat and skin, cooked, fried, flour",31.84,8.87,1.64,222.0,0.1,76.0,2.45
171075,"Chicken, broilers or fryers, breast, meat and skin, cooked, roasted",29.8,7.78,0.0,197.0,0.0,71.0,2.19
171076,"Chicken, broilers or fryers, breast, meat and skin, cooked, stewed",27.39,7.42,0.0,184.0,0.0,62.0,2.08
171474,"Chicken, broilers or fryers, breast, meat and skin, raw",20.85,9.25,0.0,172.0,0.0,63.0,2.66
171078,"Chicken, broilers or fryers, breast, meat only, cooked, fried",33.44,4.71,0.51,187.0,0.0,79.0,1.29
171477,"Chicken, broilers or fryers, breast, meat only, cooked, roasted",31.02,3.57,0.0,165.0,0.0,74.0,1.01
171478,"Chicken, broilers or fryers, breast, meat only, cooked, stewed",28.98,3.03,0.0,151.0,0.0,63.0,0.85
171509,"Chicken, broilers or fryers, breast, skinless, boneless, meat only, with added solution, raw",20.32,3.0,0.0,108.0,0.0,173.0,0.545
174497,"Chicken, broilers or fryers, dark meat, drumstick, meat and skin, cooked, braised",22.72,10.73,0.0,187.0,0.0,111.0,2.939
172852,"Chicken, broilers or fryers, dark meat, drumstick, meat only, cooked, braised",23.93,5.95,0.0,149.0,0.0,117.0,1.601
172376,"Chicken, broilers or fryers, dark meat, drumstick, meat only, cooked, roasted",24.24,5.7,0.0,155.0,0.0,128.0,1.505
173614,"Chicken, broilers or fryers, dark meat, drumstick, meat only, raw",19.41,3.71,0.0,116.0,0.0,114.0,0.949
171063,"Chicken, broilers or fryers, dark meat, meat and skin, cooked, fried, batter",21.85,18.64,9.38,298.0,,295.0,4.95
171064,"Chicken, broilers or fryers, dark meat, meat and skin, cooked, fried, flour",27.22,16.91,4.08,285.0,0.0,89.0,4.58
171065,"Chicken, broilers or fryers, dark meat, meat and skin, cooked, roasted",25.97,15.78,0.0,253.0,0.0,87.0,4.37
171066,"Chicken, broilers or fryers, dark meat, meat and skin, cooked, stewed",23.5,14.66,0.0,233.0,0.0,70.0,4.06
171463,"Chicken, broilers or fryers, dark meat, meat and skin, raw",16.69,18.34,0.0,237.0,0.0,73.0,5.26
171068,"Chicken, broilers or fryers, dark meat, meat only, cooked, fried",28.99,11.62,2.59,239.0,0.0,97.0,3.12
171069,"Chicken, broilers or fryers, dark meat, meat only, cooked, roasted",27.37,9.73,0.0,205.0,0.0,93.0,2.66
171070,"Chicken, broilers or fryers, dark meat, meat only, cooked, stewed",25.97,8.98,0.0,192.0,0.0,74.0,2.45
171067,"Chicken, broilers or fryers, dark meat, meat only, raw",20.08,4.31,0.0,125.0,0.0,85.0,1.1
174498,"Chicken, broilers or fryers, dark meat, thigh, meat and skin, cooked, braised",22.57,15.43,0.0,229.0,0.0,76.0,4.253
172853,"Chicken, broilers or fryers, dark meat, thigh, meat only, cooked, braised",24.55,8.63,0.0,176.0,0.0,77.0,2.346
173627,"Chicken, broilers or fryers, dark meat, thigh, meat only, raw",19.66,4.12,0.0,121.0,0.0,95.0,1.097
172374,"Chicken, broilers or fryers, drumstick, meat and skin, cooked, fried, batter",21.95,15.75,8.28,268.0,0.3,269.0,4.14
173611,"Chicken, broilers or fryers, drumstick, meat and skin, cooked, fried, flour",26.96,13.72,1.63,245.0,0.1,89.0,3.66
173612,"Chicken, broilers or fryers, drumstick, meat and skin, cooked, roasted",23.35,10.15,0.0,191.0,0.0,123.0,2.74
173613,"Chicken, broilers or fryers, drumstick, meat and skin, cooked, stewed",25.32,10.64,0.0,204.0,0.0,76.0,2.91
172373,"Chicken, broilers or fryers, drumstick, meat and skin, raw",18.08,9.2,0.11,161.0,0.0,106.0,2.459
172375,"Chicken, broilers or fryers, drumstick, meat only, cooked, fried",28.62,8.08,0.0,195.0,0.0,96.0,2.13
172377,"Chicken, broilers or fryers, drumstick, meat only, cooked, stewed",27.5,5.71,0.0,169.0,0.0,80.0,1.51
171519,"Chicken, broilers or fryers, drumstick, rotisserie, original seasoning, meat only, cooked",28.74,6.81,0.0,176.0,0.0,417.0,1.594
171058,"Chicken, broilers or fryers, giblets, cooked, fried",32.54,13.46,4.35,277.0,0.0,113.0,3.8
171455,"Chicken, broilers or fryers, giblets, cooked, simmered",27.15,4.5,0.0,157.0,0.0,67.0,1.322
171057,"Chicken, broilers or fryers, giblets, raw",17.88,4.47,1.8,124.0,0.0,77.0,1.36
173615,"Chicken, broilers or fryers, leg, meat and skin, cooked, fried, batter",21.77,16.17,8.72,273.0,0.3,279.0,4.28
173616,"Chicken, broilers or fryers, leg, meat and skin, cooked, fried, flour",26.84,14.43,2.5,254.0,0.1,88.0,3.9
173617,"Chicken, broilers or fryers, leg, meat and skin, cooked, roasted",24.03,8.99,0.0,184.0,0.0,98.0,2.446
173618,"Chicken, broilers or fryers, leg, meat and skin, cooked, stewed",24.17,12.92,0.0,220.0,0.0,73.0,3.57
172378,"Chicken, broilers or fryers, leg, meat and skin, raw",16.37,15.95,0.17,214.0,0.0,84.0,4.366
172379,"Chicken, broilers or fryers, leg, meat only, cooked, fried",28.38,9.32,0.65,208.0,0.0,96.0,2.49
172380,"Chicken, broilers or fryers, leg, meat only, cooked, roasted",24.22,7.8,0.0,174.0,0.0,99.0,2.108
172381,"Chicken, broilers or fryers, leg, meat only, cooked, stewed",26.26,8.06,0.0,185.0,0.0,78.0,2.2
173619,"Chicken, broilers or fryers, leg, meat only, raw",19.16,4.22,0.0,120.0,0.0,96.0,1.05
171459,"Chicken, broilers or fryers, light meat, meat and skin, cooked, fried, batter",23.55,15.44,9.5,277.0,,287.0,4.12
171460,"Chicken, broilers or fryers, light meat, meat and skin, cooked, fried, flour",30.45,12.09,1.82,246.0,0.1,77.0,3.32
171461,"Chicken, broilers or fryers, light meat, meat and skin, cooked, roasted",29.02,10.85,0.0,222.0,0.0,75.0,3.05
171462,"Chicken, broilers or fryers, light meat, meat and skin, cooked, stewed",26.14,9.97,0.0,201.0,0.0,63.0,2.8
171062,"Chicken, broilers or fryers, light meat, meat and skin, raw",20.27,11.07,0.0,186.0,0.0,65.0,3.16
171465,"Chicken, broilers or fryers, light meat, meat only, cooked, fried",32.82,5.54,0.42,192.0,0.0,81.0,1.52
171466,"Chicken, broilers or fryers, light meat, meat only, cooked, roasted",30.91,4.51,0.0,173.0,0.0,77.0,1.27
171467,"Chicken, broilers or fryers, light meat, meat only, cooked, stewed",28.88,3.99,0.0,159.0,0.0,65.0,1.12
171464,"Chicken, broilers or fryers, light meat, meat only, raw",23.2,1.65,0.0,114.0,0.0,68.0,0.44
171048,"Chicken, broilers or fryers, meat and skin and giblets and neck, cooked, fried, batter",22.84,17.53,9.03,291.0,,284.0,4.67
171049,"Chicken, broilers or fryers, meat and skin and giblets and neck, cooked, fried, flour",28.57,15.27,3.27,272.0,,86.0,4.16
171047,"Chicken, broilers or fryers, meat and skin and giblets and neck, raw",18.33,14.83,0.13,213.0,0.0,70.0,4.24
171050,"Chicken, broilers or fryers, meat and skin and giblets and neck, roasted",26.78,13.27,0.06,234.0,0.0,79.0,3.7
171446,"Chicken, broilers or fryers, meat and skin and giblets and neck, stewed",24.49,12.37,0.06,216.0,0.0,66.0,3.45
171448,"Chicken, broilers or fryers, meat and skin, cooked, fried, batter",22.54,17.35,9.42,289.0,0.3,292.0,4.61
171449,"Chicken, broilers or fryers, meat and skin, cooked, fried, flour",28.56,14.92,3.15,269.0,0.1,84.0,4.06
171450,"Chicken, broilers or fryers, meat and skin, cooked, roasted",27.3,13.6,0.0,239.0,0.0,82.0,3.79
171051,"Chicken, broilers or fryers, meat and skin, cooked, stewed",24.68,12.56,0.0,219.0,0.0,67.0,3.5
171447,"Chicken, broilers or fryers, meat and skin, raw",18.6,15.06,0.0,215.0,0.0,70.0,4.31
171053,"Chicken, broilers or fryers, meat only, cooked, fried",30.57,9.12,1.69,219.0,0.1,91.0,2.46
171054,"Chicken, broilers or fryers, meat only, cooked, roasted",28.93,7.41,0.0,190.0,0.0,86.0,2.04
171451,"Chicken, broilers or fryers, meat only, cooked, stewed",27.29,6.71,0.0,177.0,0.0,70.0,1.84
171052,"Chicken, broilers or fryers, meat only, raw",21.39,3.08,0.0,119.0,0.0,77.0,0.79
173622,"Chicken, broilers or fryers, neck, meat and skin, cooked simmered",19.61,18.1,0.0,247.0,0.0,52.0,5.0
173620,"Chicken, broilers or fryers, neck, meat and skin, cooked, fried, batter",19.82,23.52,8.7,330.0,,276.0,6.22
173621,"Chicken, broilers or fryers, neck, meat and skin, cooked, fried, flour",24.01,23.61,4.24,332.0,,82.0,6.32
172382,"Chicken, broilers or fryers, neck, meat and skin, raw",14.07,26.24,0.0,297.0,0.0,64.0,7.27
172383,"Chicken, broilers or fryers, neck, meat only, cooked, fried",26.87,11.88,1.77,229.0,0.0,99.0,3.0
172384,"Chicken, broilers or fryers, neck, meat only, cooked, simmered",24.56,8.18,0.0,179.0,0.0,64.0,2.1
173623,"Chicken, broilers or fryers, neck, meat only, raw",17.55,8.78,0.0,154.0,0.0,81.0,2.25
171122,"Chicken, broilers or fryers, rotisserie, original seasoning, back, meat and skin, cooked",23.23,18.59,0.03,260.0,0.0,584.0,4.924
171517,"Chicken, broilers or fryers, rotisserie, original seasoning, back, meat only, cooked",25.34,11.54,0.0,205.0,0.0,661.0,3.007
171123,"Chicken, broilers or fryers, rotisserie, original seasoning, breast, meat and skin, cooked",27.48,8.18,0.02,184.0,0.0,347.0,2.114
171518,"Chicken, broilers or fryers, rotisserie, original seasoning, breast, meat only, cooked",28.0,2.79,0.0,137.0,0.0,313.0,0.775
171520,"Chicken, broilers or fryers, rotisserie, original seasoning, skin only, cooked",17.66,37.24,0.11,406.0,0.0,381.0,9.994
171522,"Chicken, broilers or fryers, rotisserie, original seasoning, thigh, meat and skin, cooked",22.93,15.7,0.02,233.0,0.0,345.0,4.123
171120,"Chicken, broilers or fryers, rotisserie, original seasoning, thigh, meat only, cooked",24.06,11.09,0.0,196.0,0.0,337.0,2.866
171523,"Chicken, broilers or fryers, rotisserie, original seasoning, wing, meat and skin, cooked",24.34,18.77,0.04,266.0,0.0,610.0,4.814
171121,"Chicken, broilers or fryers, rotisserie, original seasoning, wing, meat only, cooked",27.69,9.53,0.0,197.0,0.0,725.0,2.223
171468,"Chicken, broilers or fryers, separable fat, raw",3.73,67.95,0.0,629.0,0.0,32.0,20.25
171453,"Chicken, broilers or fryers, skin only, cooked, fried, batter",10.32,28.83,23.15,394.0,,581.0,7.61
171454,"Chicken, broilers or fryers, skin only, cooked, fried, flour",19.09,42.58,9.34,502.0,,53.0,11.67
171055,"Chicken, broilers or fryers, skin only, cooked, roasted",20.36,40.68,0.0,454.0,0.0,65.0,11.42
171056,"Chicken, broilers or fryers, skin only, cooked, stewed",15.22,33.04,0.0,363.0,0.0,56.0,9.28
171452,"Chicken, broilers or fryers, skin only, raw",13.33,32.35,0.0,349.0,0.0,63.0,9.08
172386,"Chicken, broilers or fryers, thigh, meat and skin, cooked, fried, batter",21.61,16.53,9.08,277.0,0.3,288.0,4.41
173624,"Chicken, broilers or fryers, thigh, meat and skin, cooked, fried, flour",26.75,14.98,3.18,262.0,0.1,88.0,4.09
173625,"Chicken, broilers or fryers, thigh, meat and skin, cooked, roasted",23.26,14.71,0.0,232.0,0.0,102.0,4.111
173626,"Chicken, broilers or fryers, thigh, meat and skin, cooked, stewed",23.26,14.74,0.0,232.0,0.0,71.0,4.11
172385,"Chicken, broilers or fryers, thigh, meat and skin, raw",16.52,16.61,0.25,221.0,0.0,81.0,4.524
172387,"Chicken, broilers or fryers, thigh, meat only, cooked, fried",28.18,10.3,1.18,218.0,0.0,95.0,2.78
172388,"Chicken, broilers or fryers, thigh, meat only, cooked, roasted",24.76,8.15,0.0,179.0,0.0,106.0,2.311
172389,"Chicken, broilers or fryers, thigh, meat only, cooked, stewed",25.0,9.79,0.0,195.0,0.0,75.0,2.71
173628,"Chicken, broilers or fryers, wing, meat and skin, cooked, fried, batter",19.87,21.81,10.94,324.0,0.3,320.0,5.83
173629,"Chicken, broilers or fryers, wing, meat and skin, cooked, fried, flour",26.11,22.16,2.39,321.0,0.1,77.0,6.06
173630,"Chicken, broilers or fryers, wing, meat and skin, cooked, roasted",23.79,16.87,0.0,254.0,0.0,98.0,4.976
173631,"Chicken, broilers or fryers, wing, meat and skin, cooked, stewed",22.78,16.82,0.0,249.0,0.0,67.0,4.71
172390,"Chicken, broilers or fryers, wing, meat and skin, raw",17.52,12.85,0.0,191.0,0.0,84.0,3.535
172391,"Chicken, broilers or fryers, wing, meat only, cooked, fried",30.15,9.15,0.0,211.0,0.0,91.0,2.5
172392,"Chicken, broilers or fryers, wing, meat only, cooked, roasted",30.46,8.13,0.0,203.0,0.0,92.0,2.26
172393,"Chicken, broilers or fryers, wing, meat only, cooked, stewed",27.18,7.18,0.0,181.0,0.0,73.0,2.0
173632,"Chicken, broilers or fryers, wing, meat only, raw",21.97,3.54,0.0,126.0,0.0,81.0,0.94
171099,"Chicken, canned, meat only, with broth",21.77,7.95,0.0,165.0,0.0,503.0,2.2
171110,"Chicken, canned, no broth",25.3,8.1,0.9,185.0,0.0,482.0,2.25
174466,"Chicken, capons, giblets, cooked, simmered",26.39,5.4,0.76,164.0,0.0,55.0,1.77
174465,"Chicken, capons, giblets, raw",18.28,5.18,1.42,130.0,0.0,77.0,1.64
172407,"Chicken, capons, meat and skin and giblets and neck, cooked, roasted",28.35,11.67,0.04,226.0,0.0,50.0,3.28
172406,"Chicken, capons, meat and skin and giblets and neck, raw",18.51,16.9,0.08,232.0,0.0,47.0,4.89
173646,"Chicken, capons, meat and skin, cooked, roasted",28.96,11.65,0.0,229.0,0.0,49.0,3.26
173645,"Chicken, capons, meat and skin, raw",18.77,17.07,0.0,234.0,0.0,45.0,4.95
171107,"Chicken, cornish game hens, meat and skin, cooked, roasted",22.27,18.21,0.0,259.0,0.0,64.0,5.05
171507,"Chicken, cornish game hens, meat and skin, raw",17.15,14.02,0.0,200.0,0.0,61.0,3.89
171109,"Chicken, cornish game hens, meat only, cooked, roasted",23.3,3.87,0.0,134.0,0.0,63.0,0.99
171108,"Chicken, cornish game hens, meat only, raw",20.04,3.33,0.0,116.0,0.0,68.0,0.85
174504,"Chicken, dark meat, drumstick, meat and skin, with added solution, cooked, braised",21.55,10.71,0.13,183.0,0.0,165.0,2.923
172861,"Chicken, dark meat, drumstick, meat and skin, with added solution, cooked, roasted",24.72,9.0,0.05,180.0,0.0,186.0,2.656
172860,"Chicken, dark meat, drumstick, meat and skin, with added solution, raw",18.03,8.24,0.0,146.0,0.0,150.0,2.334
172857,"Chicken, dark meat, drumstick, meat only, with added solution, cooked, braised",22.99,6.33,0.0,149.0,0.0,169.0,1.73
172856,"Chicken, dark meat, drumstick, meat only, with added solution, cooked, roasted",25.34,5.0,0.0,146.0,0.0,190.0,1.438
174499,"Chicken, dark meat, drumstick, meat only, with added solution, raw",19.19,3.26,0.0,106.0,0.0,152.0,0.954
172862,"Chicken, dark meat, thigh, meat and skin, with added solution, cooked, braised",20.7,14.62,0.21,215.0,0.0,185.0,3.881
174505,"Chicken, dark meat, thigh, meat and skin, with added solution, cooked, roasted",23.47,13.81,0.09,214.0,0.0,174.0,4.145
172863,"Chicken, dark meat, thigh, meat and skin, with added solution, raw",16.56,14.58,0.0,197.0,0.0,151.0,3.975
172858,"Chicken, dark meat, thigh, meat only, with added solution, cooked, braised",23.0,7.96,0.0,164.0,0.0,197.0,2.04
174500,"Chicken, dark meat, thigh, meat only, with added solution, cooked, roasted",24.23,7.73,0.0,164.0,0.0,177.0,2.405
172859,"Chicken, dark meat, thigh, meat only, with added solution, raw",19.11,3.69,0.0,110.0,0.0,156.0,0.899
171119,"Chicken, feet, boiled",19.4,14.6,0.2,215.0,0.0,67.0,3.92
171457,"Chicken, gizzard, all classes, cooked, simmered",30.39,2.68,0.0,154.0,0.0,56.0,0.67
171456,"Chicken, gizzard, all classes, raw",17.66,2.06,0.0,94.0,0.0,69.0,0.529
171117,"Chicken, ground, crumbles, cooked, pan-browned",23.28,10.92,0.0,189.0,0.0,75.0,3.11
171116,"Chicken, ground, raw",17.44,8.1,0.04,143.0,0.0,60.0,2.301
171059,"Chicken, heart, all classes, cooked, simmered",26.41,7.92,0.1,185.0,0.0,48.0,2.26
171458,"Chicken, heart, all classes, raw",15.55,9.33,0.71,153.0,0.0,74.0,2.66
174491,"Chicken, liver, all classes, cooked, pan-fried",25.78,6.43,1.11,172.0,0.0,92.0,2.033
171061,"Chicken, liver, all classes, cooked, simmered",24.46,6.51,0.87,167.0,0.0,76.0,2.06
171060,"Chicken, liver, all classes, raw",16.92,4.83,0.73,119.0,0.0,71.0,1.563
169886,"Chicken, meatless",23.64,12.73,3.64,224.0,3.6,709.0,1.534
167719,"Chicken, meatless, breaded, fried",21.28,12.77,8.51,234.0,4.3,400.0,1.13
172111,"Chicken, nuggets, dark and white meat, precooked, frozen, not reheated",12.02,17.31,16.09,268.0,1.6,540.0,3.598
172112,"Chicken, nuggets, white meat, precooked, frozen, not reheated",14.36,15.42,16.24,261.0,0.7,538.0,3.366
173639,"Chicken, roasting, dark meat, meat only, cooked, roasted",23.25,8.75,0.0,178.0,0.0,95.0,2.43
173638,"Chicken, roasting, dark meat, meat only, raw",18.74,3.61,0.0,113.0,0.0,95.0,0.93
172397,"Chicken, roasting, giblets, cooked, simmered",26.77,5.22,0.86,165.0,0.0,60.0,1.64
172396,"Chicken, roasting, giblets, raw",18.14,5.04,1.14,127.0,0.0,77.0,1.54
173637,"Chicken, roasting, light meat, meat only, cooked, roasted",27.13,4.07,0.0,153.0,0.0,51.0,1.08
172398,"Chicken, roasting, light meat, meat only, raw",22.2,1.63,0.0,109.0,0.0,51.0,0.37
173633,"Chicken, roasting, meat and skin and giblets and neck, cooked, roasted",23.96,13.07,0.05,220.0,0.0,71.0,3.66
172394,"Chicken, roasting, meat and skin and giblets and neck, raw",17.09,15.46,0.09,213.0,0.0,69.0,4.41
173635,"Chicken, roasting, meat and skin, cooked, roasted",23.97,13.39,0.0,223.0,0.0,73.0,3.74
172395,"Chicken, roasting, meat only, cooked, roasted",25.01,6.63,0.0,167.0,0.0,75.0,1.81
173636,"Chicken, roasting, meat only, raw",20.33,2.7,0.0,111.0,0.0,75.0,0.67
172854,"Chicken, skin (drumsticks and thighs), cooked, braised",14.61,42.76,0.0,443.0,0.0,75.0,11.914
174496,"Chicken, skin (drumsticks and thighs), cooked, roasted",16.57,43.99,0.0,462.0,0.0,85.0,12.146
172855,"Chicken, skin (drumsticks and thighs), raw",9.58,44.23,0.79,440.0,0.0,51.0,12.102
174501,"Chicken, skin (drumsticks and thighs), with added solution, cooked, braised",12.26,38.94,1.0,403.0,0.0,139.0,10.605
174503,"Chicken, skin (drumsticks and thighs), with added solution, cooked, roasted",20.31,37.6,0.44,421.0,0.0,162.0,11.0
174502,"Chicken, skin (drumsticks and thighs), with added solution, raw",11.11,37.9,0.01,386.0,0.0,139.0,10.565
172405,"Chicken, stewing, dark meat, meat only, cooked, stewed",28.14,15.28,0.0,258.0,0.0,95.0,4.07
172404,"Chicken, stewing, dark meat, meat only, raw",19.7,8.12,0.0,157.0,0.0,101.0,2.08
173642,"Chicken, stewing, giblets, cooked, simmered",25.73,9.3,0.11,194.0,0.0,56.0,2.66
173641,"Chicken, stewing, giblets, raw",17.89,9.21,2.13,168.0,0.0,77.0,2.63
173644,"Chicken, stewing, light meat, meat only, cooked, stewed",33.04,7.98,0.0,213.0,0.0,58.0,1.98
173643,"Chicken, stewing, light meat, meat only, raw",23.1,4.21,0.0,137.0,0.0,53.0,0.97
172399,"Chicken, stewing, meat and skin, and giblets and neck, cooked, stewed",24.88,11.91,0.0,214.0,0.0,67.0,3.324
173640,"Chicken, stewing, meat and skin, and giblets and neck, raw",17.48,19.52,0.19,251.0,0.0,71.0,5.48
172401,"Chicken, stewing, meat and skin, cooked, stewed",26.88,18.87,0.0,285.0,0.0,73.0,5.11
172400,"Chicken, stewing, meat and skin, raw",17.55,20.33,0.0,258.0,0.0,71.0,5.71
172403,"Chicken, stewing, meat only, cooked, stewed",30.42,11.89,0.0,237.0,0.0,78.0,3.1
172402,"Chicken, stewing, meat only, raw",21.26,6.32,0.0,148.0,0.0,79.0,1.57
168961,"Chicken, thighs, frozen, breaded, reheated",18.66,22.45,14.23,334.0,0.1,813.0,5.207
171111,"Chicken, wing, frozen, glazed, barbecue flavored",19.67,12.67,3.34,211.0,0.6,615.0,3.321
171115,"Chicken, wing, frozen, glazed, barbecue flavored, heated (conventional oven)",22.24,14.87,3.36,242.0,0.5,559.0,3.966
171508,"Chicken, wing, frozen, glazed, barbecue flavored, heated (microwave)",25.34,13.9,3.84,248.0,0.9,837.0,3.655
174288,Chickpea flour (besan),22.39,6.69,57.82,387.0,10.8,64.0,0.693
173800,"Chickpeas (garbanzo beans, bengal gram), mature seeds, canned, drained solids",7.05,2.77,22.53,139.0,6.4,246.0,0.214
173801,"Chickpeas (garbanzo beans, bengal gram), mature seeds, canned, drained, rinsed in tap water",7.04,2.47,22.87,138.0,6.3,212.0,0.213
175206,"Chickpeas (garbanzo beans, bengal gram), mature seeds, canned, solids and liquids",4.92,1.95,13.49,88.0,4.4,278.0,0.204
175250,"Chickpeas (garbanzo beans, bengal gram), mature seeds, canned, solids and liquids, low sodium",4.92,1.95,13.49,88.0,4.4,132.0,0.204
173799,"Chickpeas (garbanzo beans, bengal gram), mature seeds, cooked, boiled, with salt",8.86,2.59,27.42,164.0,7.6,243.0,0.269
173757,"Chickpeas (garbanzo beans, bengal gram), mature seeds, cooked, boiled, without salt",8.86,2.59,27.42,164.0,7.6,7.0,0.269
173756,"Chickpeas (garbanzo beans, bengal gram), mature seeds, raw",20.47,6.04,62.95,378.0,12.2,24.0,0.603
169992,"Chicory greens, raw",1.7,0.3,4.7,23.0,4.0,45.0,0.073
169993,"Chicory roots, raw",1.4,0.2,17.51,72.0,1.5,50.0,0.048
170404,"Chicory, witloof, raw",0.9,0.1,4.0,17.0,3.1,2.0,0.024
167630,Chilchen (Red Berry Beverage) (Navajo),0.81,0.63,8.68,44.0,,15.0,0.075
172313,"Child formula, ABBOTT NUTRITION, PEDIASURE, ready-to-feed",2.86,4.77,11.15,99.0,0.0,36.0,1.256
173550,"Child formula, ABBOTT NUTRITION, PEDIASURE, ready-to-feed, with iron and fiber",2.8,4.7,11.28,99.0,0.5,36.0,1.256
172097,"Chili con carne with beans, canned entree",5.8,3.47,13.1,107.0,3.3,449.0,1.253
175207,"Chili with beans, canned",6.12,3.76,13.24,103.0,3.3,423.0,1.133
172110,"Chili with beans, microwavable bowls",5.85,3.68,10.88,100.0,2.9,385.0,1.372
172098,"Chili, no beans, canned entree",7.53,7.1,6.1,118.0,0.5,411.0,2.255
168986,"Chiton, leathery, gumboots (Alaska Native)",17.1,1.6,0.0,83.0,,,
170075,"Chives, freeze-dried",21.2,3.5,64.29,311.0,26.2,70.0,0.591
169994,"Chives, raw",3.27,0.73,4.35,30.0,2.5,3.0,0.146
170271,"Chocolate, dark, 45- 59% cacao solids",4.88,31.28,61.17,546.0,7.0,24.0,18.519
170272,"Chocolate, dark, 60-69% cacao solids",6.12,38.31,52.42,579.0,8.0,10.0,22.031
170273,"Chocolate, dark, 70-85% cacao solids",7.79,42.63,45.9,598.0,10.9,20.0,24.489
168000,Chocolate-flavored hazelnut spread,5.41,29.73,62.36,539.0,5.4,41.0,28.423
168999,"Chokecherries, raw, pitted (Northern Plains Indians)",3.04,1.69,33.62,162.0,20.0,5.0,
168058,"Chokecherries, raw, pitted (Shoshone Bannock)",2.89,0.98,33.88,156.0,17.0,2.0,
168491,"Chrysanthemum leaves, raw",3.36,0.56,3.01,24.0,3.0,118.0,
168522,"Chrysanthemum, garland, cooked, boiled, drained, with salt",1.64,0.09,4.31,20.0,2.3,289.0,
170405,"Chrysanthemum, garland, cooked, boiled, drained, without salt",1.64,0.09,4.31,20.0,2.3,53.0,0.022
169995,"Chrysanthemum, garland, raw",3.36,0.56,3.02,24.0,3.0,118.0,
167940,"Cinnamon buns, frosted (includes honey buns)",4.45,26.61,48.6,452.0,1.2,305.0,12.649
168195,"Clementines, raw",0.85,0.15,12.02,47.0,1.7,1.0,
173477,Clif Z bar,5.55,9.72,74.72,416.0,8.3,375.0,2.721
169802,"Cloudberries, raw (Alaska Native)",2.4,0.8,8.6,51.0,,,
169803,"Cockles, raw (Alaska Native)",13.5,0.7,4.7,79.0,,,
171887,"Cocoa mix, NESTLE, Rich Chocolate Hot Cocoa Mix",3.0,15.0,75.0,400.0,4.0,850.0,10.0
170657,"Cocoa, dry powder, hi-fat or breakfast, processed with alkali",16.8,23.71,49.71,479.0,33.9,20.0,12.64
169593,"Cocoa, dry powder, unsweetened",19.6,13.7,57.9,228.0,37.0,21.0,8.07
168774,"Cocoa, dry powder, unsweetened, HERSHEY'S European Style Cocoa",20.0,10.0,60.0,410.0,20.0,0.0,0.0
169594,"Cocoa, dry powder, unsweetened, processed with alkali",18.1,13.1,58.3,220.0,29.8,19.0,7.76
168523,"Collards, cooked, boiled, drained, with salt",2.71,0.72,5.65,33.0,4.0,252.0,0.047
170407,"Collards, cooked, boiled, drained, without salt",2.71,0.72,5.65,33.0,4.0,15.0,0.047
168524,"Collards, frozen, chopped, cooked, boiled, drained, with salt",2.97,0.41,7.1,36.0,2.8,286.0,0.04
169996,"Collards, frozen, chopped, cooked, boiled, drained, without salt",2.97,0.41,7.1,36.0,2.8,50.0,0.06
170408,"Collards, frozen, chopped, unprepared",2.69,0.37,6.46,33.0,3.6,48.0,0.048
170406,"Collards, raw",3.02,0.61,5.42,32.0,4.0,17.0,0.055
173256,"Continental Mills, Krusteaz Almond Poppyseed Muffin Mix, Artificially Flavored, dry",5.6,10.3,75.6,418.0,1.7,590.0,2.1
174079,"Cookie, butter or sugar, with chocolate icing or filling",4.1,23.5,68.83,503.0,1.9,301.0,14.8
174080,"Cookie, chocolate, with icing or coating",4.5,24.2,67.87,507.0,2.3,380.0,16.5
171835,"Cookie, vanilla with caramel, coconut, and chocolate coating",3.5,25.8,64.1,489.0,4.4,182.0,17.7
171836,"Cookie, with peanut butter filling, chocolate-coated",8.1,35.3,52.9,562.0,3.5,371.0,19.2
171867,"Cookies, Marie biscuit",7.05,10.58,70.54,406.0,3.5,370.0,5.291
168014,"Cookies, animal crackers (includes arrowroot, tea biscuits)",6.9,13.8,74.1,446.0,1.1,335.0,3.463
171837,"Cookies, animal, with frosting or icing",3.0,24.1,70.09,509.0,0.9,257.0,16.2
172713,"Cookies, brownies, commercially prepared",4.8,16.3,63.9,405.0,2.1,286.0,4.235
171840,"Cookies, brownies, commercially prepared, reduced fat, with added fiber",2.77,9.68,61.58,345.0,11.1,290.0,2.766
174948,"Cookies, brownies, dry mix, regular",4.0,14.9,76.6,434.0,,303.0,2.519
172731,"Cookies, brownies, dry mix, sugar free",2.9,12.5,80.4,426.0,4.2,83.0,2.018
174949,"Cookies, brownies, prepared from recipe",6.2,29.1,50.2,466.0,,343.0,7.319
174950,"Cookies, butter, commercially prepared, enriched",6.1,18.8,68.9,467.0,0.8,282.0,11.051
172819,"Cookies, butter, commercially prepared, unenriched",6.1,18.8,68.9,467.0,0.8,351.0,11.051
174095,"Cookies, chocolate chip sandwich, with creme filling",2.94,17.65,63.52,425.0,0.0,279.0,5.882
172716,"Cookies, chocolate chip, commercially prepared, regular, higher fat, enriched",5.1,24.72,65.36,492.0,2.0,311.0,8.091
172820,"Cookies, chocolate chip, commercially prepared, regular, higher fat, unenriched",5.4,22.6,66.8,481.0,2.5,315.0,7.476
172715,"Cookies, chocolate chip, commercially prepared, regular, lower fat",5.97,17.91,67.49,451.0,3.0,418.0,5.962
172717,"Cookies, chocolate chip, commercially prepared, soft-type",3.63,19.77,65.75,444.0,1.8,276.0,9.751
172732,"Cookies, chocolate chip, commercially prepared, special dietary",3.9,16.8,73.4,450.0,1.6,244.0,4.183
174952,"Cookies, chocolate chip, dry mix",4.6,25.2,66.1,497.0,,290.0,8.316
172808,"Cookies, chocolate chip, prepared from recipe, made with butter",5.7,28.4,58.2,488.0,,341.0,14.071
174955,"Cookies, chocolate chip, prepared from recipe, made with margarine",5.7,28.3,58.4,488.0,2.8,361.0,8.074
174953,"Cookies, chocolate chip, refrigerated dough",3.98,21.33,61.02,451.0,1.5,321.0,8.39
174954,"Cookies, chocolate chip, refrigerated dough, baked",4.9,22.6,68.2,492.0,1.7,232.0,7.759
171866,"Cookies, chocolate cream covered biscuit sticks",10.0,22.5,51.08,447.0,5.0,213.0,12.584
171841,"Cookies, chocolate sandwich, with creme filling, reduced fat",2.94,13.24,76.17,436.0,2.9,471.0,2.941
172718,"Cookies, chocolate sandwich, with creme filling, regular",5.21,19.14,71.0,464.0,2.9,388.0,5.649
172719,"Cookies, chocolate sandwich, with creme filling, regular, chocolate-coated",3.6,26.4,66.4,481.0,5.2,326.0,7.426
172733,"Cookies, chocolate sandwich, with creme filling, special dietary",4.5,22.1,68.0,461.0,4.1,342.0,3.992
172720,"Cookies, chocolate sandwich, with extra creme filling",4.33,24.52,68.2,497.0,2.7,351.0,5.454
172714,"Cookies, chocolate wafers",6.6,14.2,72.7,433.0,3.4,580.0,4.241
174096,"Cookies, chocolate, made with rice cereal",3.23,19.35,63.26,440.0,1.6,210.0,11.29
171847,"Cookies, coconut macaroon",3.02,22.55,61.22,460.0,5.1,241.0,20.099
172721,"Cookies, fig bars",3.7,7.3,70.9,348.0,4.6,350.0,1.123
172722,"Cookies, fortune",4.2,2.7,84.0,378.0,1.6,31.0,0.669
174951,"Cookies, fudge, cake-type (includes trolley cakes)",5.0,3.7,78.3,349.0,2.8,192.0,1.112
174956,"Cookies, gingersnaps",5.6,9.8,76.9,416.0,2.2,555.0,2.451
171857,"Cookies, gluten-free, chocolate sandwich, with creme filling",2.19,17.89,76.03,474.0,2.5,275.0,7.905
171858,"Cookies, gluten-free, chocolate wafer",4.06,30.42,62.82,541.0,1.6,122.0,15.299
171859,"Cookies, gluten-free, lemon wafer",0.0,24.18,74.39,515.0,0.0,111.0,10.501
171860,"Cookies, gluten-free, vanilla sandwich, with creme filling",2.66,20.47,74.61,493.0,0.5,201.0,7.006
174958,"Cookies, graham crackers, chocolate-coated",4.0,25.8,66.78,500.0,2.2,265.0,17.2
174957,"Cookies, graham crackers, plain or honey (includes cinnamon)",6.69,10.6,77.66,430.0,3.4,516.0,1.633
174083,"Cookies, graham crackers, plain or honey, lowfat",5.71,5.71,77.96,386.0,5.7,629.0,0.0
174959,"Cookies, ladyfingers, with lemon juice and rind",10.6,9.1,59.7,365.0,1.0,147.0,3.069
172821,"Cookies, ladyfingers, without lemon juice and rind",10.6,9.1,59.7,363.0,1.0,147.0,3.022
172723,"Cookies, marshmallow, chocolate-coated (includes marshmallow pies)",4.0,16.9,67.7,421.0,2.0,188.0,4.722
174097,"Cookies, marshmallow, with rice cereal and chocolate chips",4.55,18.18,63.26,435.0,0.0,341.0,11.364
172724,"Cookies, molasses",5.6,12.8,73.8,430.0,1.0,459.0,3.212
171842,"Cookies, oatmeal sandwich, with creme filling",2.61,18.29,55.62,398.0,2.6,500.0,5.226
172725,"Cookies, oatmeal, commercially prepared, regular",6.2,18.1,68.7,450.0,2.8,520.0,4.519
172726,"Cookies, oatmeal, commercially prepared, soft-type",6.1,14.7,65.7,409.0,2.7,349.0,3.63
172734,"Cookies, oatmeal, commercially prepared, special dietary",4.8,18.0,69.9,449.0,2.9,273.0,2.693
174960,"Cookies, oatmeal, dry mix",6.5,19.2,67.3,462.0,,473.0,4.755
172807,"Cookies, oatmeal, prepared from recipe, without raisins",6.8,17.9,66.4,447.0,,598.0,3.581
171865,"Cookies, oatmeal, reduced fat",4.02,10.04,64.62,365.0,16.1,562.0,4.09
174961,"Cookies, oatmeal, refrigerated dough",5.4,18.9,59.1,424.0,2.5,294.0,4.751
174962,"Cookies, oatmeal, refrigerated dough, baked",6.0,21.0,65.7,471.0,2.8,327.0,5.339
174963,"Cookies, oatmeal, with raisins",5.86,15.76,68.95,441.0,3.3,322.0,5.439
174965,"Cookies, peanut butter sandwich, regular",8.8,21.1,65.6,478.0,1.9,368.0,4.995
174969,"Cookies, peanut butter sandwich, special dietary",10.0,34.0,50.8,535.0,,412.0,4.937
172727,"Cookies, peanut butter, commercially prepared, regular",8.92,23.82,58.15,473.0,2.1,463.0,6.751
172728,"Cookies, peanut butter, commercially prepared, soft-type",5.3,24.4,57.7,457.0,1.7,336.0,6.149
171843,"Cookies, peanut butter, commercially prepared, sugar free",10.34,31.03,50.52,523.0,3.4,448.0,8.621
174964,"Cookies, peanut butter, prepared from recipe",9.0,23.8,58.9,475.0,,518.0,4.438
172729,"Cookies, peanut butter, refrigerated dough",8.2,25.0,52.1,458.0,1.1,397.0,5.791
172730,"Cookies, peanut butter, refrigerated dough, baked",9.1,27.5,57.3,503.0,1.2,436.0,6.199
174966,"Cookies, raisin, soft-type",4.1,13.6,68.0,401.0,1.2,418.0,3.46
174968,"Cookies, shortbread, commercially prepared, pecan",4.9,32.5,58.3,542.0,1.8,281.0,8.204
174967,"Cookies, shortbread, commercially prepared, plain",5.37,26.22,63.78,514.0,1.3,353.0,8.105
174087,"Cookies, shortbread, reduced fat",5.37,14.0,75.99,451.0,1.3,571.0,4.694
174088,"Cookies, sugar wafer, chocolate-covered",3.45,27.59,65.99,526.0,3.4,138.0,17.241
174970,"Cookies, sugar wafer, with creme filling, sugar free",3.57,28.57,66.26,531.0,14.3,71.0,4.257
172736,"Cookies, sugar wafers with creme filling, regular",3.84,23.24,70.64,502.0,1.6,103.0,11.899
174971,"Cookies, sugar, commercially prepared, regular (includes vanilla)",5.35,19.55,67.34,464.0,1.3,385.0,7.666
174972,"Cookies, sugar, refrigerated dough",4.0,19.48,61.22,436.0,0.9,328.0,4.955
172735,"Cookies, sugar, refrigerated dough, baked",4.7,23.1,65.6,489.0,0.9,362.0,5.906
172737,"Cookies, vanilla sandwich with creme filling",4.5,20.0,72.1,483.0,1.5,388.0,2.979
171868,"Cookies, vanilla sandwich with creme filling, reduced fat",4.17,10.42,78.16,423.0,2.1,354.0,3.175
174974,"Cookies, vanilla wafers, higher fat",4.9,16.41,72.6,455.0,1.6,325.0,4.245
174973,"Cookies, vanilla wafers, lower fat",5.0,15.2,73.6,441.0,1.9,388.0,3.838
169997,"Coriander (cilantro) leaves, raw",2.13,0.52,3.67,23.0,2.8,46.0,0.014
170289,"Corn bran, crude",8.36,0.92,85.64,224.0,79.0,7.0,0.13
173345,"Corn dogs, frozen, prepared",8.57,12.02,26.96,250.0,1.0,668.0,3.466
169694,"Corn flour, masa, enriched, white",8.46,3.69,76.59,363.0,6.4,5.0,0.532
169696,"Corn flour, masa, unenriched, white",8.46,3.69,76.59,363.0,6.4,5.0,0.532
168921,"Corn flour, whole-grain, blue (harina de maiz morado)",8.75,5.09,73.89,364.0,8.4,5.0,
169748,"Corn flour, whole-grain, white",6.93,3.86,76.85,361.0,7.3,5.0,0.543
170290,"Corn flour, whole-grain, yellow",6.93,3.86,76.85,361.0,7.3,5.0,0.543
169695,"Corn flour, yellow, degermed, unenriched",5.59,1.39,82.75,375.0,1.9,1.0,0.171
169749,"Corn flour, yellow, masa, enriched",8.46,3.69,76.59,363.0,6.4,5.0,0.532
168920,"Corn grain, white",9.42,4.74,74.26,365.0,,35.0,0.667
170288,"Corn grain, yellow",9.42,4.74,74.26,365.0,7.3,35.0,0.667
170492,"Corn pudding, home prepared",4.42,5.04,16.97,131.0,1.2,282.0,2.451
169218,"Corn with red and green peppers, canned, solids and liquids",2.33,0.55,18.17,75.0,,347.0,0.085
167631,"Corn, dried (Navajo)",9.88,5.22,74.93,386.0,,13.0,0.82
167653,"Corn, dried, yellow (Northern Plains Indians)",14.48,10.64,66.27,419.0,20.5,4.0,1.974
169363,"Corn, sweet, white, canned, cream style, no salt added",1.74,0.42,18.13,72.0,1.2,3.0,0.065
169362,"Corn, sweet, white, canned, cream style, regular pack",1.74,0.42,18.62,74.0,1.2,261.0,0.065
168543,"Corn, sweet, white, canned, vacuum pack, no salt added",2.41,0.5,19.44,79.0,2.0,3.0,0.077
168542,"Corn, sweet, white, canned, vacuum pack, regular pack",2.41,0.5,19.44,79.0,2.0,272.0,0.077
169361,"Corn, sweet, white, canned, whole kernel, drained solids",2.29,1.22,14.34,67.0,2.0,205.0,0.245
169360,"Corn, sweet, white, canned, whole kernel, no salt added, solids and liquids",1.95,0.5,15.41,64.0,0.7,12.0,0.077
168541,"Corn, sweet, white, canned, whole kernel, regular pack, solids and liquids",1.95,0.5,15.41,64.0,1.7,213.0,0.077
168540,"Corn, sweet, white, cooked, boiled, drained, with salt",3.34,1.41,21.71,97.0,2.7,253.0,0.197
168539,"Corn, sweet, white, cooked, boiled, drained, without salt",3.34,1.41,21.71,97.0,2.7,3.0,0.197
169364,"Corn, sweet, white, frozen, kernels cut off cob, boiled, drained, with salt",2.75,0.43,19.56,80.0,2.4,245.0,0.066
168545,"Corn, sweet, white, frozen, kernels cut off cob, boiled, drained, without salt",2.75,0.43,19.56,80.0,2.4,5.0,0.066
168544,"Corn, sweet, white, frozen, kernels cut off cob, unprepared",3.02,0.77,20.73,88.0,2.9,3.0,0.184
169367,"Corn, sweet, white, frozen, kernels on cob, cooked, boiled, drained, with salt",3.11,0.74,22.33,94.0,2.8,240.0,0.114
169366,"Corn, sweet, white, frozen, kernels on cob, cooked, boiled, drained, without salt",3.11,0.74,22.33,94.0,2.1,4.0,0.114
169365,"Corn, sweet, white, frozen, kernels on cob, unprepared",3.28,0.78,23.5,98.0,2.8,5.0,0.12
168538,"Corn, sweet, white, raw",3.22,1.18,19.02,86.0,2.7,15.0,0.182
170409,"Corn, sweet, yellow, canned, brine pack, regular pack, solids and liquids",1.95,0.77,13.86,61.0,1.7,195.0,0.077
169346,"Corn, sweet, yellow, canned, cream style, no salt added",1.74,0.42,18.13,72.0,1.2,3.0,0.065
169215,"Corn, sweet, yellow, canned, cream style, regular pack",1.74,0.42,18.13,72.0,1.2,261.0,0.065
168397,"Corn, sweet, yellow, canned, drained solids, rinsed with tap water",2.18,1.43,13.02,64.0,1.7,163.0,0.219
169345,"Corn, sweet, yellow, canned, no salt added, solids and liquids (Includes foods for USDA's Food Distribution Program)",1.95,0.77,13.86,61.0,1.7,12.0,0.077
169347,"Corn, sweet, yellow, canned, vacuum pack, no salt added",2.41,0.5,19.44,79.0,2.0,3.0,0.077
169216,"Corn, sweet, yellow, canned, vacuum pack, regular pack",2.41,0.5,19.44,79.0,2.0,272.0,0.077
169214,"Corn, sweet, yellow, canned, whole kernel, drained solids",2.29,1.22,14.34,67.0,2.0,205.0,0.245
168525,"Corn, sweet, yellow, cooked, boiled, drained, with salt",3.41,1.5,20.98,96.0,2.4,253.0,0.197
169999,"Corn, sweet, yellow, cooked, boiled, drained, without salt",3.41,1.5,20.98,96.0,2.4,1.0,0.197
168399,"Corn, sweet, yellow, frozen, kernels cut off cob, boiled, drained, without salt",2.55,0.67,19.3,81.0,2.4,1.0,0.103
168398,"Corn, sweet, yellow, frozen, kernels cut off cob, unprepared (Includes foods for USDA's Food Distribution Program)",3.02,0.78,20.71,88.0,2.1,3.0,0.119
169349,"Corn, sweet, yellow, frozen, kernels on cob, cooked, boiled, drained, with salt",3.11,0.74,22.33,94.0,2.8,240.0,0.114
168401,"Corn, sweet, yellow, frozen, kernels on cob, cooked, boiled, drained, without salt",3.11,0.74,22.33,94.0,2.8,4.0,0.114
168400,"Corn, sweet, yellow, frozen, kernels on cob, unprepared",3.28,0.78,23.5,98.0,2.8,5.0,0.12
169348,"Corn, sweet, yellow, frozen, kernels, cut off cob, boiled, drained, with salt",2.55,0.67,18.71,79.0,2.4,245.0,0.066
169998,"Corn, sweet, yellow, raw",3.27,1.35,18.7,86.0,2.0,15.0,0.325
168037,"Corn, white, steamed (Navajo)",9.72,5.18,75.2,386.0,16.6,4.0,0.83
169217,"Corn, yellow, whole kernel, frozen, microwaved",3.62,1.42,25.87,113.0,2.6,4.0,0.15
167656,Corned beef and potatoes in tortilla (Apache),7.91,8.31,29.35,224.0,1.5,511.0,3.366
173860,"Corned beef loaf, jellied",22.9,6.1,0.0,153.0,0.0,953.0,2.6
167628,"Cornmeal, blue (Navajo)",10.4,5.44,76.93,398.0,8.7,7.0,0.886
168922,"Cornmeal, degermed, enriched, white",7.11,1.75,79.45,370.0,3.9,7.0,0.22
168867,"Cornmeal, degermed, enriched, yellow",7.11,1.75,79.45,370.0,3.9,7.0,0.22
172015,"Cornmeal, degermed, unenriched, white",7.11,1.75,79.45,370.0,3.9,7.0,0.22
168929,"Cornmeal, degermed, unenriched, yellow",7.11,1.75,79.45,370.0,3.9,7.0,0.22
168038,"Cornmeal, white (Navajo)",10.99,5.04,77.14,398.0,10.4,4.0,0.853
168923,"Cornmeal, white, self-rising, bolted, plain, enriched",8.28,3.4,70.28,334.0,6.7,1247.0,0.478
168924,"Cornmeal, white, self-rising, bolted, with wheat flour added, enriched",8.41,2.85,73.43,348.0,6.3,1319.0,0.4
168925,"Cornmeal, white, self-rising, degermed, enriched",8.41,1.72,74.79,355.0,7.1,1348.0,0.234
169750,"Cornmeal, whole-grain, white",8.12,3.59,76.89,362.0,7.3,35.0,0.505
169697,"Cornmeal, whole-grain, yellow",8.12,3.59,76.89,362.0,7.3,35.0,0.505
168039,"Cornmeal, yellow (Navajo)",9.85,5.88,72.9,384.0,9.4,4.0,1.043
168868,"Cornmeal, yellow, self-rising, bolted, plain, enriched",8.28,3.4,70.28,334.0,6.7,1247.0,0.478
168869,"Cornmeal, yellow, self-rising, bolted, with wheat flour added, enriched",8.41,2.85,73.43,348.0,6.3,1319.0,0.4
168870,"Cornmeal, yellow, self-rising, degermed, enriched",8.41,1.72,74.79,355.0,7.1,1348.0,0.234
169219,"Cornsalad, raw",2.0,0.4,3.6,21.0,,4.0,
169698,Cornstarch,0.26,0.05,91.27,381.0,0.9,9.0,0.009
169700,"Couscous, cooked",3.79,0.16,23.22,112.0,1.4,5.0,0.029
169699,"Couscous, dry",12.76,0.64,77.43,376.0,5.0,10.0,0.117
168526,"Cowpeas (blackeyes), immature seeds, cooked, boiled, drained, with salt",3.17,0.38,19.73,94.0,5.0,240.0,0.096
168402,"Cowpeas (blackeyes), immature seeds, cooked, boiled, drained, without salt",3.17,0.38,20.32,97.0,5.0,4.0,0.096
168527,"Cowpeas (blackeyes), immature seeds, frozen, cooked, boiled, drained, with salt",8.49,0.66,23.5,131.0,6.4,241.0,0.175
168404,"Cowpeas (blackeyes), immature seeds, frozen, cooked, boiled, drained, without salt",8.49,0.66,23.76,132.0,6.4,5.0,0.175
168403,"Cowpeas (blackeyes), immature seeds, frozen, unprepared",8.98,0.7,25.13,139.0,5.0,6.0,0.185
169220,"Cowpeas (blackeyes), immature seeds, raw",2.95,0.35,18.83,90.0,5.0,4.0,0.09
175251,"Cowpeas, catjang, mature seeds, cooked, boiled, with salt",8.13,0.71,20.32,117.0,3.6,255.0,0.185
175209,"Cowpeas, catjang, mature seeds, cooked, boiled, without salt",8.13,0.71,20.32,117.0,3.6,19.0,0.185
175208,"Cowpeas, catjang, mature seeds, raw",23.85,2.07,59.64,343.0,10.7,58.0,0.542
173761,"Cowpeas, common (blackeyes, crowder, southern), mature seeds, canned with pork",2.74,1.6,16.53,83.0,3.3,350.0,0.605
173760,"Cowpeas, common (blackeyes, crowder, southern), mature seeds, canned, plain",4.74,0.55,13.63,77.0,3.3,293.0,0.144
175252,"Cowpeas, common (blackeyes, crowder, southern), mature seeds, cooked, boiled, with salt",7.73,0.53,20.76,116.0,6.5,240.0,0.138
173759,"Cowpeas, common (blackeyes, crowder, southern), mature seeds, cooked, boiled, without salt",7.73,0.53,20.76,116.0,6.5,4.0,0.138
173758,"Cowpeas, common (blackeyes, crowder, southern), mature seeds, raw",23.52,1.26,60.03,336.0,10.6,16.0,0.331
168529,"Cowpeas, leafy tips, cooked, boiled, drained, with salt",4.67,0.1,2.8,22.0,,242.0,0.026
168406,"Cowpeas, leafy tips, cooked, boiled, drained, without salt",4.67,0.1,2.8,22.0,,6.0,0.026
169224,"Cowpeas, leafy tips, raw",4.1,0.25,4.82,29.0,,7.0,0.066
168528,"Cowpeas, young pods with seeds, cooked, boiled, drained, with salt",2.6,0.3,7.0,34.0,,239.0,0.079
169221,"Cowpeas, young pods with seeds, cooked, boiled, drained, without salt",2.6,0.3,7.0,34.0,,3.0,0.079
168405,"Cowpeas, young pods with seeds, raw",3.3,0.3,9.5,44.0,3.3,4.0,0.079
171721,"Crabapples, raw",0.4,0.3,19.95,76.0,,1.0,0.048
172750,"Cracker, meal",9.3,1.7,80.9,383.0,2.6,16.0,0.271
175060,"Crackers, cheese, low sodium",10.1,25.3,58.2,503.0,2.4,458.0,9.638
167941,"Crackers, cheese, reduced fat",10.0,11.67,68.19,418.0,3.3,1167.0,3.333
174975,"Crackers, cheese, regular",10.93,22.74,59.42,489.0,2.3,973.0,5.288
167925,"Crackers, cheese, sandwich-type with cheese filling",8.92,24.41,58.76,490.0,1.9,878.0,4.81
174976,"Crackers, cheese, sandwich-type with peanut butter filling",12.41,25.12,56.74,496.0,3.4,829.0,4.406
174084,"Crackers, cheese, whole grain",9.62,16.03,57.29,412.0,6.4,706.0,3.206
167530,"Crackers, cream, Gamesa Sabrosas",7.01,20.37,64.55,484.0,2.4,1148.0,5.362
167531,"Crackers, cream, La Moderna Rikis Cream Crackers",7.19,19.5,64.88,464.0,2.4,752.0,2.634
172739,"Crackers, crispbread, rye",7.9,1.3,82.2,366.0,16.5,410.0,0.145
174098,"Crackers, flavored, fish-shaped",10.16,17.71,65.67,463.0,3.1,970.0,2.059
174104,"Crackers, gluten-free, multi-seeded and multigrain",11.25,15.84,66.3,453.0,10.2,438.0,2.069
174103,"Crackers, gluten-free, multigrain and vegetable, made with corn starch and white rice flour",2.5,15.41,76.94,456.0,3.0,890.0,5.711
172741,"Crackers, matzo, egg",12.3,2.1,78.6,391.0,2.8,21.0,0.548
172812,"Crackers, matzo, egg and onion",10.0,3.9,77.1,391.0,5.0,285.0,0.936
172740,"Crackers, matzo, plain",10.0,1.4,83.7,395.0,3.0,0.0,0.226
172742,"Crackers, matzo, whole-wheat",13.1,1.5,78.9,351.0,11.8,2.0,0.243
174977,"Crackers, melba toast, plain",12.1,3.2,76.6,390.0,6.3,598.0,0.445
172822,"Crackers, melba toast, plain, without salt",12.1,3.2,76.6,390.0,6.3,19.0,0.445
174978,"Crackers, melba toast, rye (includes pumpernickel)",11.6,3.4,77.3,389.0,8.0,899.0,0.453
174979,"Crackers, melba toast, wheat",12.9,2.3,76.4,374.0,7.4,837.0,0.337
174980,"Crackers, milk",7.6,13.77,71.73,446.0,3.4,687.0,2.912
171838,"Crackers, multigrain",7.1,20.4,67.6,482.0,3.5,883.0,3.3
174981,"Crackers, rusk toast",13.5,7.2,72.3,407.0,,253.0,1.376
172743,"Crackers, rye, sandwich-type with cheese filling",9.2,22.3,60.8,481.0,3.6,1044.0,5.987
172744,"Crackers, rye, wafers, plain",9.6,0.9,80.4,334.0,22.9,557.0,0.108
172745,"Crackers, rye, wafers, seasoned",9.0,9.2,73.8,381.0,20.9,887.0,1.287
172746,"Crackers, saltines (includes oyster, soda, soup)",9.46,8.64,74.05,418.0,2.8,941.0,1.653
175068,"Crackers, saltines, fat-free, low-sodium",10.5,1.6,82.3,393.0,2.7,849.0,0.244
175056,"Crackers, saltines, low salt (includes oyster, soda, soup)",9.5,8.85,74.34,421.0,2.9,198.0,2.001
175057,"Crackers, saltines, unsalted tops (includes oyster, soda, soup)",9.2,11.8,71.5,434.0,3.0,766.0,2.932
167942,"Crackers, saltines, whole wheat (includes multi-grain)",7.14,10.71,68.25,398.0,6.7,1214.0,0.0
171848,"Crackers, sandwich-type, peanut butter filled, reduced fat",8.33,16.67,63.49,437.0,2.8,639.0,2.778
167529,"Crackers, snack, Goya Crackers",14.25,13.35,64.35,433.0,3.8,665.0,6.323
174982,"Crackers, standard snack-type, regular",6.64,26.43,61.3,510.0,2.3,726.0,5.562
175058,"Crackers, standard snack-type, regular, low salt",7.4,25.3,61.0,502.0,1.6,216.0,3.776
174983,"Crackers, standard snack-type, sandwich, with cheese filling",9.3,21.1,61.7,477.0,1.9,978.0,6.125
174984,"Crackers, standard snack-type, sandwich, with peanut butter filling",11.47,24.54,58.38,494.0,2.3,801.0,4.803
171846,"Crackers, standard snack-type, with whole wheat",7.29,17.84,68.37,463.0,4.9,748.0,4.345
171854,"Crackers, toast thins, low sodium",6.45,16.13,67.66,442.0,9.7,177.0,3.226
171856,"Crackers, water biscuits",7.14,7.14,72.81,384.0,7.1,571.0,0.0
175059,"Crackers, wheat, low salt",8.6,20.6,64.9,473.0,4.5,190.0,5.178
167934,"Crackers, wheat, reduced fat",9.34,13.37,71.52,444.0,3.4,776.0,2.112
174985,"Crackers, wheat, regular",7.3,16.4,70.73,455.0,6.9,699.0,3.21
172747,"Crackers, wheat, sandwich, with cheese filling",9.8,25.0,58.2,497.0,3.1,839.0,4.129
172748,"Crackers, wheat, sandwich, with peanut butter filling",13.5,26.7,53.8,495.0,4.4,807.0,4.602
171855,"Crackers, whole grain, sandwich-type, with peanut butter filling",14.12,21.18,54.59,465.0,9.4,635.0,4.525
172749,"Crackers, whole-wheat",10.58,14.13,69.55,427.0,10.3,800.0,2.063
172823,"Crackers, whole-wheat, low salt",8.8,17.2,68.6,443.0,10.5,186.0,3.393
167933,"Crackers, whole-wheat, reduced fat",11.34,7.59,75.52,416.0,10.9,745.0,1.067
171723,"Cranberries, dried, sweetened (Includes foods for USDA's Food Distribution Program)",0.17,1.09,82.8,308.0,5.3,5.0,0.088
171722,"Cranberries, raw",0.46,0.13,11.97,46.0,3.6,2.0,0.008
169804,"Cranberries, wild, bush, raw (Alaska Native)",1.1,0.2,12.3,55.0,6.7,26.0,
168212,"Cranberry juice blend, 100% juice, bottled, with added vitamin C and calcium",0.27,0.12,10.91,45.0,0.1,6.0,0.002
171903,"Cranberry juice cocktail, bottled",0.0,0.1,13.52,54.0,0.0,2.0,0.009
171904,"Cranberry juice cocktail, bottled, low calorie, with calcium, saccharin and corn sweetener",0.02,0.01,4.6,19.0,0.0,3.0,0.0
173653,"Cranberry juice cocktail, frozen concentrate",0.05,0.0,51.45,201.0,0.2,4.0,0.0
173654,"Cranberry juice cocktail, frozen concentrate, prepared with water",0.01,0.0,11.81,47.0,0.0,4.0,0.0
168117,"Cranberry juice, unsweetened",0.39,0.13,12.2,46.0,0.1,2.0,0.01
173961,"Cranberry sauce, canned, sweetened",0.9,0.15,40.4,159.0,1.1,5.0,0.007
167804,"Cranberry sauce, jellied, canned, OCEAN SPRAY",1.05,0.04,40.61,160.0,1.0,5.0,0.007
167803,"Cranberry sauce, whole, canned, OCEAN SPRAY",0.75,0.05,40.4,158.0,1.2,5.0,0.007
169805,"Cranberry, low bush or lingenberry, raw (Alaska Native)",0.4,0.5,12.2,55.0,,,
173962,"Cranberry-orange relish, canned",0.3,0.1,46.2,178.0,0.0,32.0,0.012
174986,"Cream puff shell, prepared from recipe",9.0,25.9,22.8,360.0,0.8,483.0,5.599
167534,"Cream puff, eclair, custard or cream filled, iced",4.41,18.52,37.43,334.0,0.9,265.0,7.055
173453,"Cream substitute, flavored, liquid",0.69,13.5,35.07,251.0,1.1,67.0,2.635
172214,"Cream substitute, flavored, powdered",0.68,21.47,75.42,482.0,1.2,123.0,19.446
168097,"Cream substitute, liquid, light",0.8,3.5,9.1,71.0,0.0,60.0,0.896
171261,"Cream substitute, liquid, with hydrogenated vegetable oil and soy protein",1.0,9.97,11.38,136.0,0.0,67.0,1.937
171262,"Cream substitute, liquid, with lauric acid oil and sodium caseinate",1.0,9.97,11.38,136.0,0.0,79.0,9.304
171263,"Cream substitute, powdered",2.48,32.92,59.29,529.0,0.0,124.0,19.146
167688,"Cream substitute, powdered, light",1.9,15.7,73.4,431.0,0.0,229.0,3.8
171255,"Cream, fluid, half and half",3.13,11.5,4.3,131.0,0.0,61.0,7.032
170859,"Cream, fluid, heavy whipping",2.84,36.08,2.84,340.0,0.0,27.0,23.032
170857,"Cream, fluid, light (coffee cream or table cream)",2.96,19.1,3.66,195.0,0.0,72.0,10.176
170858,"Cream, fluid, light whipping",2.17,30.91,2.96,292.0,0.0,34.0,19.337
172212,"Cream, half and half, fat free",2.6,1.4,9.0,59.0,0.0,100.0,0.841
171308,"Cream, half and half, lowfat",3.33,5.0,3.33,72.0,0.0,50.0,3.276
171257,"Cream, sour, cultured",2.44,19.35,4.63,198.0,0.0,31.0,10.14
171256,"Cream, sour, reduced fat, cultured",2.94,12.0,4.26,135.0,0.0,89.0,7.47
170860,"Cream, whipped, cream topping, pressurized",3.2,22.22,12.49,257.0,0.0,8.0,13.831
167684,"Creamy dressing, made with sour cream and/or buttermilk and oil, reduced calorie",1.5,14.0,7.0,160.0,0.0,833.0,2.115
168100,"Creamy dressing, made with sour cream and/or buttermilk and oil, reduced calorie, cholesterol-free",1.0,8.0,16.0,140.0,0.0,932.0,1.355
168099,"Creamy dressing, made with sour cream and/or buttermilk and oil, reduced calorie, fat-free",1.4,2.7,20.0,107.0,0.0,897.0,0.494
169350,"Cress, garden, cooked, boiled, drained, with salt",1.9,0.6,3.8,23.0,0.7,244.0,0.02
168408,"Cress, garden, cooked, boiled, drained, without salt",1.9,0.6,3.8,23.0,0.7,8.0,0.02
168407,"Cress, garden, raw",2.6,0.7,5.5,32.0,1.1,14.0,0.023
174988,"Croissants, apple",7.4,8.7,37.1,254.0,2.5,274.0,4.994
174987,"Croissants, butter",8.2,21.0,45.8,406.0,2.6,384.0,11.659
174989,"Croissants, cheese",9.2,20.9,47.0,414.0,2.6,361.0,10.628
172751,"Croutons, plain",11.9,6.6,73.5,407.0,5.1,698.0,1.51
172752,"Croutons, seasoned",10.8,18.3,63.5,465.0,5.0,1333.0,5.247
167591,"Crunchmaster, Multi-Grain Crisps, Snack Crackers, Gluten-Free",10.91,15.92,67.18,456.0,7.5,370.0,2.069
174202,"Crustaceans, crab, alaska king, cooked, moist heat",19.35,1.54,0.0,97.0,0.0,1072.0,0.133
174203,"Crustaceans, crab, alaska king, imitation, made from surimi",7.62,0.46,15.0,95.0,0.5,529.0,0.216
175164,"Crustaceans, crab, alaska king, raw",18.29,0.6,0.0,84.0,0.0,836.0,0.09
171966,"Crustaceans, crab, blue, canned",17.88,0.74,0.0,83.0,0.0,563.0,0.201
174205,"Crustaceans, crab, blue, cooked, moist heat",17.88,0.74,0.0,83.0,0.0,395.0,0.201
171967,"Crustaceans, crab, blue, crab cakes, home recipe",20.21,7.52,0.48,155.0,0.0,330.0,1.483
174204,"Crustaceans, crab, blue, raw",18.06,1.08,0.04,87.0,0.0,293.0,0.222
172007,"Crustaceans, crab, dungeness, cooked, moist heat",22.32,1.24,0.95,110.0,0.0,378.0,0.168
171968,"Crustaceans, crab, dungeness, raw",17.41,0.97,0.74,86.0,0.0,295.0,0.132
172008,"Crustaceans, crab, queen, cooked, moist heat",23.72,1.51,0.0,115.0,0.0,691.0,0.183
171969,"Crustaceans, crab, queen, raw",18.5,1.18,0.0,90.0,0.0,539.0,0.143
175170,"Crustaceans, crayfish, mixed species, farmed, cooked, moist heat",17.52,1.3,0.0,87.0,0.0,97.0,0.216
175169,"Crustaceans, crayfish, mixed species, farmed, raw",14.85,0.97,0.0,72.0,0.0,62.0,0.163
174207,"Crustaceans, crayfish, mixed species, wild, cooked, moist heat",16.77,1.2,0.0,82.0,0.0,94.0,0.181
174206,"Crustaceans, crayfish, mixed species, wild, raw",15.97,0.95,0.0,77.0,0.0,58.0,0.159
174209,"Crustaceans, lobster, northern, cooked, moist heat",19.0,0.86,0.0,89.0,0.0,486.0,0.208
174208,"Crustaceans, lobster, northern, raw",16.52,0.75,0.0,77.0,0.0,423.0,0.181
175180,"Crustaceans, shrimp, cooked",23.98,0.28,0.2,99.0,,111.0,0.056
171972,"Crustaceans, shrimp, mixed species, canned",20.42,1.36,0.0,100.0,0.0,870.0,0.188
171970,"Crustaceans, shrimp, mixed species, cooked, breaded and fried",21.39,12.28,11.47,242.0,0.4,344.0,2.087
171971,"Crustaceans, shrimp, mixed species, cooked, moist heat (may contain additives to retain moisture)",22.78,1.7,1.52,119.0,0.0,947.0,0.521
171973,"Crustaceans, shrimp, mixed species, imitation, made from surimi",12.39,1.47,9.13,101.0,0.0,705.0,0.29
174210,"Crustaceans, shrimp, mixed species, raw (may contain additives to retain moisture)",13.61,1.01,0.91,71.0,0.0,566.0,0.261
175179,"Crustaceans, shrimp, raw",20.1,0.51,0.0,85.0,,119.0,0.101
172009,"Crustaceans, spiny lobster, mixed species, cooked, moist heat",26.41,1.94,3.12,143.0,0.0,227.0,0.303
174211,"Crustaceans, spiny lobster, mixed species, raw",20.6,1.51,2.43,112.0,0.0,177.0,0.237
169225,"Cucumber, peeled, raw",0.59,0.16,2.16,10.0,0.7,2.0,0.078
168409,"Cucumber, with peel, raw",0.65,0.11,3.63,15.0,0.5,2.0,0.037
173963,"Currants, european black, raw",1.4,0.41,15.38,63.0,,2.0,0.034
173964,"Currants, red and white, raw",1.4,0.2,13.8,56.0,4.3,1.0,0.017
171724,"Currants, zante, dried",3.43,0.22,76.98,290.0,4.4,43.0,0.085
171725,"Custard-apple, (bullock's-heart), raw",1.7,0.6,25.2,101.0,2.4,4.0,0.231
168079,"DENNY'S, chicken nuggets, star shaped, from kid's menu",16.27,28.57,13.59,377.0,0.8,644.0,5.606
169022,"DENNY'S, chicken strips",19.17,14.5,22.03,295.0,1.1,798.0,2.585
169023,"DENNY'S, coleslaw",0.97,15.03,10.88,183.0,1.3,376.0,2.344
169024,"DENNY'S, fish fillet, battered or breaded, fried",13.75,12.16,17.41,234.0,1.0,516.0,2.139
167672,"DENNY'S, french fries",3.41,14.13,35.2,282.0,3.5,44.0,2.534
168077,"DENNY'S, golden fried shrimp",13.88,20.01,20.93,319.0,1.5,1400.0,3.515
169025,"DENNY'S, hash browns",2.49,8.99,26.59,197.0,2.7,468.0,1.689
168078,"DENNY'S, macaroni & cheese, from kid's menu",5.19,4.92,21.16,150.0,1.2,300.0,1.384
168076,"DENNY'S, mozzarella cheese sticks",13.56,17.87,27.22,324.0,1.6,1008.0,6.643
169844,"DENNY'S, onion rings",5.29,22.23,41.05,385.0,2.4,780.0,3.729
169845,"DENNY'S, spaghetti and meatballs",7.84,8.52,15.51,170.0,1.5,351.0,3.104
167673,"DENNY'S, top sirloin steak",28.9,7.34,0.14,182.0,,349.0,2.595
170361,"DIGIORNO Pizza, cheese topping, cheese stuffed crust, frozen, baked",13.48,11.68,29.86,279.0,1.9,806.0,5.63
170362,"DIGIORNO Pizza, cheese topping, rising crust, frozen, baked",12.8,8.6,31.78,256.0,2.4,696.0,3.514
170758,"DIGIORNO Pizza, cheese topping, thin crispy crust, frozen, baked",12.96,9.91,26.47,247.0,3.0,506.0,4.601
170759,"DIGIORNO Pizza, pepperoni topping, cheese stuffed crust, frozen, baked",13.92,11.71,29.46,279.0,2.1,753.0,5.007
170760,"DIGIORNO Pizza, pepperoni topping, rising crust, frozen, baked",12.46,10.11,31.15,265.0,2.3,743.0,3.761
170761,"DIGIORNO Pizza, pepperoni topping, thin crispy crust, frozen, baked",13.22,12.86,28.67,283.0,2.8,663.0,4.973
170363,"DIGIORNO Pizza, supreme topping, rising crust, frozen, baked",11.74,10.68,27.93,255.0,2.3,712.0,3.965
170364,"DIGIORNO Pizza, supreme topping, thin crispy crust, frozen, baked",11.41,10.8,28.05,255.0,2.8,555.0,4.377
173282,"DOMINO'S 14"" Cheese Pizza, Classic Hand-Tossed Crust",10.8,8.97,33.24,257.0,2.2,523.0,4.11
172043,"DOMINO'S 14"" Cheese Pizza, Crunchy Thin Crust",12.33,15.1,28.18,298.0,2.5,628.0,6.345
173283,"DOMINO'S 14"" Cheese Pizza, Ultimate Deep Dish Crust",10.76,9.83,33.48,265.0,2.4,615.0,4.062
172046,"DOMINO'S 14"" EXTRAVAGANZZA FEAST Pizza, Classic Hand-Tossed Crust",10.33,11.1,25.72,244.0,2.0,456.0,4.386
172044,"DOMINO'S 14"" Pepperoni Pizza, Classic Hand-Tossed Crust",11.25,11.18,31.86,273.0,2.1,611.0,4.779
170370,"DOMINO'S 14"" Pepperoni Pizza, Crunchy Thin Crust",13.88,19.05,25.35,328.0,2.6,783.0,7.557
172045,"DOMINO'S 14"" Pepperoni Pizza, Ultimate Deep Dish Crust",11.52,12.1,31.89,283.0,2.4,693.0,4.856
170766,"DOMINO'S 14"" Sausage Pizza, Classic Hand-Tossed Crust",11.08,11.2,31.84,273.0,2.4,594.0,4.607
170371,"DOMINO'S 14"" Sausage Pizza, Crunchy Thin Crust",12.77,18.52,25.3,319.0,2.6,725.0,7.079
170767,"DOMINO'S 14"" Sausage Pizza, Ultimate Deep Dish Crust",11.03,12.03,31.17,277.0,2.6,677.0,4.755
169351,"Dandelion greens, cooked, boiled, drained, with salt",2.0,0.6,6.4,33.0,2.9,280.0,
169227,"Dandelion greens, cooked, boiled, drained, without salt",2.0,0.6,6.4,33.0,2.9,44.0,0.146
169226,"Dandelion greens, raw",2.7,0.7,9.2,45.0,3.5,76.0,0.17
172754,"Danish pastry, cheese",8.0,21.9,37.2,374.0,1.0,417.0,6.794
172753,"Danish pastry, cinnamon, enriched",7.0,22.4,44.6,403.0,1.3,414.0,5.681
172824,"Danish pastry, cinnamon, unenriched",7.0,22.4,44.6,403.0,1.2,371.0,5.681
172755,"Danish pastry, fruit, enriched (includes apple, cinnamon, raisin, lemon, raspberry, strawberry)",5.4,18.5,47.8,371.0,1.9,445.0,4.86
172825,"Danish pastry, fruit, unenriched (includes apple, cinnamon, raisin, strawberry)",5.4,18.5,47.8,371.0,1.9,354.0,2.826
172827,"Danish pastry, lemon, unenriched",5.4,18.5,47.8,371.0,1.9,354.0,2.826
175061,"Danish pastry, raspberry, unenriched",5.4,18.5,47.8,371.0,1.9,354.0,2.826
171726,"Dates, deglet noor",2.45,0.39,75.03,282.0,8.0,2.0,0.032
168191,"Dates, medjool",1.81,0.15,74.97,277.0,6.7,1.0,
167622,"Deer (venison), sitka, raw (Alaska Native)",21.5,2.66,0.0,116.0,,,0.63
170865,"Dessert topping, powdered",4.9,39.92,52.54,577.0,0.0,122.0,36.723
170866,"Dessert topping, powdered, 1.5 ounce prepared with 1/2 cup milk",3.61,12.72,17.13,194.0,0.0,66.0,10.684
170867,"Dessert topping, pressurized",0.98,22.3,16.07,264.0,0.0,62.0,18.912
170868,"Dessert topping, semi solid, frozen",1.25,25.31,23.05,318.0,0.0,25.0,21.783
169601,"Desserts, apple crisp, prepared-from-recipe",1.75,3.43,30.84,161.0,1.4,351.0,0.685
169595,"Desserts, egg custard, baked, prepared-from-recipe",5.02,4.58,11.0,104.0,0.0,61.0,2.164
167574,"Desserts, flan, caramel custard, prepared-from-recipe",4.53,4.03,22.78,145.0,0.0,53.0,1.799
168777,"Desserts, mousse, chocolate, prepared-from-recipe",4.14,16.0,16.07,225.0,0.6,38.0,9.151
169616,"Desserts, rennin, chocolate, dry mix",2.4,3.3,91.5,363.0,5.1,187.0,1.94
168794,"Desserts, rennin, tablets, unsweetened",1.0,0.1,19.8,84.0,0.0,26050.0,0.041
168792,"Desserts, rennin, vanilla, dry mix",0.0,0.0,99.0,383.0,0.0,6.0,
172233,"Dill weed, fresh",3.46,1.12,7.02,43.0,2.1,61.0,0.06
171834,"Dip, FRITO'S, bean, original flavor",5.44,3.7,15.89,119.0,4.9,443.0,0.529
174069,"Dip, TOSTITOS, salsa con queso, medium",2.92,8.26,11.72,133.0,0.6,773.0,2.442
171832,"Dip, bean, original flavor",5.44,3.7,15.89,119.0,4.9,443.0,0.529
174068,"Dip, salsa con queso, cheese and salsa- medium",3.14,9.51,11.14,143.0,0.7,796.0,2.491
169371,"Dock, cooked, boiled, drained, with salt",1.83,0.64,2.93,20.0,,239.0,
170077,"Dock, cooked, boiled, drained, without salt",1.83,0.64,2.93,20.0,2.6,3.0,
170076,"Dock, raw",2.0,0.7,3.2,22.0,2.9,4.0,
174993,"Doughnuts, cake-type, chocolate, sugared or glazed",4.5,19.9,57.4,417.0,2.2,215.0,5.132
174990,"Doughnuts, cake-type, plain (includes unsugared, old-fashioned)",5.31,24.93,47.06,434.0,1.7,477.0,11.105
174991,"Doughnuts, cake-type, plain, chocolate-coated or frosted",4.93,25.25,51.33,452.0,1.9,326.0,13.47
174992,"Doughnuts, cake-type, plain, sugared or glazed",5.2,22.9,50.8,426.0,1.5,402.0,5.926
172756,"Doughnuts, french crullers, glazed",3.1,18.3,59.5,412.0,1.2,345.0,4.667
172758,"Doughnuts, yeast-leavened, glazed, enriched (includes honey buns)",6.14,22.7,47.93,421.0,2.1,316.0,9.453
175062,"Doughnuts, yeast-leavened, glazed, unenriched (includes honey buns)",6.4,22.8,44.3,403.0,1.2,342.0,5.813
172757,"Doughnuts, yeast-leavened, with creme filling",6.4,24.5,30.0,361.0,0.8,309.0,5.43
172759,"Doughnuts, yeast-leavened, with jelly filling",5.9,18.7,39.0,340.0,0.9,455.0,4.843
169905,"Dove, cooked (includes squab)",23.9,13.0,0.0,213.0,0.0,57.0,3.739
171046,"Dressing, honey mustard, fat-free",1.07,1.47,38.43,169.0,1.2,1004.0,0.349
168531,"Drumstick leaves, cooked, boiled, drained, with salt",5.27,0.93,11.15,60.0,2.0,245.0,
168417,"Drumstick leaves, cooked, boiled, drained, without salt",5.27,0.93,11.15,60.0,2.0,9.0,0.152
168416,"Drumstick leaves, raw",9.4,1.4,8.28,64.0,2.0,9.0,
168532,"Drumstick pods, cooked, boiled, drained, with salt",2.09,0.19,8.18,36.0,4.2,279.0,
170484,"Drumstick pods, cooked, boiled, drained, without salt",2.09,0.19,8.18,36.0,4.2,43.0,0.031
170483,"Drumstick pods, raw",2.1,0.2,8.53,37.0,3.2,42.0,0.033
174467,"Duck, domesticated, liver, raw",18.74,4.64,3.53,136.0,0.0,140.0,1.44
172409,"Duck, domesticated, meat and skin, cooked, roasted",18.99,28.35,0.0,337.0,0.0,59.0,9.67
172408,"Duck, domesticated, meat and skin, raw",11.49,39.34,0.0,404.0,0.0,63.0,13.22
172411,"Duck, domesticated, meat only, cooked, roasted",23.48,11.2,0.0,201.0,0.0,65.0,3.951
172410,"Duck, domesticated, meat only, raw",18.28,5.95,0.94,135.0,0.0,74.0,2.32
167617,"Duck, scoter, white-winged, meat (Alaska Native)",20.2,0.4,0.0,84.0,,,
174469,"Duck, wild, breast, meat only, raw",19.85,4.25,0.0,123.0,0.0,57.0,1.32
174468,"Duck, wild, meat and skin, raw",17.42,15.2,0.0,211.0,0.0,56.0,5.04
171510,"Duck, young duckling, domesticated, White Pekin, breast, meat and skin, boneless, cooked, roasted",24.5,10.85,0.0,202.0,,84.0,2.922
171511,"Duck, young duckling, domesticated, White Pekin, breast, meat only, boneless, cooked without skin, broiled",27.6,2.5,0.0,140.0,,105.0,0.578
171112,"Duck, young duckling, domesticated, White Pekin, leg, meat and skin, bone in, cooked, roasted",26.75,11.4,0.0,217.0,,110.0,2.975
171113,"Duck, young duckling, domesticated, White Pekin, leg, meat only, bone in, cooked without skin, braised",29.1,5.96,0.0,178.0,,108.0,1.339
173461,Dulce de Leche,6.84,7.35,55.35,315.0,0.0,129.0,4.534
169779,"Dumpling, potato- or cheese-filled, frozen",5.26,6.14,29.64,195.0,0.9,474.0,1.316
168192,"Durian, raw or frozen",1.47,5.33,27.09,147.0,3.8,2.0,
173861,"Dutch brand loaf, chicken, pork and beef",12.0,22.91,3.93,273.0,0.3,786.0,8.806
168411,"Edamame, frozen, prepared",11.91,5.2,8.91,121.0,5.2,6.0,0.62
168410,"Edamame, frozen, unprepared",11.22,4.73,7.61,109.0,4.8,6.0,
168772,"Egg custards, dry mix",6.9,6.4,82.8,410.0,0.0,281.0,2.03
168787,"Egg custards, dry mix, prepared with 2% milk",4.13,2.83,17.61,112.0,0.0,87.0,1.475
168773,"Egg custards, dry mix, prepared with whole milk",3.99,4.0,17.6,122.0,0.0,84.0,2.032
172104,"Egg rolls, chicken, refrigerated, heated",10.44,4.51,28.54,197.0,2.4,478.0,0.964
172103,"Egg rolls, pork, refrigerated, heated",9.94,8.18,28.49,227.0,0.0,407.0,1.65
172105,"Egg rolls, vegetable, frozen, prepared",5.95,6.97,31.77,214.0,2.4,490.0,1.138
173462,"Egg substitute, liquid or frozen, fat free",10.0,0.0,2.0,48.0,0.0,199.0,0.0
173429,"Egg substitute, powder",55.5,13.0,21.8,444.0,0.0,800.0,3.766
172189,"Egg, duck, whole, fresh, raw",12.81,13.77,1.45,185.0,0.0,146.0,3.681
172190,"Egg, goose, whole, fresh, raw",13.87,13.27,1.35,185.0,0.0,138.0,3.595
172191,"Egg, quail, whole, fresh, raw",13.05,11.09,0.41,158.0,0.0,141.0,3.557
172192,"Egg, turkey, whole, fresh, raw",13.68,11.88,1.15,171.0,0.0,151.0,3.632
172204,"Egg, white, dried",81.1,0.0,7.8,382.0,0.0,1280.0,0.0
173426,"Egg, white, dried, flakes, stabilized, glucose reduced",76.92,0.04,4.17,351.0,0.0,1156.0,0.0
173427,"Egg, white, dried, powder, stabilized, glucose reduced",82.4,0.04,4.47,376.0,0.0,1238.0,0.0
170895,"Egg, white, dried, stabilized, glucose reduced",84.08,0.32,4.51,357.0,0.0,1299.0,0.118
172183,"Egg, white, raw, fresh",10.9,0.17,0.73,52.0,0.0,166.0,0.0
172203,"Egg, white, raw, frozen, pasteurized",10.2,0.0,1.04,48.0,0.0,169.0,0.0
173423,"Egg, whole, cooked, fried",13.61,14.84,0.83,196.0,0.0,207.0,4.323
173424,"Egg, whole, cooked, hard-boiled",12.58,10.61,1.12,155.0,0.0,124.0,3.267
172185,"Egg, whole, cooked, omelet",10.57,11.66,0.64,154.0,0.0,155.0,3.319
172186,"Egg, whole, cooked, poached",12.51,9.47,0.71,143.0,0.0,297.0,3.113
172187,"Egg, whole, cooked, scrambled",9.99,10.98,1.61,149.0,0.0,145.0,3.331
172188,"Egg, whole, dried",48.05,43.9,1.13,592.0,0.0,476.0,15.069
173425,"Egg, whole, dried, stabilized, glucose reduced",48.17,43.95,2.38,615.0,0.0,548.0,13.198
171287,"Egg, whole, raw, fresh",12.56,9.51,0.72,143.0,0.0,142.0,3.126
172202,"Egg, whole, raw, frozen, pasteurized (Includes foods for USDA's Food Distribution Program)",12.33,9.95,1.01,147.0,0.0,128.0,3.382
170893,"Egg, whole, raw, frozen, salted, pasteurized",10.97,10.07,0.83,138.0,0.0,3663.0,3.178
173428,"Egg, yolk, dried",33.63,59.13,0.66,669.0,0.0,149.0,20.334
172184,"Egg, yolk, raw, fresh",15.86,26.54,3.59,322.0,0.0,48.0,9.551
173421,"Egg, yolk, raw, frozen, pasteurized",15.53,25.6,0.81,296.0,0.0,67.0,8.615
173436,"Egg, yolk, raw, frozen, salted, pasteurized",14.07,22.93,1.77,275.0,0.0,3487.0,7.159
173422,"Egg, yolk, raw, frozen, sugared, pasteurized",13.87,22.82,10.95,307.0,0.0,70.0,7.11
171258,Eggnog,4.55,4.19,8.05,88.0,0.0,54.0,2.591
169352,"Eggplant, cooked, boiled, drained, with salt",0.83,0.23,8.14,33.0,2.5,239.0,0.044
169229,"Eggplant, cooked, boiled, drained, without salt",0.83,0.23,8.73,35.0,2.5,1.0,0.044
169892,"Eggplant, pickled",0.9,0.7,9.77,49.0,2.5,1674.0,0.14
169228,"Eggplant, raw",0.98,0.18,5.88,25.0,3.0,2.0,0.034
169904,"Eggs, scrambled, frozen mixture",13.1,5.6,7.5,131.0,0.0,162.0,1.052
171727,"Elderberries, raw",0.66,0.5,18.4,73.0,7.0,6.0,0.023
168055,"Elk, free range, ground, cooked patties (Shoshone Bannock)",29.45,2.8,0.0,143.0,,56.0,1.138
168056,"Elk, free range, ground, raw (Shoshone Bannock)",20.14,1.8,0.0,97.0,0.0,49.0,0.706
168057,"Elk, free range, roast, eye of round, cooked (Shoshone Bannock)",30.56,2.85,0.0,148.0,0.0,50.0,1.125
167652,"Elk, free range, roast, eye of round, raw (Shoshone Bannock)",19.74,2.1,0.0,98.0,0.0,43.0,0.828
174477,"Emu, fan fillet, cooked, broiled",31.27,2.3,0.0,154.0,0.0,53.0,0.583
174476,"Emu, fan fillet, raw",22.5,0.8,0.0,103.0,0.0,120.0,0.201
174478,"Emu, flat fillet, raw",22.25,0.74,0.0,102.0,0.0,150.0,0.187
172834,"Emu, full rump, cooked, broiled",33.67,2.68,0.0,168.0,0.0,110.0,0.87
174479,"Emu, full rump, raw",22.83,1.64,0.0,112.0,0.0,90.0,0.448
172833,"Emu, ground, cooked, pan-broiled",28.43,4.65,0.0,163.0,0.0,65.0,1.242
172832,"Emu, ground, raw",22.77,4.03,0.0,134.0,0.0,56.0,1.022
172835,"Emu, inside drum, raw",22.22,1.49,0.0,108.0,0.0,102.0,0.386
172836,"Emu, inside drums, cooked, broiled",32.38,2.01,0.0,156.0,0.0,118.0,0.654
172837,"Emu, outside drum, raw",23.08,0.48,0.0,103.0,0.0,100.0,0.122
172838,"Emu, oyster, raw",22.81,4.86,0.0,141.0,0.0,150.0,1.231
174480,"Emu, top loin, cooked, broiled",29.07,3.13,0.0,152.0,0.0,58.0,0.794
168412,"Endive, raw",1.25,0.2,3.35,17.0,3.1,22.0,0.048
175063,"English muffins, plain, enriched, without calcium propionate(includes sourdough)",7.7,1.8,46.0,235.0,2.7,464.0,0.259
172828,"English muffins, plain, unenriched, with calcium propionate (includes sourdough)",7.7,1.8,46.0,235.0,2.7,464.0,0.259
173238,"English muffins, plain, unenriched, without calcium propionate (includes sourdough)",7.7,1.8,46.0,235.0,2.7,464.0,0.259
174093,"English muffins, whole grain white",7.02,1.75,50.17,245.0,3.5,386.0,0.0
169398,"Epazote, raw",0.33,0.52,7.44,32.0,3.8,43.0,
170078,"Eppaw, raw",4.6,1.8,31.68,150.0,,12.0,
168413,"Escarole, cooked, boiled, drained, no salt added",1.15,0.18,3.07,15.0,2.8,19.0,0.042
172455,"Falafel, home-prepared",13.31,17.8,31.84,333.0,,294.0,2.383
173292,"Fast Food, Pizza Chain, 14"" pizza, cheese topping, regular crust",11.39,9.69,33.33,266.0,2.3,598.0,4.465
170773,"Fast Food, Pizza Chain, 14"" pizza, cheese topping, stuffed crust",12.23,11.63,30.0,274.0,1.7,615.0,5.825
173293,"Fast Food, Pizza Chain, 14"" pizza, cheese topping, thick crust",10.81,10.54,33.17,271.0,2.2,597.0,4.226
173294,"Fast Food, Pizza Chain, 14"" pizza, cheese topping, thin crust",12.85,13.95,31.2,302.0,2.5,742.0,6.224
172055,"Fast Food, Pizza Chain, 14"" pizza, meat and vegetable topping, regular crust",11.02,10.9,25.38,244.0,2.2,589.0,4.407
173295,"Fast Food, Pizza Chain, 14"" pizza, pepperoni topping, regular crust",11.74,11.91,31.98,282.0,2.3,685.0,5.092
173296,"Fast Food, Pizza Chain, 14"" pizza, pepperoni topping, thick crust",11.49,12.58,31.84,287.0,2.2,684.0,4.839
170762,"Fast Food, Pizza Chain, 14"" pizza, pepperoni topping, thin crust",14.01,17.61,29.0,331.0,2.3,875.0,7.115
170367,"Fast Food, Pizza Chain, 14"" pizza, sausage topping, regular crust",11.5,12.35,30.62,280.0,2.3,633.0,5.033
170365,"Fast Food, Pizza Chain, 14"" pizza, sausage topping, thick crust",11.06,12.94,30.36,282.0,2.3,637.0,4.805
170366,"Fast Food, Pizza Chain, 14"" pizza, sausage topping, thin crust",13.36,17.71,27.0,321.0,2.5,782.0,6.888
170756,"Fast Foods, Fried Chicken, Breast, meat and skin and breading",23.51,12.44,6.03,230.0,0.1,657.0,3.316
170356,"Fast Foods, Fried Chicken, Breast, meat only, skin and breading removed",27.93,4.54,0.0,153.0,0.0,512.0,1.18
170757,"Fast Foods, Fried Chicken, Drumstick, meat and skin with breading",21.13,16.92,7.59,267.0,0.5,591.0,4.458
170357,"Fast Foods, Fried Chicken, Drumstick, meat only, skin and breading removed",26.24,7.41,0.0,172.0,0.0,492.0,2.004
170755,"Fast Foods, Fried Chicken, Skin and breading from all pieces",14.11,29.22,19.56,398.0,0.3,965.0,7.857
170359,"Fast Foods, Fried Chicken, Thigh, meat and skin and breading",19.23,18.07,8.68,274.0,0.1,747.0,4.832
170358,"Fast Foods, Fried Chicken, Thigh, meat only, skin and breading removed",23.21,9.41,0.24,178.0,0.0,577.0,2.484
170360,"Fast Foods, Fried Chicken, Wing, meat and skin and breading",21.14,20.09,11.19,310.0,0.1,867.0,5.358
170754,"Fast Foods, Fried Chicken, Wing, meat only, skin and breading removed",28.77,10.2,2.13,215.0,0.0,761.0,2.651
172028,"Fast Foods, biscuit, with egg and sausage",11.13,20.77,21.05,312.0,0.2,672.0,6.449
172083,"Fast Foods, cheeseburger; double, large patty; with condiments, vegetables and mayonnaise",15.5,15.63,12.62,253.0,1.3,405.0,6.519
170318,"Fast Foods, crispy chicken filet sandwich, with lettuce and mayonnaise",10.94,13.59,27.4,276.0,1.4,617.0,2.461
170368,"Fast Foods, grilled chicken filet sandwich, with lettuce, tomato and spread",17.34,4.57,16.78,182.0,0.9,427.0,0.949
170302,"Fast food, biscuit",7.08,18.92,42.82,370.0,2.5,979.0,11.803
173323,"Fast foods, bagel, with breakfast steak, egg, cheese, and condiments",15.95,14.07,22.99,282.0,0.2,642.0,5.419
173322,"Fast foods, bagel, with egg, sausage patty, cheese, and condiments",12.98,16.97,22.64,295.0,0.2,550.0,6.396
173268,"Fast foods, biscuit, with crispy chicken fillet",11.93,14.93,30.56,300.0,1.4,868.0,5.712
173266,"Fast foods, biscuit, with egg and bacon",11.33,20.73,19.06,305.0,0.5,844.0,5.3
173267,"Fast foods, biscuit, with egg and ham",10.64,14.08,16.37,233.0,0.4,1093.0,3.08
172029,"Fast foods, biscuit, with egg, cheese, and bacon",12.01,17.48,24.44,301.0,0.2,816.0,5.893
172030,"Fast foods, biscuit, with ham",11.85,16.3,38.75,342.0,0.7,974.0,10.096
172031,"Fast foods, biscuit, with sausage",9.67,24.42,29.99,371.0,0.4,814.0,7.427
170788,"Fast foods, breadstick, soft, prepared with garlic and parmesan cheese",12.2,12.88,44.48,343.0,2.4,539.0,2.966
170787,"Fast foods, breakfast burrito, with egg, cheese, and sausage",11.1,15.63,22.97,277.0,1.2,744.0,6.404
172038,"Fast foods, burrito, with beans",6.48,6.22,32.92,206.0,,454.0,3.174
173277,"Fast foods, burrito, with beans and beef",11.52,7.47,19.52,191.0,3.0,570.0,2.905
172039,"Fast foods, burrito, with beans and cheese",7.35,6.05,31.23,205.0,4.2,563.0,2.309
173278,"Fast foods, burrito, with beans, cheese, and beef",7.03,6.8,23.37,180.0,3.7,451.0,2.733
170293,"Fast foods, cheeseburger, double, regular patty and bun, with condiments",16.24,16.18,17.97,282.0,1.0,617.0,6.96
173320,"Fast foods, cheeseburger; double, large patty; with condiments",16.96,16.22,14.43,272.0,1.0,480.0,6.473
172084,"Fast foods, cheeseburger; double, regular patty; double decker bun with condiments and special sauce",11.94,14.1,21.53,261.0,1.4,485.0,5.045
173319,"Fast foods, cheeseburger; double, regular patty; with condiments",16.24,16.18,17.97,282.0,0.9,617.0,6.96
170294,"Fast foods, cheeseburger; single, large patty; plain",17.29,15.97,24.07,310.0,1.7,481.0,6.873
172082,"Fast foods, cheeseburger; single, large patty; with condiments",15.21,14.4,19.72,269.0,1.2,591.0,7.033
172081,"Fast foods, cheeseburger; single, large patty; with condiments, vegetables and mayonnaise",13.69,15.8,17.73,268.0,1.1,473.0,5.746
170691,"Fast foods, cheeseburger; single, regular patty, with condiments",13.49,12.9,25.46,270.0,1.9,628.0,5.797
170692,"Fast foods, cheeseburger; single, regular patty, with condiments and vegetables",13.06,11.5,24.97,254.0,1.4,546.0,5.181
170690,"Fast foods, cheeseburger; single, regular patty; plain",16.51,14.72,28.03,308.0,2.0,515.0,6.473
170295,"Fast foods, chicken fillet sandwich, plain with pickles",16.28,11.19,20.89,250.0,1.4,753.0,2.123
173321,"Fast foods, chicken tenders",19.22,13.95,17.25,271.0,1.2,769.0,2.493
170718,"Fast foods, chicken, breaded and fried, boneless pieces, plain",15.92,20.36,14.93,307.0,0.9,594.0,3.566
170300,"Fast foods, coleslaw",0.95,9.91,14.89,153.0,1.9,203.0,1.599
170785,"Fast foods, crispy chicken in tortilla, with lettuce, cheese, and ranch sauce",11.48,15.1,23.22,275.0,1.3,607.0,3.837
170753,"Fast foods, crispy chicken, bacon, and tomato club sandwich, with cheese, lettuce, and mayonnaise",15.38,11.76,22.61,257.0,1.2,605.0,3.372
173269,"Fast foods, croissant, with egg, cheese, and bacon",12.92,16.4,22.5,289.0,1.0,602.0,7.031
173270,"Fast foods, croissant, with egg, cheese, and ham",12.45,14.95,18.98,261.0,0.9,711.0,5.161
173271,"Fast foods, croissant, with egg, cheese, and sausage",12.09,21.78,15.9,308.0,1.8,577.0,8.342
173272,"Fast foods, egg, scrambled",13.84,16.18,2.08,212.0,0.0,187.0,6.153
172032,"Fast foods, english muffin, with cheese and sausage",13.28,20.67,25.28,338.0,0.5,668.0,8.152
172033,"Fast foods, english muffin, with egg, cheese, and canadian bacon",13.64,9.66,21.67,228.0,0.4,617.0,3.592
172034,"Fast foods, english muffin, with egg, cheese, and sausage",13.38,18.1,17.44,286.0,0.2,548.0,6.928
170296,"Fast foods, fish sandwich, with tartar sauce",10.29,12.45,26.69,257.0,1.0,602.0,1.949
170297,"Fast foods, fish sandwich, with tartar sauce and cheese",11.26,14.64,26.39,279.0,0.8,434.0,2.833
172035,"Fast foods, french toast sticks",6.0,17.74,41.21,340.0,1.4,400.0,3.989
172058,"Fast foods, griddle cake sandwich, egg, cheese, and bacon",12.03,13.19,26.19,272.0,0.8,718.0,4.121
172056,"Fast foods, griddle cake sandwich, egg, cheese, and sausage",10.77,17.73,22.04,291.0,0.6,652.0,5.649
172057,"Fast foods, griddle cake sandwich, sausage",8.41,17.76,31.25,318.0,1.0,737.0,5.363
170786,"Fast foods, grilled chicken in tortilla, with lettuce, cheese, and ranch sauce",13.77,10.31,18.43,222.0,0.9,577.0,3.363
170752,"Fast foods, grilled chicken, bacon and tomato club sandwich, with cheese, lettuce, and mayonnaise",17.19,8.05,19.87,220.0,1.2,630.0,3.109
170710,"Fast foods, hamburger, large, single patty, with condiments",15.68,11.6,22.14,256.0,1.1,374.0,4.785
172080,"Fast foods, hamburger; double, large patty; with condiments, vegetables and mayonnaise",13.94,15.66,13.74,252.0,1.4,289.0,5.773
173317,"Fast foods, hamburger; single, large patty; with condiments, vegetables and mayonnaise",11.34,12.37,17.33,226.0,1.5,342.0,3.972
173318,"Fast foods, hamburger; single, regular patty; double decker bun with condiments and special sauce",12.17,13.3,22.69,259.0,1.4,386.0,4.24
170693,"Fast foods, hamburger; single, regular patty; plain",16.52,12.01,31.5,297.0,1.7,331.0,4.493
170694,"Fast foods, hamburger; single, regular patty; with condiments",13.3,10.18,29.57,263.0,1.8,487.0,3.567
170301,"Fast foods, hush puppies",6.16,13.25,40.21,296.0,2.9,813.0,2.621
172079,"Fast foods, miniature cinnamon rolls",7.02,17.95,53.38,403.0,2.2,554.0,4.701
170291,"Fast foods, nachos, with cheese",4.32,21.5,34.91,343.0,3.2,313.0,2.173
170292,"Fast foods, nachos, with cheese, beans, ground beef, and tomatoes",6.21,12.48,21.39,219.0,3.7,348.0,2.549
170697,"Fast foods, onion rings, breaded and fried",3.86,25.23,43.58,411.0,2.7,776.0,4.194
170698,"Fast foods, potato, french fried in vegetable oil",3.43,14.73,41.44,312.0,3.8,210.0,2.336
170699,"Fast foods, potato, mashed",1.65,2.82,14.65,89.0,1.3,306.0,0.577
173273,"Fast foods, potatoes, hash browns, round pieces or patty",2.58,17.04,28.88,272.0,2.7,566.0,2.54
170765,"Fast foods, quesadilla, with chicken",15.05,15.25,24.04,294.0,1.7,745.0,6.154
170695,"Fast foods, roast beef sandwich, plain",15.17,10.3,22.21,244.0,1.3,653.0,3.399
172037,"Fast foods, shrimp, breaded and fried",7.84,18.9,27.99,308.0,0.7,897.0,3.843
170775,"Fast foods, strawberry banana smoothie made with ice and low-fat yogurt",0.86,0.14,15.05,65.0,0.9,14.0,0.0
170313,"Fast foods, submarine sandwich, bacon, lettuce, and tomato on white bread",10.06,6.41,26.66,205.0,1.6,354.0,1.917
170696,"Fast foods, submarine sandwich, cold cut on white bread with lettuce and tomato",10.52,10.04,20.43,213.0,1.2,575.0,3.554
170707,"Fast foods, submarine sandwich, ham on white bread with lettuce and tomato",9.12,2.53,22.91,151.0,1.3,396.0,0.626
170709,"Fast foods, submarine sandwich, meatball marinara on white bread",9.77,8.45,26.01,219.0,2.1,437.0,3.124
170309,"Fast foods, submarine sandwich, oven roasted chicken on white bread with lettuce and tomato",10.84,3.15,21.35,157.0,1.2,268.0,0.724
170298,"Fast foods, submarine sandwich, roast beef on white bread with lettuce and tomato",12.17,2.73,20.34,156.0,0.7,329.0,0.972
170311,"Fast foods, submarine sandwich, steak and cheese on white bread with cheese, lettuce and tomato",12.29,5.34,21.49,183.0,1.2,444.0,2.032
170306,"Fast foods, submarine sandwich, sweet onion chicken teriyaki on white bread with lettuce, tomato and sweet onion sauce",10.91,2.37,22.54,155.0,1.2,305.0,0.505
170299,"Fast foods, submarine sandwich, tuna on white bread with lettuce and tomato",12.33,12.04,15.95,218.0,0.7,329.0,2.059
170706,"Fast foods, submarine sandwich, turkey breast on white bread with lettuce and tomato",9.12,2.31,22.42,147.0,1.3,317.0,0.476
170308,"Fast foods, submarine sandwich, turkey, roast beef and ham on white bread with lettuce and tomato",10.66,2.42,20.36,146.0,1.4,348.0,0.57
173275,"Fast foods, sundae, caramel",4.71,5.98,31.81,196.0,0.0,126.0,2.91
173276,"Fast foods, sundae, hot fudge",3.57,5.46,30.17,180.0,0.0,115.0,3.179
172036,"Fast foods, sundae, strawberry",4.09,5.13,29.18,175.0,0.0,60.0,2.444
170689,"Fast foods, taco with beef, cheese and lettuce, hard shell",8.86,12.7,19.85,226.0,3.9,397.0,4.384
170763,"Fast foods, taco with beef, cheese and lettuce, soft",9.25,9.75,20.23,206.0,2.9,560.0,4.155
170764,"Fast foods, taco with chicken, lettuce and cheese, soft",13.3,6.35,19.69,189.0,1.2,613.0,2.559
173274,"Fast foods, vanilla, light, soft-serve ice cream, with cone",4.24,4.86,26.36,163.0,0.1,81.0,2.542
173467,"Fat free ice cream, no sugar added, flavors other than chocolate",4.41,0.0,28.86,133.0,7.4,110.0,0.0
171400,"Fat, beef tallow",0.0,100.0,0.0,902.0,0.0,0.0,49.8
173564,"Fat, chicken",0.0,99.8,0.0,900.0,0.0,0.0,29.8
173572,"Fat, goose",0.0,99.8,0.0,900.0,0.0,0.0,27.7
173571,"Fat, turkey",0.0,99.8,0.0,900.0,0.0,0.0,29.4
168176,"Feijoa, raw",0.71,0.42,15.21,61.0,6.4,3.0,0.104
169385,"Fennel, bulb, raw",1.24,0.2,7.3,31.0,3.1,52.0,0.09
168584,"Fiddlehead ferns, frozen, unprepared",4.31,0.35,5.74,34.0,,0.0,
169405,"Fiddlehead ferns, raw",4.55,0.4,5.54,34.0,,1.0,
173025,"Figs, canned, extra heavy syrup pack, solids and liquids",0.38,0.1,27.86,107.0,,1.0,0.02
173024,"Figs, canned, heavy syrup pack, solids and liquids",0.38,0.1,22.9,88.0,2.2,1.0,0.02
173023,"Figs, canned, light syrup pack, solids and liquids",0.39,0.1,17.95,69.0,1.8,1.0,0.02
173022,"Figs, canned, water pack, solids and liquids",0.4,0.1,13.99,53.0,2.2,1.0,0.02
174666,"Figs, dried, stewed",1.42,0.4,27.57,107.0,4.2,4.0,0.062
174665,"Figs, dried, uncooked",3.3,0.93,63.87,249.0,9.8,10.0,0.144
173021,"Figs, raw",0.75,0.3,19.18,74.0,2.9,1.0,0.06
169399,"Fireweed, leaves, raw",4.71,2.75,19.22,103.0,10.6,34.0,
168988,"Fireweed, young leaves, raw (Alaska Native)",3.0,0.8,6.3,44.0,6.0,50.0,
171606,Fish broth,2.0,0.6,0.4,16.0,0.0,200.0,0.133
173577,"Fish oil, cod liver",0.0,100.0,0.0,902.0,0.0,0.0,22.608
172340,"Fish oil, herring",0.0,100.0,0.0,902.0,0.0,0.0,21.29
172341,"Fish oil, menhaden",0.0,100.0,0.0,902.0,0.0,0.0,30.427
172342,"Fish oil, menhaden, fully hydrogenated",0.0,100.0,0.0,902.0,0.0,0.0,95.6
172343,"Fish oil, salmon",0.0,100.0,0.0,902.0,0.0,0.0,19.872
173578,"Fish oil, sardine",0.0,100.0,0.0,902.0,0.0,0.0,29.892
168046,"Fish, Salmon, Chum, raw (Alaska Native)",20.69,3.67,0.0,116.0,0.0,59.0,0.547
173724,"Fish, Salmon, pink, canned, drained solids, without skin and bones",24.62,4.21,0.0,136.0,0.0,378.0,0.749
174183,"Fish, anchovy, european, canned in oil, drained solids",28.89,9.71,0.0,210.0,0.0,3668.0,2.203
174182,"Fish, anchovy, european, raw",20.35,4.84,0.0,131.0,0.0,104.0,1.282
174184,"Fish, bass, fresh water, mixed species, raw",18.86,3.69,0.0,114.0,0.0,70.0,0.78
171989,"Fish, bass, freshwater, mixed species, cooked, dry heat",24.18,4.73,0.0,146.0,0.0,90.0,1.001
174228,"Fish, bass, striped, cooked, dry heat",22.73,2.99,0.0,124.0,0.0,88.0,0.65
171948,"Fish, bass, striped, raw",17.73,2.33,0.0,97.0,0.0,69.0,0.507
169798,"Fish, blackfish, whole (Alaska Native)",15.5,1.75,0.0,82.0,,,
174229,"Fish, bluefish, cooked, dry heat",25.69,5.44,0.0,159.0,0.0,77.0,1.172
171949,"Fish, bluefish, raw",20.04,4.24,0.0,124.0,0.0,60.0,0.915
174230,"Fish, burbot, cooked, dry heat",24.76,1.04,0.0,115.0,0.0,124.0,0.209
171950,"Fish, burbot, raw",19.31,0.81,0.0,90.0,0.0,97.0,0.163
174231,"Fish, butterfish, cooked, dry heat",22.15,10.28,0.0,187.0,0.0,114.0,
171951,"Fish, butterfish, raw",17.28,8.02,0.0,146.0,0.0,89.0,3.38
174185,"Fish, carp, cooked, dry heat",22.86,7.17,0.0,162.0,0.0,63.0,1.388
171952,"Fish, carp, raw",17.83,5.6,0.0,127.0,0.0,49.0,1.083
174187,"Fish, catfish, channel, cooked, breaded and fried",18.09,13.33,8.04,229.0,0.7,280.0,3.288
175166,"Fish, catfish, channel, farmed, cooked, dry heat",18.44,7.19,0.0,144.0,0.0,119.0,1.586
175165,"Fish, catfish, channel, farmed, raw",15.23,5.94,0.0,119.0,0.0,98.0,1.31
173714,"Fish, catfish, channel, wild, cooked, dry heat",18.47,2.85,0.0,105.0,0.0,50.0,0.744
174186,"Fish, catfish, channel, wild, raw",16.38,2.82,0.0,95.0,0.0,43.0,0.722
174188,"Fish, caviar, black and red, granular",24.6,17.9,4.0,264.0,0.0,1500.0,4.06
171953,"Fish, cisco, raw",18.99,1.91,0.0,98.0,0.0,55.0,0.421
171954,"Fish, cisco, smoked",16.36,11.9,0.0,177.0,0.0,481.0,1.741
174189,"Fish, cod, Atlantic, canned, solids and liquid",22.76,0.86,0.0,105.0,0.0,218.0,0.167
171956,"Fish, cod, Atlantic, cooked, dry heat",22.83,0.86,0.0,105.0,0.0,78.0,0.168
174190,"Fish, cod, Atlantic, dried and salted",62.82,2.37,0.0,290.0,0.0,7027.0,0.462
171955,"Fish, cod, Atlantic, raw",17.81,0.67,0.0,82.0,0.0,54.0,0.131
175178,"Fish, cod, Pacific, cooked",20.42,0.25,0.0,84.0,,134.0,0.048
171990,"Fish, cod, Pacific, cooked, dry heat (may contain additives to retain moisture)",18.73,0.5,0.0,85.0,0.0,372.0,0.105
174191,"Fish, cod, Pacific, raw (may have been previously frozen)",15.27,0.41,0.0,69.0,0.0,303.0,0.085
171957,"Fish, croaker, Atlantic, cooked, breaded and fried",18.2,12.67,7.54,221.0,0.4,348.0,3.476
174192,"Fish, croaker, Atlantic, raw",17.78,3.17,0.0,104.0,0.0,56.0,1.088
171991,"Fish, cusk, cooked, dry heat",24.35,0.88,0.0,112.0,0.0,40.0,
171958,"Fish, cusk, raw",18.99,0.69,0.0,87.0,0.0,31.0,0.13
168987,"Fish, devilfish, meat (Alaska Native)",11.7,5.3,0.0,97.0,,,
171993,"Fish, drum, freshwater, cooked, dry heat",22.49,6.32,0.0,153.0,0.0,96.0,1.434
171960,"Fish, drum, freshwater, raw",17.54,4.93,0.0,119.0,0.0,75.0,1.119
174194,"Fish, eel, mixed species, cooked, dry heat",23.65,14.95,0.0,236.0,0.0,65.0,3.023
174193,"Fish, eel, mixed species, raw",18.44,11.66,0.0,184.0,0.0,51.0,2.358
174195,"Fish, fish sticks, frozen, prepared",11.01,16.23,21.66,277.0,1.5,402.0,3.733
174197,"Fish, flatfish (flounder and sole species), cooked, dry heat",15.24,2.37,0.0,86.0,0.0,363.0,0.542
174196,"Fish, flatfish (flounder and sole species), raw",12.41,1.93,0.0,70.0,0.0,296.0,0.441
171961,"Fish, gefiltefish, commercial, sweet recipe",9.07,1.73,7.41,84.0,0.0,524.0,0.412
171963,"Fish, grouper, mixed species, cooked, dry heat",24.84,1.3,0.0,118.0,0.0,53.0,0.299
171962,"Fish, grouper, mixed species, raw",19.38,1.02,0.0,92.0,0.0,53.0,0.233
174198,"Fish, haddock, cooked, dry heat",19.99,0.55,0.0,90.0,0.0,261.0,0.111
171964,"Fish, haddock, raw",16.32,0.45,0.0,74.0,0.0,213.0,0.091
174199,"Fish, haddock, smoked",25.23,0.96,0.0,116.0,0.0,763.0,0.173
174201,"Fish, halibut, Atlantic and Pacific, cooked, dry heat",22.54,1.61,0.0,111.0,0.0,82.0,0.354
174200,"Fish, halibut, Atlantic and Pacific, raw",18.56,1.33,0.0,91.0,0.0,68.0,0.292
171965,"Fish, halibut, Greenland, raw",14.37,13.84,0.0,186.0,0.0,80.0,2.419
169812,"Fish, halibut, cooked, with skin (Alaska Native)",22.13,2.73,0.0,113.0,0.0,86.0,0.498
174232,"Fish, halibut, greenland, cooked, dry heat",18.42,17.74,0.0,239.0,0.0,103.0,3.102
167638,"Fish, halibut, raw, with skin (Alaska Native)",20.53,2.92,1.81,116.0,0.0,79.0,0.726
168989,"Fish, herring eggs on giant kelp, Pacific (Alaska Native)",11.3,0.8,2.6,63.0,,61.0,
168990,"Fish, herring eggs, Pacific, dry (Alaska Native)",60.4,6.6,2.8,312.0,,,
169806,"Fish, herring eggs, Pacific, plain (Alaska Native)",9.6,1.93,4.47,74.0,,61.0,0.43
175117,"Fish, herring, Atlantic, cooked, dry heat",23.03,11.59,0.0,203.0,0.0,115.0,2.615
173668,"Fish, herring, Atlantic, kippered",24.58,12.37,0.0,217.0,0.0,918.0,2.791
175118,"Fish, herring, Atlantic, pickled",14.19,18.0,9.64,262.0,0.0,870.0,2.381
175116,"Fish, herring, Atlantic, raw",17.96,9.04,0.0,158.0,0.0,90.0,2.04
174233,"Fish, herring, Pacific, cooked, dry heat",21.01,17.79,0.0,250.0,0.0,95.0,4.174
169807,"Fish, herring, Pacific, flesh, air-dried, packed in oil (Alaska Native)",44.5,34.6,0.0,489.0,,,
173669,"Fish, herring, Pacific, raw",16.39,13.88,0.0,195.0,0.0,74.0,3.257
174234,"Fish, ling, cooked, dry heat",24.35,0.82,0.0,111.0,0.0,173.0,
173670,"Fish, ling, raw",18.99,0.64,0.0,87.0,0.0,135.0,0.12
174235,"Fish, lingcod, cooked, dry heat",22.64,1.36,0.0,109.0,0.0,76.0,0.255
169810,"Fish, lingcod, liver (Alaska Native)",5.6,42.0,6.0,424.0,,,
169809,"Fish, lingcod, meat, raw (Alaska Native)",17.9,0.8,0.0,79.0,,59.0,
173671,"Fish, lingcod, raw",17.66,1.06,0.0,85.0,0.0,59.0,0.197
175120,"Fish, mackerel, Atlantic, cooked, dry heat",23.85,17.81,0.0,262.0,0.0,83.0,4.176
175119,"Fish, mackerel, Atlantic, raw",18.6,13.89,0.0,205.0,0.0,90.0,3.257
171994,"Fish, mackerel, Pacific and jack, mixed species, cooked, dry heat",25.73,10.12,0.0,201.0,0.0,110.0,2.881
173672,"Fish, mackerel, Pacific and jack, mixed species, raw",20.07,7.89,0.0,158.0,0.0,86.0,2.247
175121,"Fish, mackerel, jack, canned, drained solids",23.19,6.3,0.0,156.0,0.0,379.0,1.857
174236,"Fish, mackerel, king, cooked, dry heat",26.0,2.56,0.0,134.0,0.0,203.0,0.465
175122,"Fish, mackerel, king, raw",20.28,2.0,0.0,105.0,0.0,158.0,0.363
168149,"Fish, mackerel, salted",18.5,25.1,0.0,305.0,0.0,4450.0,7.148
173674,"Fish, mackerel, spanish, cooked, dry heat",23.59,6.32,0.0,158.0,0.0,66.0,1.801
173673,"Fish, mackerel, spanish, raw",19.29,6.3,0.0,139.0,0.0,59.0,1.828
171992,"Fish, mahimahi, cooked, dry heat",23.72,0.9,0.0,109.0,0.0,113.0,0.241
171959,"Fish, mahimahi, raw",18.5,0.7,0.0,85.0,0.0,88.0,0.188
171995,"Fish, milkfish, cooked, dry heat",26.32,8.63,0.0,190.0,0.0,92.0,
173675,"Fish, milkfish, raw",20.53,6.73,0.0,148.0,0.0,72.0,1.66
171996,"Fish, monkfish, cooked, dry heat",18.56,1.95,0.0,97.0,0.0,23.0,
173676,"Fish, monkfish, raw",14.48,1.52,0.0,76.0,0.0,18.0,0.34
175124,"Fish, mullet, striped, cooked, dry heat",24.81,4.86,0.0,150.0,0.0,71.0,1.431
175123,"Fish, mullet, striped, raw",19.35,3.79,0.0,117.0,0.0,65.0,1.116
175126,"Fish, ocean perch, Atlantic, cooked, dry heat",18.51,1.87,0.0,96.0,0.0,347.0,0.33
175125,"Fish, ocean perch, Atlantic, raw",15.31,1.54,0.0,79.0,0.0,287.0,0.273
173679,"Fish, perch, mixed species, cooked, dry heat",24.86,1.18,0.0,117.0,0.0,79.0,0.237
173678,"Fish, perch, mixed species, raw",19.39,0.92,0.0,91.0,0.0,62.0,0.185
175127,"Fish, pike, northern, cooked, dry heat",24.69,0.88,0.0,113.0,0.0,49.0,0.151
168021,"Fish, pike, northern, liver (Alaska Native)",16.6,8.0,4.3,156.0,,,
173680,"Fish, pike, northern, raw",19.26,0.69,0.0,88.0,0.0,39.0,0.118
171997,"Fish, pike, walleye, cooked, dry heat",24.54,1.56,0.0,119.0,0.0,65.0,0.319
175128,"Fish, pike, walleye, raw",19.14,1.22,0.0,93.0,0.0,51.0,0.249
173726,"Fish, pollock, Alaska, cooked",19.42,0.9946,0.0,86.6164,,166.0,0.2029
173681,"Fish, pollock, Alaska, cooked, dry heat (may contain additives to retain moisture)",23.48,1.18,0.0,111.0,0.0,419.0,0.159
173725,"Fish, pollock, Alaska, raw",17.17,0.82,0.0,76.0,,159.0,0.148
175130,"Fish, pollock, Alaska, raw (may contain additives to retain moisture)",12.19,0.41,0.0,56.0,0.0,333.0,0.124
174237,"Fish, pollock, Atlantic, cooked, dry heat",24.92,1.26,0.0,118.0,0.0,110.0,0.17
175129,"Fish, pollock, Atlantic, raw",19.44,0.98,0.0,92.0,0.0,86.0,0.135
173683,"Fish, pompano, florida, cooked, dry heat",23.69,12.14,0.0,211.0,0.0,76.0,4.499
173682,"Fish, pompano, florida, raw",18.48,9.47,0.0,164.0,0.0,65.0,3.509
174238,"Fish, pout, ocean, cooked, dry heat",21.33,1.17,0.0,102.0,0.0,78.0,0.41
173677,"Fish, pout, ocean, raw",16.64,0.91,0.0,79.0,0.0,61.0,0.32
175131,"Fish, rockfish, Pacific, mixed species, cooked, dry heat",22.23,1.62,0.0,109.0,0.0,89.0,0.42
173684,"Fish, rockfish, Pacific, mixed species, raw",18.36,1.34,0.0,90.0,0.0,74.0,0.336
174239,"Fish, roe, mixed species, cooked, dry heat",28.62,8.23,1.92,204.0,0.0,117.0,1.866
175132,"Fish, roe, mixed species, raw",22.32,6.42,1.5,143.0,0.0,91.0,1.456
174251,"Fish, roughy, orange, cooked, dry heat",22.64,0.9,0.0,105.0,0.0,69.0,0.034
175133,"Fish, roughy, orange, raw",16.41,0.7,0.0,76.0,0.0,72.0,0.015
174240,"Fish, sablefish, cooked, dry heat",17.19,19.62,0.0,250.0,0.0,72.0,4.099
175134,"Fish, sablefish, raw",13.41,15.3,0.0,195.0,0.0,56.0,3.201
173685,"Fish, sablefish, smoked",17.65,20.14,0.0,257.0,0.0,737.0,4.213
175168,"Fish, salmon, Atlantic, farmed, cooked, dry heat",22.1,12.35,0.0,206.0,0.0,61.0,2.397
175167,"Fish, salmon, Atlantic, farmed, raw",20.42,13.42,0.0,208.0,0.0,59.0,3.05
171998,"Fish, salmon, Atlantic, wild, cooked, dry heat",25.44,8.13,0.0,182.0,0.0,56.0,1.257
173686,"Fish, salmon, Atlantic, wild, raw",19.84,6.34,0.0,142.0,0.0,44.0,0.981
171999,"Fish, salmon, chinook, cooked, dry heat",25.72,13.38,0.0,231.0,0.0,60.0,3.214
173688,"Fish, salmon, chinook, raw",19.93,10.43,0.0,179.0,0.0,47.0,3.1
173687,"Fish, salmon, chinook, smoked",18.28,4.32,0.0,117.0,0.0,672.0,0.929
171985,"Fish, salmon, chinook, smoked, (lox), regular",18.28,4.32,0.0,117.0,0.0,2000.0,0.929
175135,"Fish, salmon, chum, canned, drained solids with bone",21.43,5.5,0.0,141.0,0.0,391.0,1.486
174224,"Fish, salmon, chum, canned, without salt, drained solids with bone",21.43,5.5,0.0,141.0,0.0,75.0,1.486
172000,"Fish, salmon, chum, cooked, dry heat",25.82,4.83,0.0,154.0,0.0,64.0,1.077
168054,"Fish, salmon, chum, dried (Alaska Native)",62.09,14.38,0.0,378.0,0.0,190.0,2.395
173689,"Fish, salmon, chum, raw",20.14,3.77,0.0,120.0,0.0,50.0,0.84
167639,"Fish, salmon, coho (silver), raw (Alaska Native)",22.56,5.57,0.0,140.0,0.0,58.0,0.904
173716,"Fish, salmon, coho, farmed, cooked, dry heat",24.3,8.23,0.0,178.0,0.0,52.0,1.944
173715,"Fish, salmon, coho, farmed, raw",21.27,7.67,0.0,160.0,0.0,47.0,1.816
173719,"Fish, salmon, coho, wild, cooked, dry heat",23.45,4.3,0.0,139.0,0.0,58.0,1.054
175137,"Fish, salmon, coho, wild, cooked, moist heat",27.36,7.5,0.0,184.0,0.0,53.0,1.595
175136,"Fish, salmon, coho, wild, raw",21.62,5.93,0.0,146.0,0.0,46.0,1.26
168047,"Fish, salmon, king (chinook), raw (Alaska Native)",20.25,11.73,0.0,187.0,0.0,48.0,1.87
168024,"Fish, salmon, king, chinook, kippered, canned (Alaska Native)",30.7,15.9,0.0,266.0,,,
167616,"Fish, salmon, king, chinook, liver (Alaska Native)",16.6,8.0,4.3,156.0,,,
167614,"Fish, salmon, king, chinook, smoked and canned (Alaska Native)",23.2,5.9,0.0,150.0,,,
167615,"Fish, salmon, king, chinook, smoked, brined (Alaska Native)",39.9,30.0,0.0,430.0,0.0,693.0,6.97
167647,"Fish, salmon, king, with skin, kippered, (Alaska Native)",23.19,12.95,0.0,209.0,0.0,870.0,2.44
175175,"Fish, salmon, pink, canned, drained solids",23.1,5.02,0.0,138.0,0.0,381.0,0.895
173690,"Fish, salmon, pink, canned, total can contents",19.68,4.97,0.0,129.0,0.0,403.0,0.862
174225,"Fish, salmon, pink, canned, without salt, solids with bone and liquid",19.78,6.05,0.0,139.0,0.0,75.0,1.535
172001,"Fish, salmon, pink, cooked, dry heat",24.58,5.28,0.0,153.0,0.0,90.0,0.971
175138,"Fish, salmon, pink, raw",20.5,4.4,0.0,127.0,0.0,75.0,0.81
167645,"Fish, salmon, red, (sockeye), canned, smoked (Alaska Native)",35.19,7.26,0.0,206.0,0.0,600.0,1.48
167646,"Fish, salmon, red, (sockeye), kippered (Alaska Native)",24.5,4.75,0.0,141.0,0.0,460.0,0.8
167642,"Fish, salmon, red, canned, bones removed (Alaska Native)",27.31,5.76,0.0,161.0,0.0,390.0,0.92
168045,"Fish, salmon, sockeye (red), raw (Alaska Native)",21.94,7.28,0.0,153.0,0.0,60.0,1.007
173693,"Fish, salmon, sockeye, canned, drained solids",23.59,7.39,0.0,167.0,0.0,408.0,1.44
174226,"Fish, salmon, sockeye, canned, without salt, drained solids with bone",20.47,7.31,0.0,153.0,0.0,75.0,1.644
173692,"Fish, salmon, sockeye, cooked, dry heat",26.48,5.57,0.0,156.0,0.0,92.0,0.969
173691,"Fish, salmon, sockeye, raw",22.25,4.69,0.0,131.0,0.0,78.0,0.814
168023,"Fish, salmon, tipnuk, fermented (Alaska Native)",15.9,10.6,0.0,159.0,,,
175139,"Fish, sardine, Atlantic, canned in oil, drained solids with bone",24.62,11.45,0.0,208.0,0.0,307.0,1.528
175140,"Fish, sardine, Pacific, canned in tomato sauce, drained solids with bone",20.86,10.45,0.54,185.0,0.1,414.0,2.684
174241,"Fish, scup, cooked, dry heat",24.21,3.5,0.0,135.0,0.0,54.0,
175141,"Fish, scup, raw",18.88,2.73,0.0,105.0,0.0,42.0,0.64
173694,"Fish, sea bass, mixed species, cooked, dry heat",23.63,2.56,0.0,124.0,0.0,87.0,0.655
175142,"Fish, sea bass, mixed species, raw",18.43,2.0,0.0,97.0,0.0,68.0,0.511
174242,"Fish, seatrout, mixed species, cooked, dry heat",21.46,4.63,0.0,133.0,0.0,74.0,1.293
173695,"Fish, seatrout, mixed species, raw",16.74,3.61,0.0,104.0,0.0,58.0,1.009
174243,"Fish, shad, american, cooked, dry heat",21.71,17.65,0.0,252.0,0.0,65.0,
173696,"Fish, shad, american, raw",16.93,13.77,0.0,197.0,0.0,51.0,3.126
175143,"Fish, shark, mixed species, cooked, batter-dipped and fried",18.62,13.82,6.39,228.0,0.0,122.0,3.205
173697,"Fish, shark, mixed species, raw",20.98,4.51,0.0,130.0,0.0,79.0,0.925
167648,"Fish, sheefish, raw (Alaska Native)",22.25,2.84,0.0,115.0,0.0,52.0,0.49
175145,"Fish, sheepshead, cooked, dry heat",26.02,1.63,0.0,126.0,0.0,73.0,0.36
175144,"Fish, sheepshead, raw",20.21,2.41,0.0,108.0,0.0,71.0,0.609
175147,"Fish, smelt, rainbow, cooked, dry heat",22.6,3.1,0.0,124.0,0.0,77.0,0.579
175146,"Fish, smelt, rainbow, raw",17.63,2.42,0.0,97.0,0.0,60.0,0.452
173699,"Fish, snapper, mixed species, cooked, dry heat",26.3,1.72,0.0,128.0,0.0,57.0,0.365
173698,"Fish, snapper, mixed species, raw",20.51,1.34,0.0,100.0,0.0,64.0,0.285
174244,"Fish, spot, cooked, dry heat",23.73,6.28,0.0,158.0,0.0,37.0,1.859
173700,"Fish, spot, raw",18.51,4.9,0.0,123.0,0.0,29.0,1.45
175148,"Fish, sturgeon, mixed species, cooked, dry heat",20.7,5.18,0.0,135.0,0.0,69.0,1.173
173701,"Fish, sturgeon, mixed species, raw",16.14,4.04,0.0,105.0,0.0,54.0,0.915
175149,"Fish, sturgeon, mixed species, smoked",31.2,4.4,0.0,173.0,0.0,739.0,1.037
172002,"Fish, sucker, white, cooked, dry heat",21.49,2.97,0.0,119.0,0.0,51.0,0.579
175150,"Fish, sucker, white, raw",16.76,2.32,0.0,92.0,0.0,40.0,0.452
172003,"Fish, sunfish, pumpkin seed, cooked, dry heat",24.87,0.9,0.0,114.0,0.0,103.0,0.178
175151,"Fish, sunfish, pumpkin seed, raw",19.4,0.7,0.0,89.0,0.0,80.0,0.139
173702,"Fish, surimi",15.18,0.9,6.85,99.0,0.0,143.0,0.191
173704,"Fish, swordfish, cooked, dry heat",23.45,7.93,0.0,172.0,0.0,97.0,1.911
173703,"Fish, swordfish, raw",19.66,6.65,0.0,144.0,0.0,81.0,1.614
175177,"Fish, tilapia, cooked, dry heat",26.15,2.65,0.0,128.0,0.0,56.0,0.94
175176,"Fish, tilapia, raw",20.08,1.7,0.0,96.0,0.0,52.0,0.585
175152,"Fish, tilefish, cooked, dry heat",24.49,4.69,0.0,147.0,0.0,59.0,0.868
173705,"Fish, tilefish, raw",17.5,2.31,0.0,96.0,0.0,53.0,0.441
175181,"Fish, trout, brook, raw, New York State",21.23,2.73,0.0,110.0,,45.0,0.595
172004,"Fish, trout, mixed species, cooked, dry heat",26.63,8.47,0.0,190.0,0.0,67.0,1.474
175153,"Fish, trout, mixed species, raw",20.77,6.61,0.0,148.0,0.0,52.0,1.149
173718,"Fish, trout, rainbow, farmed, cooked, dry heat",23.8,7.38,0.0,168.0,0.0,61.0,1.651
173717,"Fish, trout, rainbow, farmed, raw",19.94,6.18,0.0,141.0,0.0,51.0,1.383
175155,"Fish, trout, rainbow, wild, cooked, dry heat",22.92,5.82,0.0,150.0,0.0,56.0,1.619
175154,"Fish, trout, rainbow, wild, raw",20.48,3.46,0.0,119.0,0.0,31.0,0.722
175160,"Fish, tuna salad",16.04,9.26,9.41,187.0,0.0,402.0,1.544
173707,"Fish, tuna, fresh, bluefin, cooked, dry heat",29.91,6.28,0.0,184.0,0.0,50.0,1.612
173706,"Fish, tuna, fresh, bluefin, raw",23.33,4.9,0.0,144.0,0.0,39.0,1.257
175156,"Fish, tuna, fresh, skipjack, raw",22.0,1.01,0.0,103.0,0.0,37.0,0.328
175159,"Fish, tuna, fresh, yellowfin, raw",24.4,0.49,0.0,109.0,0.0,45.0,0.172
173708,"Fish, tuna, light, canned in oil, drained solids",29.13,8.21,0.0,198.0,0.0,416.0,1.534
174227,"Fish, tuna, light, canned in oil, without salt, drained solids",29.13,8.21,0.0,198.0,0.0,50.0,1.534
173709,"Fish, tuna, light, canned in water, drained solids (Includes foods for USDA's Food Distribution Program)",19.44,0.96,0.0,86.0,0.0,247.0,0.211
171986,"Fish, tuna, light, canned in water, without salt, drained solids",25.51,0.82,0.0,116.0,0.0,50.0,0.234
172005,"Fish, tuna, skipjack, fresh, cooked, dry heat",28.21,1.29,0.0,132.0,0.0,47.0,0.42
175157,"Fish, tuna, white, canned in oil, drained solids",26.53,8.08,0.0,186.0,0.0,396.0,1.28
171987,"Fish, tuna, white, canned in oil, without salt, drained solids",26.53,8.08,0.0,186.0,0.0,50.0,1.65
175158,"Fish, tuna, white, canned in water, drained solids",23.62,2.97,0.0,128.0,0.0,377.0,0.792
171988,"Fish, tuna, white, canned in water, without salt, drained solids",23.62,2.97,0.0,128.0,0.0,50.0,0.792
172006,"Fish, tuna, yellowfin, fresh, cooked, dry heat",29.15,0.59,0.0,130.0,0.0,54.0,0.205
174245,"Fish, turbot, european, cooked, dry heat",20.58,3.78,0.0,122.0,0.0,192.0,
173710,"Fish, turbot, european, raw",16.05,2.95,0.0,95.0,0.0,150.0,0.75
168034,"Fish, whitefish, broad, head, eyes, cheeks and soft bones (Alaska Native)",18.6,3.6,0.0,107.0,,,
167626,"Fish, whitefish, broad, liver (Alaska Native)",11.0,4.4,5.1,104.0,,,
168052,"Fish, whitefish, dried (Alaska Native)",62.44,13.44,0.0,371.0,0.0,200.0,2.85
167643,"Fish, whitefish, eggs (Alaska Native)",14.66,2.88,4.89,104.0,0.0,160.0,0.496
174246,"Fish, whitefish, mixed species, cooked, dry heat",24.47,7.51,0.0,172.0,0.0,65.0,1.162
173711,"Fish, whitefish, mixed species, raw",19.09,5.86,0.0,134.0,0.0,51.0,0.906
168033,"Fish, whitefish, mixed species, raw (Alaska Native)",18.9,6.1,0.0,131.0,,51.0,1.37
173712,"Fish, whitefish, mixed species, smoked",23.4,0.93,0.0,108.0,0.0,1019.0,0.228
175161,"Fish, whiting, mixed species, cooked, dry heat",23.48,1.69,0.0,116.0,0.0,132.0,0.4
173713,"Fish, whiting, mixed species, raw",18.31,1.31,0.0,90.0,0.0,72.0,0.247
174247,"Fish, wolffish, Atlantic, cooked, dry heat",22.44,3.06,0.0,123.0,0.0,109.0,0.468
175162,"Fish, wolffish, Atlantic, raw",17.5,2.39,0.0,96.0,0.0,85.0,0.365
174248,"Fish, yellowtail, mixed species, cooked, dry heat",29.67,6.72,0.0,187.0,0.0,50.0,
175163,"Fish, yellowtail, mixed species, raw",23.14,5.24,0.0,146.0,0.0,39.0,1.28
169602,"Flan, caramel custard, dry mix",0.0,0.0,91.6,348.0,0.0,432.0,
169621,"Flan, caramel custard, dry mix, prepared with 2% milk",2.99,1.72,18.82,103.0,0.0,113.0,1.035
168796,"Flan, caramel custard, dry mix, prepared with whole milk",2.95,3.0,18.68,113.0,0.0,112.0,1.8
169883,"Fluid replacement, electrolyte solution (include PEDIALYTE)",0.0,0.0,2.45,10.0,0.0,101.0,0.0
167945,"Focaccia, Italian flatbread, plain",8.77,7.89,35.82,249.0,1.8,561.0,0.877
173158,"Formulated Bar, SOUTH BEACH protein bar",30.34,15.17,38.4,412.0,7.3,436.0,3.384
174787,"Formulated bar, LUNA BAR, NUTZ OVER CHOCOLATE",20.75,12.19,52.49,403.0,4.3,386.0,5.523
174782,"Formulated bar, MARS SNACKFOOD US, COCOAVIA, Chocolate Almond Snack Bar",7.72,14.19,51.68,347.0,5.2,260.0,4.326
173138,"Formulated bar, MARS SNACKFOOD US, COCOAVIA, Chocolate Blueberry Snack Bar",6.21,9.27,57.87,325.0,4.6,260.0,3.87
174780,"Formulated bar, MARS SNACKFOOD US, SNICKERS MARATHON Chewy Chocolate Peanut Bar",24.29,13.12,47.24,396.0,2.5,462.0,4.728
173132,"Formulated bar, MARS SNACKFOOD US, SNICKERS MARATHON Double Chocolate Nut Bar",22.35,8.99,51.66,377.0,10.5,333.0,4.847
173136,"Formulated bar, MARS SNACKFOOD US, SNICKERS MARATHON Energy Bar, all flavors",21.91,10.79,50.3,386.0,6.7,383.0,4.753
173134,"Formulated bar, MARS SNACKFOOD US, SNICKERS MARATHON Honey Nut Oat Bar",22.5,7.87,55.13,381.0,11.0,318.0,4.481
174781,"Formulated bar, MARS SNACKFOOD US, SNICKERS MARATHON MULTIGRAIN CRUNCH BAR",18.49,13.18,57.27,422.0,2.8,418.0,4.794
174786,"Formulated bar, MARS SNACKFOOD US, SNICKERS MARATHON Protein Performance Bar, Caramel Nut Rush",25.0,12.5,50.5,415.0,12.5,238.0,6.25
173137,"Formulated bar, POWER BAR, chocolate",14.15,3.11,69.63,363.0,5.7,308.0,1.32
173139,"Formulated bar, SLIM-FAST OPTIMA meal bar, milk chocolate peanut",16.19,8.92,60.21,386.0,5.1,253.0,5.36
174792,"Formulated bar, ZONE PERFECT CLASSIC CRUNCH BAR, mixed flavors",30.0,14.0,45.0,426.0,2.0,444.0,4.499
173149,"Formulated bar, high fiber, chewy, oats and chocolate",5.0,10.0,69.82,389.0,22.5,237.0,3.397
174614,"Frankfurter, beef, heated",11.69,29.36,2.66,322.0,0.0,852.0,11.593
167696,"Frankfurter, beef, low fat",12.0,9.5,1.6,140.0,0.0,744.0,1.526
172949,"Frankfurter, beef, pork, and turkey, fat free",12.5,1.59,11.21,109.0,0.0,880.0,0.5
173862,"Frankfurter, beef, unheated",11.69,28.1,2.97,315.0,0.0,865.0,11.46
171624,"Frankfurter, chicken",15.51,16.19,2.74,223.0,0.0,1027.0,3.856
168131,"Frankfurter, low sodium",12.0,28.51,1.8,312.0,0.0,311.0,12.038
172968,"Frankfurter, meat",10.26,25.76,4.17,290.0,0.0,1090.0,7.666
171633,"Frankfurter, meat and poultry, cooked, boiled",10.31,26.28,4.96,298.0,0.0,914.0,8.216
171634,"Frankfurter, meat and poultry, cooked, grilled",10.67,26.43,5.24,302.0,0.0,1079.0,8.218
169866,"Frankfurter, meat and poultry, low fat",15.5,2.8,8.4,121.0,0.1,983.0,0.97
173875,"Frankfurter, meat and poultry, unheated",9.72,24.18,5.02,277.0,0.0,976.0,7.583
174615,"Frankfurter, meat, heated",9.77,24.31,4.9,278.0,0.0,1013.0,7.22
169887,"Frankfurter, meatless",19.61,13.73,7.7,233.0,3.9,471.0,1.653
172964,"Frankfurter, pork",12.81,23.68,0.28,269.0,0.1,816.0,8.719
171625,"Frankfurter, turkey",12.23,17.29,3.81,223.0,0.0,911.0,4.028
172763,"French toast, frozen, ready-to-heat",7.4,6.1,32.1,213.0,1.1,495.0,1.533
174998,"French toast, prepared from recipe, made with low fat (2%) milk",7.7,10.8,25.0,229.0,,479.0,2.723
172466,"Frijoles rojos volteados (Refried beans, red, canned)",5.0,6.93,15.47,144.0,4.7,375.0,0.926
168148,"Frog legs, raw",16.4,0.3,0.0,73.0,0.0,58.0,0.076
169625,"Frostings, chocolate, creamy, dry mix",1.3,5.2,92.0,389.0,2.4,76.0,
168800,"Frostings, chocolate, creamy, dry mix, prepared with butter",1.11,13.06,71.8,408.0,1.9,124.0,8.369
168845,"Frostings, chocolate, creamy, dry mix, prepared with margarine",1.1,12.87,71.02,404.0,1.9,163.0,1.74
168795,"Frostings, chocolate, creamy, ready-to-eat",1.1,17.6,63.2,397.0,0.9,183.0,5.526
169618,"Frostings, coconut-nut, ready-to-eat",1.5,24.0,52.7,433.0,2.5,160.0,8.631
169619,"Frostings, cream cheese-flavor, ready-to-eat",0.1,17.3,67.32,415.0,0.0,191.0,4.545
168852,"Frostings, glaze, chocolate, prepared-from-recipe, with butter, NFSMI Recipe No. C-32",1.42,7.17,72.18,359.0,1.1,132.0,4.483
169668,"Frostings, glaze, prepared-from-recipe",0.44,0.53,83.65,341.0,0.0,6.0,0.271
168802,"Frostings, vanilla, creamy, dry mix",0.3,4.9,93.8,410.0,0.1,13.0,
168844,"Frostings, vanilla, creamy, dry mix, prepared with margarine",0.34,12.74,74.28,413.0,0.1,114.0,1.74
169620,"Frostings, vanilla, creamy, ready-to-eat",0.0,16.23,67.89,418.0,0.0,184.0,2.974
168803,"Frostings, white, fluffy, dry mix",2.3,0.0,94.9,371.0,0.0,234.0,
169626,"Frostings, white, fluffy, dry mix, prepared with water",1.5,0.0,62.6,244.0,0.0,156.0,0.0
170665,"Frozen novelties, KLONDIKE, SLIM-A-BEAR Chocolate Cone",4.09,4.1,45.32,224.0,4.3,159.0,1.001
170260,"Frozen novelties, KLONDIKE, SLIM-A-BEAR Fudge Bar, 98% fat free, no sugar added",4.31,1.88,30.07,124.0,6.0,120.0,1.0
170666,"Frozen novelties, KLONDIKE, SLIM-A-BEAR Vanilla Sandwich",3.9,5.85,42.75,239.0,4.3,191.0,3.25
170667,"Frozen novelties, KLONDIKE, SLIM-A-BEAR, No Sugar Added, Stickless Bar",5.2,13.0,25.98,242.0,3.9,86.0,10.4
170266,"Frozen novelties, No Sugar Added CREAMSICLE Pops",3.69,0.61,12.88,72.0,3.6,41.0,0.47
170258,"Frozen novelties, No Sugar Added, FUDGSICLE pops",3.67,1.87,23.11,124.0,1.5,96.0,0.984
170267,"Frozen novelties, Sugar Free, CREAMSICLE Pops",1.37,2.33,11.95,49.0,7.5,6.0,2.0
169632,"Frozen novelties, fruit and juice bars",1.2,0.1,20.2,87.0,1.0,4.0,0.0
168130,"Frozen novelties, ice cream type, chocolate or caramel covered, with nuts",4.4,20.2,30.9,323.0,0.6,92.0,12.658
169900,"Frozen novelties, ice cream type, sundae, prepackaged",4.3,6.0,29.64,190.0,0.3,95.0,3.09
167683,"Frozen novelties, ice cream type, vanilla ice cream, light, no sugar added, chocolate coated",6.4,10.1,26.11,221.0,0.8,104.0,5.528
169613,"Frozen novelties, ice type, fruit, no sugar added",0.5,0.1,6.2,24.0,0.0,5.0,0.0
168812,"Frozen novelties, ice type, italian, restaurant-prepared",0.03,0.02,13.5,53.0,0.0,4.0,0.0
169638,"Frozen novelties, ice type, lime",0.4,0.0,32.6,128.0,0.0,22.0,0.0
168847,"Frozen novelties, ice type, pineapple-coconut",0.0,2.6,23.9,113.0,0.7,35.0,2.304
168813,"Frozen novelties, ice type, pop",0.0,0.24,19.23,79.0,0.0,7.0,0.013
168132,"Frozen novelties, ice type, pop, with low calorie sweetener",0.0,0.0,5.92,24.0,0.0,10.0,0.0
170259,"Frozen novelties, ice type, sugar free, orange, cherry, and grape POPSICLE pops",0.0,0.0,5.14,21.0,0.0,10.0,0.0
170255,"Frozen novelties, juice type, POPSICLE SCRIBBLERS",0.0,0.24,19.68,81.0,0.0,13.0,
167721,"Frozen novelties, juice type, juice with cream",1.41,1.41,24.11,115.0,0.1,42.0,0.705
168113,"Frozen novelties, juice type, orange",0.5,0.0,23.17,95.0,0.1,8.0,0.0
168104,"Frozen yogurts, chocolate",3.0,3.6,21.6,131.0,2.3,63.0,2.272
168103,"Frozen yogurts, chocolate, nonfat milk, sweetened without sugar",4.4,0.8,19.7,107.0,2.0,81.0,0.505
168848,"Frozen yogurts, chocolate, soft-serve",4.0,6.0,24.9,160.0,2.2,98.0,3.63
168105,"Frozen yogurts, flavors other than chocolate",3.0,3.6,21.6,127.0,0.0,63.0,2.326
168815,"Frozen yogurts, vanilla, soft-serve",4.0,5.6,24.2,159.0,0.0,87.0,3.42
168816,"Fruit butters, apple",0.39,0.3,42.47,173.0,1.5,15.0,0.053
173029,"Fruit cocktail, (peach and pineapple and pear and grape and cherry), canned, extra heavy syrup, solids and liquids",0.39,0.07,22.89,88.0,1.1,6.0,0.01
173026,"Fruit cocktail, (peach and pineapple and pear and grape and cherry), canned, extra light syrup, solids and liquids",0.4,0.07,11.63,45.0,1.1,4.0,0.01
173028,"Fruit cocktail, (peach and pineapple and pear and grape and cherry), canned, heavy syrup, solids and liquids",0.39,0.07,18.91,73.0,1.0,6.0,0.01
174668,"Fruit cocktail, (peach and pineapple and pear and grape and cherry), canned, juice pack, solids and liquids",0.46,0.01,11.86,46.0,1.0,4.0,0.001
173027,"Fruit cocktail, (peach and pineapple and pear and grape and cherry), canned, light syrup, solids and liquids",0.4,0.07,14.93,57.0,1.0,6.0,0.01
174667,"Fruit cocktail, (peach and pineapple and pear and grape and cherry), canned, water pack, solids and liquids",0.42,0.05,8.51,32.0,1.0,4.0,0.006
168178,"Fruit cocktail, canned, heavy syrup, drained",0.47,0.1,18.8,70.0,1.7,6.0,0.014
167797,"Fruit juice smoothie, BOLTHOUSE FARMS, BERRY BOOST",0.63,0.02,10.9,46.0,0.0,4.0,0.003
167798,"Fruit juice smoothie, BOLTHOUSE FARMS, GREEN GOODNESS",0.63,0.33,13.04,56.0,0.6,11.0,0.068
167799,"Fruit juice smoothie, BOLTHOUSE FARMS, strawberry banana",0.44,0.3,12.37,52.0,0.6,5.0,0.055
168206,"Fruit juice smoothie, NAKED JUICE, BLUE MACHINE",0.42,0.0,16.67,71.0,2.9,4.0,0.0
167796,"Fruit juice smoothie, NAKED JUICE, GREEN MACHINE",0.6,0.26,12.53,53.0,0.7,6.0,0.053
167795,"Fruit juice smoothie, NAKED JUICE, MIGHTY MANGO",0.42,0.0,15.0,63.0,0.0,4.0,0.0
168214,"Fruit juice smoothie, NAKED JUICE, strawberry banana",0.48,0.27,11.66,50.0,0.6,2.0,0.061
168208,"Fruit juice smoothie, ODWALLA, ORIGINAL SUPERFOOD",0.63,0.36,11.51,50.0,0.6,3.0,0.105
168213,"Fruit juice smoothie, ODWALLA, strawberry banana",0.5,0.32,11.05,48.0,0.6,2.0,0.059
174672,"Fruit salad, (peach and pear and apricot and pineapple and cherry), canned, extra heavy syrup, solids and liquids",0.33,0.06,22.77,88.0,1.0,5.0,0.009
174670,"Fruit salad, (peach and pear and apricot and pineapple and cherry), canned, juice pack, solids and liquids",0.51,0.03,13.05,50.0,1.0,5.0,0.004
174671,"Fruit salad, (peach and pear and apricot and pineapple and cherry), canned, light syrup, solids and liquids",0.34,0.07,15.14,58.0,1.0,6.0,0.009
174669,"Fruit salad, (peach and pear and apricot and pineapple and cherry), canned, water pack, solids and liquids",0.35,0.07,7.87,30.0,1.0,3.0,0.009
167764,"Fruit salad, (pineapple and papaya and banana and guava), tropical, canned, heavy syrup, solids and liquids",0.41,0.1,22.36,86.0,1.3,2.0,0.019
167953,Fruit syrup,0.0,0.0,85.13,341.0,0.1,0.0,0.0
167655,"Frybread, made with lard (Apache)",8.38,10.14,46.01,309.0,1.7,671.0,3.631
167635,"Frybread, made with lard (Navajo)",6.69,12.22,48.26,330.0,,329.0,4.621
168581,"Fungi, Cloud ears, dried",9.25,0.73,73.01,284.0,70.1,35.0,
174421,"Game meat , bison, ground, raw",18.67,15.93,0.0,223.0,0.0,66.0,6.802
174423,"Game meat , bison, top sirloin, separable lean only, 1"" steak, cooked, broiled",28.05,5.65,0.0,171.0,0.0,53.0,2.412
173844,"Game meat, antelope, cooked, roasted",29.45,2.67,0.0,150.0,0.0,54.0,0.97
175292,"Game meat, antelope, raw",22.38,2.03,0.0,114.0,0.0,51.0,0.74
173846,"Game meat, bear, cooked, simmered",32.42,13.39,0.0,259.0,0.0,71.0,3.54
173845,"Game meat, bear, raw",20.1,8.3,0.0,161.0,0.0,,
175295,"Game meat, beaver, cooked, roasted",34.85,6.96,0.0,212.0,0.0,59.0,2.07
175294,"Game meat, beaver, raw",24.05,4.8,0.0,146.0,0.0,51.0,
173848,"Game meat, beefalo, composite of cuts, cooked, roasted",30.66,6.32,0.0,188.0,0.0,82.0,2.68
175296,"Game meat, beefalo, composite of cuts, raw",23.3,4.8,0.0,143.0,0.0,78.0,2.04
174424,"Game meat, bison, chuck, shoulder clod, separable lean only, cooked, braised",33.78,5.43,0.0,193.0,0.0,57.0,2.32
172598,"Game meat, bison, chuck, shoulder clod, separable lean only, raw",21.12,3.15,0.0,119.0,0.0,62.0,1.345
174422,"Game meat, bison, ground, cooked, pan-broiled",23.77,15.13,0.0,238.0,0.0,73.0,6.461
172599,"Game meat, bison, ribeye, separable lean only, 1"" steak, cooked, broiled",29.45,5.67,0.0,177.0,0.0,52.0,2.419
172565,"Game meat, bison, ribeye, separable lean only, trimmed to 0"" fat, raw",22.1,2.4,0.0,116.0,,48.0,0.898
173852,"Game meat, bison, separable lean only, cooked, roasted",28.44,2.42,0.0,143.0,0.0,57.0,0.91
173851,"Game meat, bison, separable lean only, raw",21.62,1.84,0.0,109.0,0.0,54.0,0.69
172566,"Game meat, bison, shoulder clod, separable lean only, trimmed to 0"" fat, raw",21.1,2.1,0.0,109.0,,59.0,0.749
172600,"Game meat, bison, top round, separable lean only, 1"" steak, cooked, broiled",30.18,4.96,0.0,174.0,0.0,41.0,1.957
172601,"Game meat, bison, top round, separable lean only, 1"" steak, raw",23.32,2.43,0.0,122.0,0.0,47.0,1.039
172564,"Game meat, bison, top sirloin, separable lean only, trimmed to 0"" fat, raw",21.4,2.4,0.0,113.0,,51.0,0.885
175298,"Game meat, boar, wild, cooked, roasted",28.3,4.38,0.0,160.0,0.0,60.0,1.3
175297,"Game meat, boar, wild, raw",21.51,3.33,0.0,122.0,0.0,,0.99
175300,"Game meat, buffalo, water, cooked, roasted",26.83,1.8,0.0,131.0,0.0,56.0,0.6
175299,"Game meat, buffalo, water, raw",20.39,1.37,0.0,99.0,0.0,53.0,0.46
173854,"Game meat, caribou, cooked, roasted",29.77,4.42,0.0,167.0,0.0,60.0,1.7
173853,"Game meat, caribou, raw",22.63,3.36,0.0,127.0,0.0,57.0,1.29
175085,"Game meat, deer, cooked, roasted",30.21,3.19,0.0,158.0,0.0,54.0,1.25
172603,"Game meat, deer, ground, cooked, pan-broiled",26.45,8.22,0.0,187.0,0.0,78.0,3.993
172602,"Game meat, deer, ground, raw",21.78,7.13,0.0,157.0,0.0,75.0,3.361
172604,"Game meat, deer, loin, separable lean only, 1"" steak, cooked, broiled",30.2,2.38,0.0,150.0,0.0,57.0,1.351
173855,"Game meat, deer, raw",22.96,2.42,0.0,120.0,0.0,51.0,0.95
172605,"Game meat, deer, shoulder clod, separable lean only, cooked, braised",36.28,3.95,0.0,191.0,0.0,52.0,2.239
174430,"Game meat, deer, tenderloin, separable lean only, cooked, broiled",29.9,2.35,0.0,149.0,0.0,57.0,1.142
174431,"Game meat, deer, top round, separable lean only, 1"" steak, cooked, broiled",31.47,1.92,0.0,152.0,0.0,45.0,1.03
175302,"Game meat, elk, cooked, roasted",30.19,1.9,0.0,146.0,0.0,61.0,0.7
174426,"Game meat, elk, ground, cooked, pan-broiled",26.64,8.74,0.0,193.0,0.0,85.0,4.002
174425,"Game meat, elk, ground, raw",21.76,8.82,0.0,172.0,0.0,79.0,3.469
174427,"Game meat, elk, loin, separable lean only, cooked, broiled",31.0,3.84,0.0,167.0,0.0,54.0,1.511
175301,"Game meat, elk, raw",22.95,1.45,0.0,111.0,0.0,58.0,0.53
174428,"Game meat, elk, round, separable lean only, cooked, broiled",30.94,2.64,0.0,156.0,0.0,51.0,1.037
174429,"Game meat, elk, tenderloin, separable lean only, cooked, broiled",30.76,3.41,0.0,162.0,0.0,50.0,1.342
175304,"Game meat, goat, cooked, roasted",27.1,3.03,0.0,143.0,0.0,86.0,0.93
175303,"Game meat, goat, raw",20.6,2.31,0.0,109.0,0.0,82.0,0.71
175087,"Game meat, horse, cooked, roasted",28.14,6.05,0.0,175.0,0.0,55.0,1.9
175086,"Game meat, horse, raw",21.39,4.6,0.0,133.0,0.0,53.0,1.44
174345,"Game meat, moose, cooked, roasted",29.27,0.97,0.0,134.0,0.0,69.0,0.29
174344,"Game meat, moose, raw",22.24,0.74,0.0,102.0,0.0,65.0,0.22
172519,"Game meat, muskrat, cooked, roasted",30.09,11.74,0.0,234.0,0.0,95.0,
172518,"Game meat, muskrat, raw",20.76,8.1,0.0,162.0,0.0,82.0,
172520,"Game meat, opossum, cooked, roasted",30.2,10.2,0.0,221.0,0.0,58.0,1.206
172522,"Game meat, rabbit, domesticated, composite of cuts, cooked, roasted",29.06,8.05,0.0,197.0,0.0,47.0,2.4
174346,"Game meat, rabbit, domesticated, composite of cuts, cooked, stewed",30.38,8.41,0.0,206.0,0.0,37.0,2.51
172521,"Game meat, rabbit, domesticated, composite of cuts, raw",20.05,5.55,0.0,136.0,0.0,41.0,1.66
174348,"Game meat, rabbit, wild, cooked, stewed",33.02,3.51,0.0,173.0,0.0,45.0,1.05
174347,"Game meat, rabbit, wild, raw",21.79,2.32,0.0,114.0,0.0,50.0,0.69
174349,"Game meat, raccoon, cooked, roasted",29.2,14.5,0.0,255.0,0.0,79.0,4.07
172524,"Game meat, squirrel, cooked, roasted",30.77,4.69,0.0,173.0,0.0,119.0,0.54
172523,"Game meat, squirrel, raw",21.23,3.21,0.0,120.0,0.0,103.0,0.38
167939,"Garlic bread, frozen",8.36,16.61,41.72,350.0,2.5,544.0,5.281
169230,"Garlic, raw",6.36,0.5,33.06,149.0,2.1,17.0,0.089
168775,"Gelatin desserts, dry mix",7.8,0.0,90.5,381.0,0.0,466.0,0.0
169596,"Gelatin desserts, dry mix, prepared with water",1.22,0.0,14.19,60.0,0.0,75.0,0.0
169597,"Gelatin desserts, dry mix, reduced calorie, with aspartame",15.67,0.0,80.21,198.0,0.1,862.0,0.0
169692,"Gelatin desserts, dry mix, reduced calorie, with aspartame, added phosphorus, potassium, sodium, vitamin C",55.3,0.0,33.3,345.0,0.0,2751.0,0.0
169693,"Gelatin desserts, dry mix, reduced calorie, with aspartame, no added sodium",55.3,0.0,33.3,345.0,0.0,158.0,0.0
169598,"Gelatin desserts, dry mix, reduced calorie, with aspartame, prepared with water",0.83,0.0,4.22,20.0,0.0,48.0,0.0
169691,"Gelatin desserts, dry mix, with added ascorbic acid, sodium-citrate and salt",7.8,0.0,90.5,381.0,0.0,491.0,0.0
169599,"Gelatins, dry powder, unsweetened",85.6,0.1,0.0,335.0,0.0,196.0,0.07
173254,"George Weston Bakeries, Brownberry Sage and Onion Stuffing Mix, dry",13.3,5.1,72.7,390.0,5.4,1680.0,0.9
167515,"George Weston Bakeries, Thomas English Muffins",8.0,1.8,46.0,232.0,,345.0,0.308
169765,"Ginger root, pickled, canned, with artificial sweetener",0.33,0.1,4.83,20.0,2.6,906.0,0.037
169231,"Ginger root, raw",1.82,0.75,17.77,80.0,2.0,13.0,0.203
167592,"Glutino, Gluten Free Cookies, Chocolate Vanilla Creme",2.19,17.89,76.03,474.0,2.5,275.0,7.905
167593,"Glutino, Gluten Free Cookies, Vanilla Creme",2.19,18.79,77.34,487.0,0.0,189.0,8.094
168002,"Glutino, Gluten Free Wafers, Lemon Flavored",0.0,24.18,74.39,515.0,0.0,111.0,10.501
168003,"Glutino, Gluten Free Wafers, Milk Chocolate",4.06,30.42,62.82,541.0,1.6,122.0,15.299
173032,"Goji berries, dried",14.26,0.39,77.06,349.0,13.0,298.0,0.0
172412,"Goose, domesticated, meat and skin, cooked, roasted",25.16,21.92,0.0,305.0,0.0,70.0,6.87
174470,"Goose, domesticated, meat and skin, raw",15.86,33.62,0.0,371.0,0.0,73.0,9.78
172414,"Goose, domesticated, meat only, cooked, roasted",28.97,12.67,0.0,238.0,0.0,76.0,4.56
172413,"Goose, domesticated, meat only, raw",22.75,7.13,0.0,161.0,0.0,87.0,2.79
172415,"Goose, liver, raw",16.37,4.28,6.32,133.0,0.0,140.0,1.59
173031,"Gooseberries, canned, light syrup pack, solids and liquids",0.65,0.2,18.75,73.0,2.4,2.0,0.013
173030,"Gooseberries, raw",0.88,0.58,10.18,44.0,4.3,1.0,0.038
168530,"Gourd, dishcloth (towelgourd), cooked, boiled, drained, with salt",0.66,0.34,13.75,54.0,2.9,257.0,0.027
168415,"Gourd, dishcloth (towelgourd), cooked, boiled, drained, without salt",0.66,0.34,14.34,56.0,2.9,21.0,0.027
168414,"Gourd, dishcloth (towelgourd), raw",1.2,0.2,4.35,20.0,1.1,3.0,0.016
169353,"Gourd, white-flowered (calabash), cooked, boiled, drained, with salt",0.6,0.02,3.1,13.0,1.2,238.0,0.002
169233,"Gourd, white-flowered (calabash), cooked, boiled, drained, without salt",0.6,0.02,3.69,15.0,1.2,2.0,0.002
169232,"Gourd, white-flowered (calabash), raw",0.62,0.02,3.39,14.0,0.5,2.0,0.002
168095,"Granola bar, soft, milk chocolate coated, peanut butter",9.6,31.2,54.1,536.0,3.8,193.0,17.065
173041,"Grape juice, canned or bottled, unsweetened, with added ascorbic acid",0.37,0.13,14.77,60.0,0.2,5.0,0.025
168207,"Grape juice, canned or bottled, unsweetened, with added ascorbic acid and calcium",0.37,0.13,14.77,62.0,0.2,5.0,0.025
173042,"Grape juice, canned or bottled, unsweetened, without added ascorbic acid",0.37,0.13,14.77,60.0,0.2,5.0,0.025
169393,"Grape leaves, canned",4.27,1.97,11.71,69.0,9.9,2853.0,0.312
168575,"Grape leaves, raw",5.6,2.12,17.31,93.0,11.0,9.0,0.336
173038,"Grapefruit juice, pink or red, with added calcium",0.51,0.68,7.74,39.0,0.3,2.0,0.173
167774,"Grapefruit juice, pink, raw",0.5,0.1,9.2,39.0,,1.0,0.014
168189,"Grapefruit juice, white, bottled, unsweetened, OCEAN SPRAY",0.54,0.64,7.51,37.0,0.6,2.0,
174678,"Grapefruit juice, white, canned or bottled, unsweetened",0.55,0.66,7.54,37.0,0.6,2.0,0.082
174679,"Grapefruit juice, white, canned, sweetened",0.58,0.09,11.13,46.0,0.1,2.0,0.012
174681,"Grapefruit juice, white, frozen concentrate, unsweetened, diluted with 3 volume water",0.55,0.13,9.73,41.0,0.1,1.0,0.019
174680,"Grapefruit juice, white, frozen concentrate, unsweetened, undiluted",1.97,0.48,34.56,146.0,0.4,3.0,0.064
173039,"Grapefruit juice, white, raw",0.5,0.1,9.2,39.0,0.1,1.0,0.014
173033,"Grapefruit, raw, pink and red and white, all areas",0.63,0.1,8.08,32.0,1.1,0.0,0.014
174674,"Grapefruit, raw, pink and red, California and Arizona",0.5,0.1,9.69,37.0,,1.0,0.014
174675,"Grapefruit, raw, pink and red, Florida",0.55,0.1,7.5,30.0,1.1,0.0,0.014
174673,"Grapefruit, raw, pink and red, all areas",0.77,0.14,10.66,42.0,1.6,0.0,0.021
174677,"Grapefruit, raw, white, California",0.88,0.1,9.09,37.0,,0.0,0.014
173034,"Grapefruit, raw, white, Florida",0.63,0.1,8.19,32.0,,0.0,0.014
174676,"Grapefruit, raw, white, all areas",0.69,0.1,8.41,33.0,1.1,0.0,0.014
173036,"Grapefruit, sections, canned, juice pack, solids and liquids",0.7,0.09,9.21,37.0,0.4,7.0,0.012
173037,"Grapefruit, sections, canned, light syrup pack, solids and liquids",0.56,0.1,15.44,60.0,0.4,2.0,0.014
173035,"Grapefruit, sections, canned, water pack, solids and liquids",0.58,0.1,9.15,36.0,0.4,2.0,0.014
174682,"Grapes, american type (slip skin), raw",0.63,0.35,17.15,67.0,0.9,2.0,0.114
174685,"Grapes, canned, thompson seedless, heavy syrup pack, solids and liquids",0.48,0.1,19.65,76.0,0.6,5.0,0.033
174684,"Grapes, canned, thompson seedless, water pack, solids and liquids",0.5,0.11,10.3,40.0,0.6,6.0,0.035
173040,"Grapes, muscadine, raw",0.81,0.47,13.93,57.0,3.9,1.0,
174683,"Grapes, red or green (European type, such as Thompson seedless), raw",0.72,0.16,18.1,69.0,0.9,2.0,0.054
171600,"Gravy, CAMPBELL'S, chicken",0.79,2.73,5.87,51.0,,424.0,0.603
174072,"Gravy, HEINZ Home Style, classic chicken",0.67,2.57,5.01,46.0,,372.0,0.656
171599,"Gravy, HEINZ Home Style, savory beef",1.09,1.13,6.24,39.0,0.7,587.0,0.4
171168,"Gravy, au jus, canned",1.2,0.2,2.5,16.0,0.0,478.0,0.1
171169,"Gravy, au jus, dry",9.2,9.63,47.49,313.0,,11588.0,2.026
171564,"Gravy, beef, canned, ready-to-serve",3.75,2.36,4.81,53.0,0.4,633.0,1.153
171588,"Gravy, brown instant, dry",8.53,11.85,59.78,380.0,3.2,5053.0,5.866
171565,"Gravy, brown, dry",10.74,9.61,59.38,367.0,2.0,4843.0,3.319
171566,"Gravy, chicken, canned or bottled, ready-to-serve",0.71,2.62,5.29,48.0,0.1,389.0,0.639
171567,"Gravy, chicken, dry",11.27,9.73,62.09,381.0,,4152.0,2.92
171589,"Gravy, instant beef, dry",9.8,9.48,61.1,369.0,4.3,5203.0,4.88
171590,"Gravy, instant turkey, dry",11.72,14.66,57.56,409.0,3.8,4090.0,4.931
171598,"Gravy, meat or poultry, low sodium, prepared",3.8,2.4,6.16,53.0,0.3,18.0,1.003
171170,"Gravy, mushroom, canned",1.26,2.71,5.47,50.0,0.4,570.0,0.4
171171,"Gravy, mushroom, dry, powder",10.0,4.0,64.66,328.0,4.8,6580.0,2.36
171172,"Gravy, onion, dry, mix",9.0,3.0,67.64,322.0,6.0,4186.0,1.86
171173,"Gravy, pork, dry, powder",8.78,8.63,63.57,367.0,2.4,5356.0,4.29
171568,"Gravy, turkey, canned, ready-to-serve",2.6,2.1,5.1,51.0,0.4,577.0,0.62
171569,"Gravy, turkey, dry",10.42,7.19,65.12,367.0,,4392.0,1.975
171570,"Gravy, unspecified type, dry",13.0,8.0,58.0,344.0,,5730.0,2.86
173043,"Groundcherries, (cape-gooseberries or poha), raw",1.9,0.7,11.2,53.0,,,
168196,"Guanabana nectar, canned",0.11,0.17,14.93,59.0,0.1,8.0,0.029
167784,"Guava nectar, canned, with added ascorbic acid",0.09,0.06,16.25,63.0,1.0,6.0,0.02
168210,"Guava nectar, with sucralose, canned",0.3,0.07,13.3,48.0,1.2,6.0,0.023
174686,"Guava sauce, cooked",0.32,0.14,9.48,36.0,3.6,4.0,0.04
173044,"Guavas, common, raw",2.55,0.95,14.32,68.0,5.4,2.0,0.272
173045,"Guavas, strawberry, raw",0.58,0.6,17.36,69.0,5.4,37.0,0.172
172416,"Guinea hen, meat and skin, raw",23.4,6.45,0.0,158.0,0.0,67.0,1.77
174471,"Guinea hen, meat only, raw",20.64,2.47,0.0,110.0,0.0,69.0,0.64
169045,"Gums, seed gums (includes locust bean, guar)",4.6,0.5,77.3,332.0,77.3,125.0,0.06
168320,"HORMEL ALWAYS TENDER, Boneless Pork Loin, Fresh Pork",19.02,7.18,0.76,145.0,,358.0,2.84
168319,"HORMEL ALWAYS TENDER, Center Cut Chops, Fresh Pork",18.74,9.62,0.84,167.0,,378.0,3.6
168318,"HORMEL ALWAYS TENDER, Pork Loin Filets, Lemon Garlic-Flavored",17.83,4.16,1.79,118.0,,590.0,1.41
168317,"HORMEL ALWAYS TENDER, Pork Tenderloin, Peppercorn-Flavored",17.21,3.8,1.82,110.0,,594.0,1.16
167910,"HORMEL ALWAYS TENDER, Pork Tenderloin, Teriyaki-Flavored",18.2,3.07,4.63,119.0,,413.0,1.05
167911,HORMEL Canadian Style Bacon,16.88,4.94,1.87,122.0,,1016.0,1.83
167909,"HORMEL, Cure 81 Ham",18.43,3.59,0.21,106.0,,1038.0,1.17
173327,"HOT POCKETS Ham 'N Cheese Stuffed Sandwich, frozen",9.16,15.0,24.69,270.0,1.5,386.0,3.545
173326,"HOT POCKETS, CROISSANT POCKETS Chicken, Broccoli, and Cheddar Stuffed Sandwich, frozen",8.9,8.6,30.4,235.0,1.1,346.0,2.62
172107,"HOT POCKETS, meatballs & mozzarella stuffed sandwich, frozen",9.32,10.23,30.68,252.0,2.2,378.0,3.93
173788,HOUSE FOODS Premium Firm Tofu,10.92,4.19,0.97,85.0,0.9,33.0,0.71
173787,HOUSE FOODS Premium Soft Tofu,6.38,2.71,2.19,59.0,0.8,34.0,0.48
169782,"HUNGRY MAN, Salisbury Steak With Gravy, frozen, unprepared",7.96,8.53,6.96,136.0,1.3,379.0,3.426
171628,Ham and cheese loaf or roll,13.6,18.7,4.0,241.0,0.0,1000.0,6.966
171629,Ham and cheese spread,16.18,18.53,2.28,245.0,0.0,1197.0,8.62
173866,Ham salad spread,8.68,15.53,10.64,216.0,0.0,1075.0,5.049
171626,"Ham, chopped, canned",16.06,18.83,0.26,239.0,0.0,1280.0,6.291
171627,"Ham, chopped, not canned",16.5,16.7,0.0,221.0,0.0,1194.0,6.1
174611,"Ham, honey, smoked, cooked",17.93,2.37,7.27,122.0,0.0,900.0,0.87
173865,"Ham, minced",16.28,20.68,1.84,263.0,0.0,1245.0,7.181
173863,"Ham, sliced, pre-packaged, deli meat (96%fat free, water added)",16.85,4.04,0.7,107.0,0.0,945.0,1.227
173864,"Ham, sliced, regular (approximately 11% fat)",16.6,8.8,3.63,164.0,1.3,814.0,0.5
173881,"Ham, smoked, extra lean, low sodium",18.52,2.71,10.7,141.0,0.0,1062.0,1.786
168092,"Ham, turkey, sliced, extra lean, prepackaged or deli",19.6,5.8,0.93,134.0,0.0,1038.0,0.5
169827,"Hazelnuts, beaked (Northern Plains Indians)",14.89,52.99,22.98,628.0,9.8,2.0,
171630,"Headcheese, pork",13.83,10.9,0.0,157.0,0.0,941.0,3.402
168569,"Hearts of palm, canned",2.52,0.62,4.62,28.0,2.4,426.0,0.13
167714,"Hearts of palm, raw",2.7,0.2,25.61,115.0,1.5,14.0,0.046
167922,"Heinz, Weight Watcher, Chocolate Eclair, frozen",4.4,6.9,40.3,241.0,2.1,300.0,1.4
169701,"Hominy, canned, white",1.48,0.88,14.26,72.0,2.5,267.0,0.123
169752,"Hominy, canned, yellow",1.48,0.88,14.26,72.0,2.5,345.0,0.123
169640,Honey,0.3,0.0,82.4,304.0,0.2,4.0,0.0
172943,"Honey roll sausage, beef",18.58,10.5,2.18,182.0,0.0,1322.0,4.08
174593,Hormel Pillow Pak Sliced Turkey Pepperoni,30.99,11.52,3.78,243.0,0.0,1858.0,3.52
167791,Horned melon (Kiwano),1.78,1.26,7.56,44.0,,2.0,
173472,"Horseradish, prepared",1.18,0.69,11.29,48.0,3.3,420.0,0.09
169808,"Huckleberries, raw (Alaska Native)",0.4,0.1,8.7,37.0,,10.0,
174289,"Hummus, commercial",7.78,17.82,15.0,237.0,5.5,426.0,2.562
172454,"Hummus, home prepared",4.86,8.59,20.12,177.0,4.0,242.0,1.141
174999,"Hush puppies, prepared from recipe",7.7,13.5,46.0,337.0,2.8,668.0,2.108
175253,"Hyacinth beans, mature seeds, cooked, boiled, with salt",8.14,0.58,20.7,117.0,,243.0,0.099
175211,"Hyacinth beans, mature seeds, cooked, boiled, without salt",8.14,0.58,20.69,117.0,,7.0,0.099
175210,"Hyacinth beans, mature seeds, raw",23.9,1.69,60.74,344.0,25.6,21.0,0.288
168533,"Hyacinth-beans, immature seeds, cooked, boiled, drained, with salt",2.95,0.27,9.2,50.0,,238.0,0.119
169235,"Hyacinth-beans, immature seeds, cooked, boiled, drained, without salt",2.95,0.27,9.2,50.0,,2.0,0.119
169234,"Hyacinth-beans, immature seeds, raw",2.1,0.2,9.19,46.0,3.3,2.0,0.088
171305,"Ice cream bar, covered with chocolate and nuts",5.62,25.84,11.89,303.0,1.1,56.0,15.904
171294,"Ice cream bar, stick or nugget, with crunch coating",2.11,25.26,37.12,358.0,1.1,84.0,17.895
172228,"Ice cream cone, chocolate covered, with nuts, flavors other than chocolate",5.21,21.88,34.38,354.0,1.0,94.0,11.458
175000,"Ice cream cones, cake or wafer-type",8.1,6.9,79.0,417.0,3.0,256.0,1.222
175001,"Ice cream cones, sugar, rolled-type",7.9,3.8,84.1,402.0,1.7,298.0,0.573
172227,Ice cream cookie sandwich,3.7,7.4,39.6,240.0,1.2,162.0,1.663
172226,Ice cream sandwich,4.29,8.57,37.14,237.0,0.0,129.0,2.317
172229,"Ice cream sandwich, made with light ice cream, vanilla",4.29,3.04,39.64,186.0,0.0,146.0,0.821
172230,"Ice cream sandwich, vanilla, light, no sugar added",5.71,2.86,42.86,200.0,7.1,164.0,0.821
171306,Ice cream sundae cone,3.0,14.0,28.89,254.0,1.0,115.0,2.717
173466,"Ice cream, bar or stick, chocolate covered",4.1,24.1,24.5,331.0,0.8,68.0,13.202
171293,"Ice cream, light, soft serve, chocolate",3.36,3.69,23.15,141.0,0.0,64.0,2.349
170911,"Ice cream, lowfat, no sugar added, cone, added peanuts and chocolate sauce",5.33,9.33,40.01,265.0,9.3,113.0,6.598
173465,"Ice cream, soft serve, chocolate",4.1,13.0,22.2,222.0,0.7,61.0,7.46
170269,"Ice creams, BREYERS, 98% Fat Free Chocolate",3.89,2.17,30.18,136.0,5.8,75.0,1.38
170661,"Ice creams, BREYERS, 98% Fat Free Vanilla",3.3,2.2,30.51,137.0,5.4,73.0,1.41
170268,"Ice creams, BREYERS, All Natural Light French Chocolate",5.3,7.28,29.68,201.0,1.0,75.0,4.28
170660,"Ice creams, BREYERS, All Natural Light French Vanilla",4.82,5.56,26.03,173.0,0.2,73.0,3.22
170663,"Ice creams, BREYERS, All Natural Light Mint Chocolate Chip",4.69,7.09,28.39,196.0,0.6,67.0,4.48
170261,"Ice creams, BREYERS, All Natural Light Vanilla",4.84,4.59,25.3,162.0,0.2,71.0,2.86
170662,"Ice creams, BREYERS, All Natural Light Vanilla Chocolate Strawberry",4.69,4.35,26.06,161.0,0.4,69.0,2.7
170262,"Ice creams, BREYERS, No Sugar Added, Butter Pecan",3.99,10.3,21.3,180.0,0.9,164.0,4.18
170668,"Ice creams, BREYERS, No Sugar Added, Chocolate Caramel",3.54,5.8,25.17,151.0,1.0,77.0,3.65
170263,"Ice creams, BREYERS, No Sugar Added, French Vanilla",4.5,7.05,20.75,154.0,0.5,87.0,4.17
170264,"Ice creams, BREYERS, No Sugar Added, Vanilla",3.68,6.2,21.92,143.0,0.5,66.0,3.9
170664,"Ice creams, BREYERS, No Sugar Added, Vanilla Chocolate Strawberry",3.71,6.26,21.7,143.0,0.7,68.0,3.94
170265,"Ice creams, BREYERS, No Sugar Added, Vanilla Fudge Twirl",3.53,5.68,25.63,153.0,0.8,72.0,3.57
168809,"Ice creams, chocolate",3.8,11.0,28.2,216.0,1.2,76.0,6.8
167585,"Ice creams, chocolate, light",5.0,7.19,25.7,187.0,0.8,71.0,4.38
169633,"Ice creams, chocolate, light, no sugar added",3.54,5.74,26.79,173.0,0.9,75.0,3.61
168136,"Ice creams, chocolate, rich",4.72,16.98,19.78,251.0,0.9,57.0,10.377
167981,"Ice creams, french vanilla, soft-serve",4.1,13.0,22.2,222.0,0.7,61.0,7.48
170270,"Ice creams, regular, low carbohydrate, chocolate",3.8,12.7,26.8,237.0,4.8,76.0,6.8
170671,"Ice creams, regular, low carbohydrate, vanilla",3.17,12.7,22.23,216.0,4.8,48.0,6.79
168810,"Ice creams, strawberry",3.2,8.4,27.6,192.0,0.9,60.0,5.19
167575,"Ice creams, vanilla",3.5,11.0,23.6,207.0,0.7,80.0,6.79
170659,"Ice creams, vanilla, fat free",4.48,0.0,30.06,138.0,1.0,97.0,0.0
167572,"Ice creams, vanilla, light",4.78,4.83,29.46,180.0,0.3,74.0,2.927
169631,"Ice creams, vanilla, light, no sugar added",3.97,7.45,21.42,169.0,0.0,96.0,4.048
167576,"Ice creams, vanilla, light, soft-serve",4.9,2.6,21.8,126.0,0.0,70.0,1.63
167573,"Ice creams, vanilla, rich",3.5,16.2,22.29,249.0,0.0,61.0,10.329
168089,"Imitation cheese, american or cheddar, low cholesterol",25.0,32.0,1.0,390.0,0.0,670.0,5.815
174656,"Incaparina, dry mix (corn and soy flours), unprepared",21.75,5.58,60.53,379.0,9.9,4.0,
169786,"Infant Formula, GERBER GOOD START 2, GENTLE PLUS, powder",10.8,25.1,57.1,492.0,0.0,133.0,10.517
170997,"Infant Formula, GERBER GOOD START 2, GENTLE PLUS, ready-to-feed",1.44,3.34,7.61,66.0,0.0,18.0,0.975
171387,"Infant Formula, MEAD JOHNSON, ENFAMIL GENTLEASE, with iron, prepared from powder",1.51,3.5,7.6,68.0,0.0,24.0,1.5
170986,"Infant Formula, MEAD JOHNSON, ENFAMIL, ENFACARE, ready-to-feed, with ARA and DHA",2.0,3.8,7.73,73.0,0.0,27.0,1.578
171389,"Infant Formula, MEAD JOHNSON, ENFAMIL, GENTLEASE, with ARA and DHA powder not reconstituted",11.7,27.0,56.5,516.0,0.0,185.0,11.3
168966,"Infant Formula, MEAD JOHNSON, ENFAMIL, Newborn, with ARA and DHA, powder",10.7,27.0,57.6,516.0,0.0,138.0,11.3
170994,"Infant Formula, MEAD JOHNSON, ENFAMIL, Newborn, with DHA and ARA, ready-to-feed",1.38,3.48,7.81,68.0,0.0,18.0,1.48
168968,"Infant Formula, MEAD JOHNSON, ENFAMIL, Premium LIPIL, Infant, Liquid concentrate, not reconstituted",2.73,6.83,14.42,129.0,0.0,35.0,2.824
168967,"Infant Formula, MEAD JOHNSON, ENFAMIL, Premium LIPIL, Infant, powder",10.8,27.0,57.0,510.0,0.0,138.0,11.161
168969,"Infant Formula, MEAD JOHNSON, ENFAMIL, Premium, Infant, Liquid concentrate, not reconstituted",2.72,7.1,14.34,129.0,0.0,35.0,2.943
169791,"Infant Formula, MEAD JOHNSON, ENFAMIL, Premium, Infant, powder",10.8,27.0,57.0,510.0,0.0,138.0,11.161
169790,"Infant Formula, MEAD JOHNSON, ENFAMIL, Premium, Infant, ready-to-feed",1.38,3.48,7.39,66.0,0.0,18.0,1.027
170988,"Infant formula, ABBOTT NUTRITION, ALIMENTUM ADVANCE, with iron, powder, not reconstituted, with DHA and ARA",13.99,28.19,51.91,517.0,0.0,224.0,14.282
172323,"Infant formula, ABBOTT NUTRITION, SIMILAC NEOSURE, ready-to-feed, with ARA and DHA",1.92,3.77,6.94,69.0,0.0,23.0,2.447
172326,"Infant formula, ABBOTT NUTRITION, SIMILAC, ADVANCE, with iron, liquid concentrate, not reconstituted",2.64,6.89,13.52,127.0,0.0,31.0,2.401
173561,"Infant formula, ABBOTT NUTRITION, SIMILAC, ADVANCE, with iron, powder, not reconstituted",10.89,28.87,54.73,522.0,0.0,126.0,9.873
173560,"Infant formula, ABBOTT NUTRITION, SIMILAC, ADVANCE, with iron, ready-to-feed",1.36,3.7,6.77,66.0,0.0,16.0,1.237
172318,"Infant formula, ABBOTT NUTRITION, SIMILAC, ALIMENTUM, ADVANCE, ready-to-feed, with ARA and DHA",1.8,3.63,6.77,67.0,0.0,29.0,1.838
172310,"Infant formula, ABBOTT NUTRITION, SIMILAC, ALIMENTUM, with iron, ready-to-feed",1.8,3.63,6.77,66.0,0.0,29.0,1.838
171396,"Infant formula, ABBOTT NUTRITION, SIMILAC, Expert Care, Diarrhea, ready- to- feed with ARA and DHA",1.76,3.6,6.67,66.0,0.7,29.0,1.477
171399,"Infant formula, ABBOTT NUTRITION, SIMILAC, For Spit Up, powder, with ARA and DHA",11.0,27.75,55.0,514.0,0.0,154.0,18.025
171397,"Infant formula, ABBOTT NUTRITION, SIMILAC, For Spit Up, ready-to-feed, with ARA and DHA",1.4,3.54,7.19,66.0,0.0,20.0,2.3
168971,"Infant formula, ABBOTT NUTRITION, SIMILAC, GO AND GROW, powder, with ARA and DHA",15.36,27.65,52.2,512.0,0.0,154.0,11.43
171395,"Infant formula, ABBOTT NUTRITION, SIMILAC, GO AND GROW, ready-to-feed, with ARA and DHA",1.97,3.54,6.69,66.0,0.0,20.0,1.018
171382,"Infant formula, ABBOTT NUTRITION, SIMILAC, ISOMIL, ADVANCE with iron, liquid concentrate",3.13,6.98,13.21,128.0,0.0,56.0,2.262
171384,"Infant formula, ABBOTT NUTRITION, SIMILAC, ISOMIL, ADVANCE with iron, powder, not reconstituted",12.6,28.09,53.57,517.0,0.0,226.0,9.167
171383,"Infant formula, ABBOTT NUTRITION, SIMILAC, ISOMIL, ADVANCE with iron, ready-to-feed",1.61,3.59,6.7,66.0,0.0,29.0,1.166
173542,"Infant formula, ABBOTT NUTRITION, SIMILAC, ISOMIL, with iron, liquid concentrate",3.13,6.98,13.21,128.0,0.0,56.0,2.262
173543,"Infant formula, ABBOTT NUTRITION, SIMILAC, ISOMIL, with iron, powder, not reconstituted",12.6,28.09,53.57,517.0,0.0,226.0,9.167
173541,"Infant formula, ABBOTT NUTRITION, SIMILAC, ISOMIL, with iron, ready-to-feed",1.61,3.59,6.7,66.0,0.0,29.0,1.166
172324,"Infant formula, ABBOTT NUTRITION, SIMILAC, NEOSURE, powder, with ARA and DHA",14.42,28.33,51.75,520.0,0.0,170.0,9.871
172307,"Infant formula, ABBOTT NUTRITION, SIMILAC, PM 60/40, powder not reconstituted",11.4,28.71,54.94,524.0,0.0,123.0,12.214
172325,"Infant formula, ABBOTT NUTRITION, SIMILAC, SENSITIVE (LACTOSE FREE) ready-to-feed, with ARA and DHA",1.48,3.74,7.4,68.0,0.0,21.0,2.43
173558,"Infant formula, ABBOTT NUTRITION, SIMILAC, SENSITIVE, (LACTOSE FREE), liquid concentrate, with ARA and DHA",2.73,6.95,13.64,128.0,0.0,39.0,4.522
173559,"Infant formula, ABBOTT NUTRITION, SIMILAC, SENSITIVE, (LACTOSE FREE), powder, with ARA and DHA",11.13,28.14,55.67,520.0,0.0,158.0,18.305
172312,"Infant formula, ABBOTT NUTRITION, SIMILAC, with iron, liquid concentrate, not reconstituted",2.64,6.89,13.76,127.0,0.0,31.0,2.401
173546,"Infant formula, ABBOTT NUTRITION, SIMILAC, with iron, powder, not reconstituted",10.89,28.87,54.73,522.0,0.0,126.0,9.873
168972,"Infant formula, GERBER, GOOD START 2 SOY, with iron, powder",12.5,25.6,55.6,501.0,0.0,200.0,11.043
170995,"Infant formula, GERBER, GOOD START 2 Soy, with iron, ready-to-feed",1.84,3.28,7.15,65.0,0.0,26.0,1.399
169787,"Infant formula, GERBER, GOOD START 2, PROTECT PLUS, powder",11.1,25.7,56.3,501.0,0.0,138.0,11.016
171394,"Infant formula, GERBER, GOOD START 2, PROTECT PLUS, ready-to-feed",1.44,3.37,7.39,66.0,0.0,18.0,1.443
169785,"Infant formula, GERBER, GOOD START, PROTECT PLUS, powder",11.3,26.1,57.0,512.0,0.0,138.0,10.936
170996,"Infant formula, GERBER, GOOD START, PROTECT PLUS, ready-to-feed",1.44,3.36,7.17,65.0,0.0,18.0,1.443
172304,"Infant formula, MEAD JOHNSON, ENFAMIL LIPIL, with iron, ready-to-feed, with ARA and DHA",1.38,3.5,7.1,64.0,0.0,18.0,1.453
172322,"Infant formula, MEAD JOHNSON, ENFAMIL, AR, powder, with ARA and DHA",12.4,25.0,57.4,504.0,0.0,200.0,10.5
172321,"Infant formula, MEAD JOHNSON, ENFAMIL, AR, ready-to-feed, with ARA and DHA",1.64,3.3,8.73,71.0,0.4,26.0,1.38
172311,"Infant formula, MEAD JOHNSON, ENFAMIL, ENFACARE, with iron, powder, with ARA and DHA",13.9,26.0,53.8,505.0,0.0,184.0,10.2
168970,"Infant formula, MEAD JOHNSON, ENFAMIL, ENFAGROW, GENTLEASE, Toddler transitions, with ARA and DHA, powder",12.9,26.0,53.5,500.0,0.0,200.0,10.8
169788,"Infant formula, MEAD JOHNSON, ENFAMIL, ENFAGROW, Soy, Toddler transitions, with ARA and DHA,  powder",15.7,21.0,56.0,476.0,0.0,171.0,8.7
171390,"Infant formula, MEAD JOHNSON, ENFAMIL, Enfagrow, Soy, Toddler ready-to-feed",2.17,2.89,7.64,65.0,0.0,24.0,0.855
172306,"Infant formula, MEAD JOHNSON, ENFAMIL, Infant, ready-to-feed, with ARA and DHA",1.31,3.5,7.86,68.0,0.0,18.0,1.48
172303,"Infant formula, MEAD JOHNSON, ENFAMIL, Infant, with iron, liquid concentrate, with ARA and DHA, reconstituted",1.31,3.5,7.86,68.0,0.0,18.0,1.48
172302,"Infant formula, MEAD JOHNSON, ENFAMIL, Infant, with iron, powder, with ARA and DHA",10.8,27.0,56.2,511.0,0.0,139.0,11.221
173537,"Infant formula, MEAD JOHNSON, ENFAMIL, LIPIL, low iron, liquid concentrate, with ARA and DHA",2.76,7.16,14.24,131.0,0.0,39.0,3.078
172305,"Infant formula, MEAD JOHNSON, ENFAMIL, LIPIL, low iron, ready to feed, with ARA and DHA",1.38,3.5,7.18,64.0,0.0,18.0,1.453
171391,"Infant formula, MEAD JOHNSON, ENFAMIL, NUTRAMIGEN AA, ready-to-feed",1.84,3.48,6.76,66.0,0.0,31.0,1.592
172308,"Infant formula, MEAD JOHNSON, ENFAMIL, NUTRAMIGEN WITH LGG, with iron, powder, not reconstituted, with ARA and DHA",14.1,27.0,53.6,514.0,0.0,240.0,11.3
168973,"Infant formula, MEAD JOHNSON, ENFAMIL, NUTRAMIGEN, PurAmino, powder, not reconstituted",13.9,26.0,55.68,512.0,0.0,230.0,10.3
173544,"Infant formula, MEAD JOHNSON, ENFAMIL, NUTRAMIGEN, with iron, liquid concentrate not reconstituted, with ARA and DHA",1.84,3.5,7.2,68.0,0.0,31.0,1.48
172309,"Infant formula, MEAD JOHNSON, ENFAMIL, NUTRAMIGEN, with iron, ready-to-feed, with ARA and DHA",1.83,3.5,7.21,68.0,0.0,31.0,1.48
173547,"Infant formula, MEAD JOHNSON, ENFAMIL, PROSOBEE, liquid concentrate, reconstituted, with ARA and DHA",1.63,3.4,7.58,67.0,0.0,23.0,1.43
173545,"Infant formula, MEAD JOHNSON, ENFAMIL, PROSOBEE, with iron, powder, not reconstituted, with ARA and DHA",12.7,27.0,54.6,512.0,0.0,183.0,11.3
168974,"Infant formula, MEAD JOHNSON, ENFAMIL, Premature, 20 calories ready-to-feed Low iron",1.97,3.34,7.21,66.0,0.0,38.0,1.679
169789,"Infant formula, MEAD JOHNSON, ENFAMIL, Premature, 24 calories ready-to-feed Low iron",1.97,3.34,7.19,67.0,0.0,38.0,1.339
171392,"Infant formula, MEAD JOHNSON, ENFAMIL, Premature, with iron, 20 calories, ready-to-feed",2.2,3.3,6.2,63.0,0.0,46.0,1.51
171393,"Infant formula, MEAD JOHNSON, ENFAMIL, Premature, with iron, 24 calories, ready-to-feed",2.6,3.9,8.88,81.0,0.0,55.0,1.8
172301,"Infant formula, MEAD JOHNSON, ENFAMIL, with iron, powder",10.8,27.0,56.2,520.0,0.0,139.0,11.5
173522,"Infant formula, MEAD JOHNSON, Enfamil 24, ready to feed, with ARA and DHA",1.64,4.1,6.93,71.0,0.0,21.0,1.72
173523,"Infant formula, MEAD JOHNSON, Enfamil Enspire Powder, with ARA and DHA, not reconstituted",10.5,27.0,57.2,514.0,0.0,135.0,11.3
172290,"Infant formula, MEAD JOHNSON, Enfamil Premature 30 Calories, ready to feed, with ARA and DHA",3.2,4.8,11.13,101.0,,68.0,2.2
172289,"Infant formula, MEAD JOHNSON, Enfamil Premature High Protein 24 Calories, ready to feed, with ARA and DHA",2.8,3.9,8.66,81.0,,55.0,1.78
172292,"Infant formula, MEAD JOHNSON, Enfamil Reguline Powder, with ARA and DHA, not reconstituted",11.7,27.0,55.9,513.0,,183.0,11.3
173524,"Infant formula, MEAD JOHNSON, Enfamil Reguline, ready to feed, with ARA and DHA",1.51,3.5,7.6,68.0,,24.0,1.48
172291,"Infant formula, MEAD JOHNSON, Enfamil for Supplementing, powder, with ARA and DHA, not reconstituted",11.7,27.0,55.8,513.0,0.0,184.0,11.3
172295,"Infant formula, MEAD JOHNSON, Enfamil for Supplementing, ready to feed, with ARA and DHA",1.51,3.5,7.6,68.0,,24.0,1.48
173525,"Infant formula, MEAD JOHNSON, Gentlease, ready to feed, with ARA and DHA",1.5,3.5,7.61,68.0,,,1.48
173552,"Infant formula, MEAD JOHNSON, NEXT STEP PROSOBEE, powder, not reconstituted",15.6,21.0,57.1,480.0,0.0,171.0,8.905
172314,"Infant formula, MEAD JOHNSON, NEXT STEP, PROSOBEE LIPIL, powder, with ARA and DHA",15.6,21.0,57.1,480.0,0.0,171.0,8.905
172315,"Infant formula, MEAD JOHNSON, NEXT STEP, PROSOBEE, LIPIL, ready to feed, with ARA and DHA",2.14,2.91,8.09,67.0,0.0,23.0,1.242
173538,"Infant formula, MEAD JOHNSON, PREGESTIMIL, with iron, powder, with ARA and DHA, not reconstituted",14.0,28.0,52.2,517.0,0.0,240.0,16.5
173539,"Infant formula, MEAD JOHNSON, PREGESTIMIL, with iron, with ARA and DHA, prepared from powder",1.86,3.7,6.54,67.0,0.0,31.0,2.2
173548,"Infant formula, MEAD JOHNSON, PROSOBEE, with iron, ready to feed, with ARA and DHA",1.64,3.5,6.47,64.0,0.0,24.0,1.48
173540,"Infant formula, MEAD JOHNSON, PROSOBEE, with iron, ready-to-feed",1.64,3.5,6.11,63.0,0.0,23.0,1.443
173527,"Infant formula, MEAD JOHNSON, Pregestimil 20 Calories, ready to feed, with ARA and DHA",1.84,3.7,7.0,69.0,,31.0,2.2
172293,"Infant formula, MEAD JOHNSON, Pregestimil 24 Calories, ready to feed, with ARA and DHA",2.2,4.4,5.95,72.0,,37.0,2.6
173553,"Infant formula, MEAD JOHNSON,NEXT STEP PROSOBEE, prepared from powder",2.14,2.91,8.08,67.0,0.0,23.0,1.243
173551,"Infant formula, NESTLE, GOOD START ESSENTIALS SOY, with iron, powder",12.5,25.5,55.7,502.0,0.0,180.0,11.0
172316,"Infant formula, NESTLE, GOOD START SOY, with ARA and DHA, powder",12.5,25.6,55.6,503.0,0.0,200.0,11.0
170991,"Infant formula, NESTLE, GOOD START SOY, with DHA and ARA, liquid concentrate",3.31,6.67,14.71,132.0,0.0,53.0,2.897
173549,"Infant formula, NESTLE, GOOD START SOY, with DHA and ARA, ready-to-feed",1.6,3.28,7.13,64.0,0.0,26.0,1.4
171386,"Infant formula, NESTLE, GOOD START SUPREME, with iron, DHA and ARA, prepared from liquid concentrate",1.45,3.37,7.39,66.0,0.0,18.0,1.47
171385,"Infant formula, NESTLE, GOOD START SUPREME, with iron, DHA and ARA, ready-to-feed",1.45,3.37,7.39,66.0,0.0,18.0,1.47
173535,"Infant formula, NESTLE, GOOD START SUPREME, with iron, liquid concentrate, not reconstituted",2.79,6.5,14.2,127.0,0.0,34.0,2.97
173536,"Infant formula, NESTLE, GOOD START SUPREME, with iron, powder",11.3,26.1,57.32,509.0,0.0,138.0,11.66
172320,"Infant formula, PBM PRODUCTS, store brand, liquid concentrate, not reconstituted",2.9,7.0,13.9,130.0,0.0,29.0,3.2
173554,"Infant formula, PBM PRODUCTS, store brand, powder",12.0,28.0,56.0,524.0,0.0,118.0,12.761
172319,"Infant formula, PBM PRODUCTS, store brand, ready-to-feed",1.4,3.5,6.39,63.0,0.0,14.0,1.6
173556,"Infant formula, PBM PRODUCTS, store brand, soy, liquid concentrate, not reconstituted",3.6,7.0,12.18,126.0,0.0,36.0,3.2
173557,"Infant formula, PBM PRODUCTS, store brand, soy, powder",13.6,27.2,52.2,508.0,0.0,151.0,12.37
173555,"Infant formula, PBM PRODUCTS, store brand, soy, ready-to-feed",1.8,3.5,6.09,63.0,0.0,18.0,1.6
167923,"Interstate Brands Corp, Wonder Hamburger Rolls",8.07,4.15,50.84,273.0,2.6,488.0,1.013
169784,"JIMMY DEAN, Sausage, Egg, and Cheese Breakfast Biscuit, frozen, unprepared",9.29,22.9,21.07,328.0,2.0,589.0,8.595
168190,"Jackfruit, canned, syrup pack",0.36,0.14,23.94,92.0,0.9,11.0,
174687,"Jackfruit, raw",1.72,0.64,23.25,95.0,1.5,2.0,0.195
169641,Jams and preserves,0.37,0.07,68.86,278.0,1.1,32.0,0.01
170645,"Jams and preserves, apricot",0.7,0.2,64.4,242.0,0.3,40.0,0.01
169058,"Jams and preserves, no sugar (with sodium saccharin), any flavor",0.3,0.3,53.42,132.0,2.5,0.0,0.016
167706,"Jams, preserves, marmalade, reduced sugar",0.0,0.1,37.6,151.0,1.5,0.0,0.005
170280,"Jams, preserves, marmalades, sweetened with fruit juice",0.0,0.0,52.93,212.0,0.9,0.0,0.0
168150,"Java-plum, (jambolan), raw",0.72,0.23,15.56,60.0,,14.0,
169642,Jellies,0.15,0.02,69.95,266.0,1.0,30.0,0.005
169879,"Jellies, no sugar (with sodium saccharin), any flavors",0.55,0.0,29.6,121.0,2.2,3.0,0.0
168145,"Jellies, reduced sugar, home preserved",0.3,0.03,46.1,179.0,0.8,2.0,0.009
168129,"Jellyfish, dried, salted",5.5,1.4,0.0,36.0,0.0,9690.0,0.273
169236,"Jerusalem-artichokes, raw",2.0,0.01,17.44,73.0,1.6,4.0,0.0
169237,"Jew's ear, (pepeao), raw",0.48,0.04,6.75,25.0,,9.0,
168197,"Juice, apple and grape blend, with added ascorbic acid",0.16,0.12,12.46,50.0,0.2,7.0,0.023
168198,"Juice, apple, grape and pear blend, with added ascorbic acid and calcium",0.17,0.12,12.96,52.0,0.2,5.0,0.021
168152,"Jujube, Chinese, fresh, dried",4.72,0.5,72.52,281.0,6.0,5.0,
168151,"Jujube, raw",1.2,0.2,20.23,79.0,,3.0,
169354,"Jute, potherb, cooked, boiled, drained, with salt",3.68,0.2,7.29,37.0,2.0,247.0,0.03
168420,"Jute, potherb, cooked, boiled, drained, without salt",3.68,0.2,7.29,37.0,2.0,11.0,0.03
168419,"Jute, potherb, raw",4.65,0.25,5.8,34.0,,8.0,0.038
170340,"KFC, Coleslaw",0.91,8.64,15.65,144.0,2.0,189.0,1.303
170341,"KFC, Crispy Chicken Strips",20.25,15.42,13.66,274.0,1.4,948.0,2.887
170348,"KFC, Fried Chicken, EXTRA CRISPY, Breast, meat and skin with breading",21.24,16.55,8.47,268.0,,607.0,3.538
170344,"KFC, Fried Chicken, EXTRA CRISPY, Breast, meat only, skin and breading removed",27.25,4.82,0.25,153.0,,477.0,1.196
170349,"KFC, Fried Chicken, EXTRA CRISPY, Drumstick, meat and skin with breading",20.62,17.73,7.96,274.0,,632.0,3.887
170345,"KFC, Fried Chicken, EXTRA CRISPY, Drumstick, meat only, skin and breading removed",25.9,7.43,0.0,170.0,,526.0,1.893
170343,"KFC, Fried Chicken, EXTRA CRISPY, Skin and Breading",10.96,36.61,22.54,464.0,1.5,828.0,7.541
170746,"KFC, Fried Chicken, EXTRA CRISPY, Thigh, meat and skin with breading",17.17,22.14,10.3,309.0,,682.0,4.917
170742,"KFC, Fried Chicken, EXTRA CRISPY, Thigh, meat only, skin and breading removed",22.41,9.96,0.0,179.0,,558.0,2.709
170747,"KFC, Fried Chicken, EXTRA CRISPY, Wing, meat and skin with breading",20.8,23.0,11.66,337.0,,765.0,4.796
170743,"KFC, Fried Chicken, EXTRA CRISPY, Wing, meat only, skin and breading removed",28.67,12.13,2.97,236.0,,714.0,2.603
170744,"KFC, Fried Chicken, ORIGINAL RECIPE, Breast, meat and skin with breading",21.94,13.11,6.28,231.0,,606.0,2.981
170739,"KFC, Fried Chicken, ORIGINAL RECIPE, Breast, meat only, skin and breading removed",26.89,4.56,0.0,149.0,,499.0,1.03
170745,"KFC, Fried Chicken, ORIGINAL RECIPE, Drumstick, meat and skin with breading",22.3,14.22,5.39,239.0,,625.0,3.24
170740,"KFC, Fried Chicken, ORIGINAL RECIPE, Drumstick, meat only, skin and breading removed",26.3,7.66,0.11,175.0,,524.0,1.838
170738,"KFC, Fried Chicken, ORIGINAL RECIPE, Skin and Breading",14.17,28.01,18.79,384.0,0.0,1042.0,6.343
170346,"KFC, Fried Chicken, ORIGINAL RECIPE, Thigh, meat and skin with breading",18.9,17.73,8.46,269.0,0.0,781.0,4.123
170741,"KFC, Fried Chicken, ORIGINAL RECIPE, Thigh, meat only, skin and breading removed",22.78,9.31,0.01,175.0,,568.0,2.308
170347,"KFC, Fried Chicken, ORIGINAL RECIPE, Wing, meat and skin with breading",21.7,18.9,9.93,297.0,0.0,884.0,4.251
170342,"KFC, Fried Chicken, ORIGINAL RECIPE, Wing, meat only, skin and breading removed",28.65,10.49,1.76,216.0,,738.0,2.321
170737,"KFC, Popcorn Chicken",17.67,21.74,21.18,351.0,1.0,1140.0,3.954
170339,"KFC, biscuit",7.5,17.05,43.55,358.0,2.0,1070.0,11.916
172211,KRAFT BREAKSTONE'S FREE Fat Free Sour Cream,4.7,1.3,15.1,91.0,0.0,72.0,0.8
172210,KRAFT BREAKSTONE'S Reduced Fat Sour Cream,4.5,12.0,6.5,152.0,0.1,59.0,7.6
173446,KRAFT CHEEZ WHIZ LIGHT Pasteurized Process Cheese Product,16.3,9.5,16.2,215.0,0.2,1705.0,6.4
172209,KRAFT CHEEZ WHIZ Pasteurized Process Cheese Sauce,12.0,21.0,9.2,276.0,0.3,1638.0,13.1
173447,KRAFT FREE Singles American Nonfat Pasteurized Process Cheese Product,22.7,1.0,11.7,148.0,0.2,1298.0,0.7
173449,KRAFT VELVEETA LIGHT Reduced Fat Pasteurized Process Cheese Product,19.6,10.6,11.8,222.0,0.0,1586.0,7.1
173448,KRAFT VELVEETA Pasteurized Process Cheese Spread,16.3,22.0,9.8,303.0,0.0,1499.0,14.4
169355,"Kale, cooked, boiled, drained, with salt",2.94,1.21,5.3,44.0,2.3,252.0,0.156
169238,"Kale, cooked, boiled, drained, without salt",2.94,1.21,5.3,36.0,4.0,16.0,0.175
169356,"Kale, frozen, cooked, boiled, drained, with salt",2.94,1.21,5.3,36.0,2.3,252.0,0.158
169240,"Kale, frozen, cooked, boiled, drained, without salt",2.94,1.21,5.3,36.0,2.3,16.0,0.158
169239,"Kale, frozen, unprepared",2.66,0.46,4.88,28.0,2.0,15.0,0.059
168421,"Kale, raw",2.92,1.49,4.42,35.0,4.1,53.0,0.178
169241,"Kanpyo, (dried gourd strips)",8.58,0.56,65.03,258.0,9.8,15.0,0.045
173255,"Keebler, Keebler Chocolate Graham SELECTS",7.1,16.6,71.8,465.0,,357.0,3.15
170904,"Kefir, lowfat, plain, LIFEWAY",3.79,1.02,4.77,43.0,0.0,40.0,0.658
171301,"Kefir, lowfat, strawberry, LIFEWAY",3.39,0.9,10.2,62.0,0.0,37.0,0.533
167936,"Keikitos (muffins), Latino bakery item",6.81,25.24,53.16,467.0,1.2,515.0,
174607,"Kielbasa, Polish, turkey and beef, smoked",13.1,17.6,3.9,226.0,0.0,1200.0,6.23
173877,"Kielbasa, fully cooked, grilled",12.45,29.68,5.03,337.0,0.0,1062.0,9.894
173878,"Kielbasa, fully cooked, pan-fried",12.36,29.43,4.78,333.0,0.0,1046.0,9.487
173879,"Kielbasa, fully cooked, unheated",10.84,29.63,3.72,325.0,0.0,928.0,9.684
168211,"Kiwifruit, ZESPRI SunGold, raw",1.02,0.28,15.79,63.0,1.4,3.0,0.065
168153,"Kiwifruit, green, raw",1.14,0.52,14.66,61.0,3.0,3.0,0.029
173867,"Knackwurst, knockwurst, pork, beef",11.1,27.7,3.2,307.0,0.0,930.0,10.21
169357,"Kohlrabi, cooked, boiled, drained, with salt",1.8,0.11,6.69,29.0,1.1,257.0,0.014
168425,"Kohlrabi, cooked, boiled, drained, without salt",1.8,0.11,6.69,29.0,1.1,21.0,0.014
168424,"Kohlrabi, raw",1.7,0.1,6.2,27.0,3.6,20.0,0.013
167514,"Kraft Foods, Shake N Bake Original Recipe, Coating for Pork, dry",6.1,3.7,79.8,377.0,,2182.0,
175079,"Kraft, Stove Top Stuffing Mix Chicken Flavor",12.6,4.1,73.1,381.0,2.5,1532.0,0.8
168154,"Kumquats, raw",1.88,0.86,15.9,71.0,6.5,10.0,0.103
172108,"LEAN POCKETS, Ham N Cheddar",10.28,6.53,32.52,230.0,1.7,423.0,2.389
172050,"LITTLE CAESARS 14"" Cheese Pizza, Large Deep Dish Crust",12.63,10.22,30.1,263.0,1.3,432.0,4.237
173289,"LITTLE CAESARS 14"" Cheese Pizza, Thin Crust",16.23,16.99,22.85,309.0,1.6,455.0,7.327
172047,"LITTLE CAESARS 14"" Original Round Cheese Pizza, Regular Crust",13.39,9.54,31.5,265.0,1.7,454.0,4.206
172049,"LITTLE CAESARS 14"" Original Round Meat and Vegetable Pizza, Regular Crust",12.12,11.35,23.1,243.0,2.1,578.0,4.561
172048,"LITTLE CAESARS 14"" Original Round Pepperoni Pizza, Regular Crust",13.59,10.5,31.01,273.0,1.7,518.0,4.541
173288,"LITTLE CAESARS 14"" Pepperoni Pizza, Large Deep Dish Crust",12.93,10.81,29.03,265.0,1.5,492.0,4.314
172608,"Lamb, Australian, ground,  85% lean / 15% fat, raw",17.14,20.71,0.0,255.0,,77.0,9.926
174398,"Lamb, Australian, imported, fresh, composite of trimmed retail cuts, separable lean and fat, trimmed to 1/8"" fat, cooked",24.52,16.82,0.0,256.0,,76.0,7.94
174397,"Lamb, Australian, imported, fresh, composite of trimmed retail cuts, separable lean and fat, trimmed to 1/8"" fat, raw",17.84,16.97,0.0,229.0,,74.0,8.189
174400,"Lamb, Australian, imported, fresh, composite of trimmed retail cuts, separable lean only, trimmed to 1/8"" fat, cooked",26.71,9.63,0.0,201.0,,80.0,4.048
174399,"Lamb, Australian, imported, fresh, composite of trimmed retail cuts, separable lean only, trimmed to 1/8"" fat, raw",20.25,6.18,0.0,142.0,,83.0,2.54
174891,"Lamb, Australian, imported, fresh, external fat, cooked",16.9,52.3,0.0,538.0,0.0,58.0,26.8
174892,"Lamb, Australian, imported, fresh, external fat, raw",12.59,48.5,0.0,487.0,0.0,69.0,23.892
172575,"Lamb, Australian, imported, fresh, foreshank, separable lean and fat, trimmed to 1/8"" fat, cooked, braised",24.78,14.44,0.0,236.0,,93.0,6.794
172574,"Lamb, Australian, imported, fresh, foreshank, separable lean and fat, trimmed to 1/8"" fat, raw",18.85,12.68,0.0,195.0,,96.0,5.981
174402,"Lamb, Australian, imported, fresh, foreshank, separable lean only, trimmed to 1/8"" fat, cooked, braised",27.5,5.22,0.0,165.0,,100.0,1.884
174401,"Lamb, Australian, imported, fresh, foreshank, separable lean only, trimmed to 1/8"" fat, raw",20.83,3.81,0.0,123.0,,106.0,1.344
172658,"Lamb, Australian, imported, fresh, leg, bottom, boneless, separable lean and fat, trimmed to 1/8"" fat, cooked, roasted",27.54,12.04,0.0,219.0,0.0,69.0,5.223
172659,"Lamb, Australian, imported, fresh, leg, bottom, boneless, separable lean and fat, trimmed to 1/8"" fat, raw",20.97,11.43,0.0,187.0,0.0,80.0,5.361
174885,"Lamb, Australian, imported, fresh, leg, bottom, boneless, separable lean only, trimmed to 1/8"" fat, cooked, roasted",28.6,8.35,0.0,190.0,0.0,70.0,3.224
172653,"Lamb, Australian, imported, fresh, leg, bottom, boneless, separable lean only, trimmed to 1/8"" fat, raw",22.28,5.24,0.0,136.0,0.0,83.0,2.277
174411,"Lamb, Australian, imported, fresh, leg, center slice, bone-in, separable lean and fat, trimmed to 1/8"" fat, cooked, broiled",25.54,11.78,0.0,215.0,,65.0,5.32
174410,"Lamb, Australian, imported, fresh, leg, center slice, bone-in, separable lean and fat, trimmed to 1/8"" fat, raw",19.17,12.56,0.0,195.0,,61.0,5.813
172585,"Lamb, Australian, imported, fresh, leg, center slice, bone-in, separable lean only, trimmed to 1/8"" fat, cooked, broiled",26.75,7.68,0.0,183.0,,66.0,3.111
174412,"Lamb, Australian, imported, fresh, leg, center slice, bone-in, separable lean only, trimmed to 1/8"" fat, raw",20.65,6.08,0.0,143.0,,64.0,2.413
174893,"Lamb, Australian, imported, fresh, leg, hindshank, heel on, bone-in, separable lean and fat, trimmed to 1/8"" fat, cooked, braised",29.52,9.5,0.0,204.0,0.0,84.0,4.293
174894,"Lamb, Australian, imported, fresh, leg, hindshank, heel on, bone-in, separable lean and fat, trimmed to 1/8"" fat, raw",20.58,12.68,0.0,196.0,0.0,87.0,5.862
174886,"Lamb, Australian, imported, fresh, leg, hindshank, heel on, bone-in, separable lean only, trimmed to 1/8"" fat, cooked, braised",30.73,5.63,0.0,174.0,0.0,86.0,2.241
174887,"Lamb, Australian, imported, fresh, leg, hindshank, heel on, bone-in, separable lean only, trimmed to 1/8"" fat, raw",22.49,3.53,0.0,122.0,0.0,93.0,1.269
172579,"Lamb, Australian, imported, fresh, leg, shank half, separable lean and fat, trimmed to 1/8"" fat, cooked, roasted",25.25,13.69,0.0,231.0,,67.0,6.341
172578,"Lamb, Australian, imported, fresh, leg, shank half, separable lean and fat, trimmed to 1/8"" fat, raw",18.59,13.48,0.0,201.0,,75.0,6.389
174405,"Lamb, Australian, imported, fresh, leg, shank half, separable lean only, trimmed to 1/8"" fat, cooked, roasted",27.18,7.27,0.0,182.0,,69.0,2.918
172580,"Lamb, Australian, imported, fresh, leg, shank half, separable lean only, trimmed to 1/8"" fat, raw",20.45,5.1,0.0,133.0,,81.0,2.008
172583,"Lamb, Australian, imported, fresh, leg, sirloin chops, boneless, separable lean and fat, trimmed to 1/8"" fat, cooked, broiled",25.75,13.83,0.0,235.0,,64.0,6.414
172582,"Lamb, Australian, imported, fresh, leg, sirloin chops, boneless, separable lean and fat, trimmed to 1/8"" fat, raw",18.33,14.38,0.0,208.0,,59.0,6.898
174409,"Lamb, Australian, imported, fresh, leg, sirloin chops, boneless, separable lean only, trimmed to 1/8"" fat, cooked, broiled",27.63,7.8,0.0,188.0,,66.0,3.159
172584,"Lamb, Australian, imported, fresh, leg, sirloin chops, boneless, separable lean only, trimmed to 1/8"" fat, raw",20.43,4.91,0.0,132.0,,64.0,1.948
174407,"Lamb, Australian, imported, fresh, leg, sirloin half, boneless, separable lean and fat, trimmed to 1/8"" fat, cooked, roasted",24.88,19.38,0.0,281.0,,78.0,9.245
174406,"Lamb, Australian, imported, fresh, leg, sirloin half, boneless, separable lean and fat, trimmed to 1/8"" fat, raw",17.25,20.0,0.0,254.0,,70.0,9.754
172581,"Lamb, Australian, imported, fresh, leg, sirloin half, boneless, separable lean only, trimmed to 1/8"" fat, cooked, roasted",27.75,10.65,0.0,215.0,,83.0,4.508
174408,"Lamb, Australian, imported, fresh, leg, sirloin half, boneless, separable lean only, trimmed to 1/8"" fat, raw",20.48,5.64,0.0,138.0,,80.0,2.308
174895,"Lamb, Australian, imported, fresh, leg, trotter off, bone-in, separable lean and fat, trimmed to 1/8"" fat, cooked, roasted",30.15,11.64,0.08,226.0,0.0,77.0,5.483
174896,"Lamb, Australian, imported, fresh, leg, trotter off, bone-in, separable lean and fat, trimmed to 1/8"" fat, raw",21.95,9.73,0.0,175.0,0.0,75.0,4.464
172654,"Lamb, Australian, imported, fresh, leg, trotter off, bone-in, separable lean only, trimmed to 1/8"" fat, cooked, roasted",32.08,9.59,0.0,215.0,0.0,80.0,4.359
172655,"Lamb, Australian, imported, fresh, leg, trotter off, bone-in, separable lean only, trimmed to 1/8"" fat, raw",23.11,4.33,0.0,131.0,0.0,77.0,1.774
174404,"Lamb, Australian, imported, fresh, leg, whole (shank and sirloin), separable lean and fat, trimmed to 1/8"" fat, cooked, roasted",25.16,15.13,0.0,244.0,,70.0,7.091
174403,"Lamb, Australian, imported, fresh, leg, whole (shank and sirloin), separable lean and fat, trimmed to 1/8"" fat, raw",18.24,15.19,0.0,215.0,,73.0,7.288
172577,"Lamb, Australian, imported, fresh, leg, whole (shank and sirloin), separable lean only, trimmed to 1/8"" fat, cooked, roasted",27.31,8.1,0.0,190.0,,72.0,3.297
172576,"Lamb, Australian, imported, fresh, leg, whole (shank and sirloin), separable lean only, trimmed to 1/8"" fat, raw",20.46,5.23,0.0,135.0,,81.0,2.081
172587,"Lamb, Australian, imported, fresh, loin, separable lean and fat, trimmed to 1/8"" fat, cooked, broiled",25.49,12.25,0.0,219.0,,78.0,5.572
172586,"Lamb, Australian, imported, fresh, loin, separable lean and fat, trimmed to 1/8"" fat, raw",19.32,13.38,0.0,203.0,,70.0,6.401
174413,"Lamb, Australian, imported, fresh, loin, separable lean only, trimmed to 1/8"" fat, cooked, broiled",26.53,8.75,0.0,192.0,,80.0,3.687
172588,"Lamb, Australian, imported, fresh, loin, separable lean only, trimmed to 1/8"" fat, raw",21.0,6.24,0.0,146.0,,75.0,2.673
172663,"Lamb, Australian, imported, fresh, rack, roast, frenched, bone-in, separable lean and fat, trimmed to 1/8"" fat, cooked, roasted",25.96,20.77,0.0,291.0,0.0,65.0,10.111
174890,"Lamb, Australian, imported, fresh, rack, roast, frenched, bone-in, separable lean only, trimmed to 1/8"" fat, cooked, roasted",28.01,14.64,0.0,244.0,0.0,67.0,6.802
172662,"Lamb, Australian, imported, fresh, rack, roast, frenched, denuded, bone-in, separable lean and fat, trimmed to 0"" fat, cooked, roasted",25.95,9.91,0.0,193.0,0.0,71.0,4.743
174889,"Lamb, Australian, imported, fresh, rack, roast, frenched, denuded, bone-in, separable lean only, trimmed to 0"" fat, cooked, roasted",26.52,7.63,0.0,175.0,0.0,72.0,3.54
174415,"Lamb, Australian, imported, fresh, rib chop, frenched, bone-in, separable lean and fat, trimmed to 1/8"" fat, cooked, grilled",28.48,21.2,0.0,305.0,0.0,79.0,10.666
172589,"Lamb, Australian, imported, fresh, rib chop, frenched, bone-in, separable lean only, trimmed to 1/8"" fat, cooked, grilled",32.16,11.68,0.0,234.0,0.0,85.0,5.69
174898,"Lamb, Australian, imported, fresh, rib chop, frenched, denuded, bone-in, separable lean and fat, trimmed to 0"" fat, cooked, grilled",30.9,16.96,0.0,276.0,0.0,82.0,8.484
172661,"Lamb, Australian, imported, fresh, rib chop, frenched, denuded, bone-in, separable lean only, trimmed to 0"" fat, cooked, grilled",33.17,11.5,0.0,236.0,0.0,85.0,5.627
174414,"Lamb, Australian, imported, fresh, rib chop/rack roast, frenched, bone-in, separable lean and fat, trimmed to 1/8"" fat, raw",21.26,16.89,0.0,237.0,0.0,69.0,8.128
174416,"Lamb, Australian, imported, fresh, rib chop/rack roast, frenched, bone-in, separable lean only, trimmed to 1/8"" fat, raw",24.07,5.59,0.0,147.0,0.0,71.0,2.532
172656,"Lamb, Australian, imported, fresh, seam fat, cooked",13.81,54.72,1.55,554.0,0.0,53.0,28.619
172657,"Lamb, Australian, imported, fresh, seam fat, raw",15.65,44.01,0.0,459.0,0.0,55.0,21.397
172573,"Lamb, Australian, imported, fresh, separable fat, cooked",9.42,66.4,0.0,639.0,,51.0,34.751
172572,"Lamb, Australian, imported, fresh, separable fat, raw",6.27,68.87,0.0,648.0,,33.0,35.353
172597,"Lamb, Australian, imported, fresh, shoulder ,blade, separable lean only, trimmed to 1/8"" fat, cooked, broiled",23.83,14.38,0.0,231.0,,94.0,6.334
174418,"Lamb, Australian, imported, fresh, shoulder, arm, separable lean and fat, trimmed to 1/8"" fat, cooked, braised",29.7,20.38,0.0,311.0,,73.0,9.696
174417,"Lamb, Australian, imported, fresh, shoulder, arm, separable lean and fat, trimmed to 1/8"" fat, raw",17.06,18.89,0.0,243.0,,72.0,9.125
174420,"Lamb, Australian, imported, fresh, shoulder, arm, separable lean only,   trimmed to 1/8"" fat, cooked, braised",34.17,10.23,0.0,238.0,,78.0,4.173
174419,"Lamb, Australian, imported, fresh, shoulder, arm, separable lean only, trimmed to 1/8"" fat, raw",19.88,5.81,0.0,137.0,,83.0,2.335
172595,"Lamb, Australian, imported, fresh, shoulder, blade, separable lean and fat, trimmed to 1/8"" fat, cooked, broiled",21.71,22.03,0.0,291.0,,88.0,10.51
172594,"Lamb, Australian, imported, fresh, shoulder, blade, separable lean and fat, trimmed to 1/8"" fat, raw",16.48,21.28,0.0,262.0,,78.0,10.3
172596,"Lamb, Australian, imported, fresh, shoulder, blade, separable lean only, trimmed to 1/8"" fat, raw",19.1,9.09,0.0,164.0,,90.0,3.883
172591,"Lamb, Australian, imported, fresh, shoulder, whole (arm and blade), separable lean and fat, trimmed to 1/8"" fat, cooked",23.58,21.65,0.0,296.0,,85.0,10.324
172590,"Lamb, Australian, imported, fresh, shoulder, whole (arm and blade), separable lean and fat, trimmed to 1/8"" fat, raw",16.68,20.47,0.0,256.0,,76.0,9.907
172592,"Lamb, Australian, imported, fresh, shoulder, whole (arm and blade), separable lean only,   trimmed to 1/8"" fat, raw",19.36,8.01,0.0,155.0,,88.0,3.355
172593,"Lamb, Australian, imported, fresh, shoulder, whole (arm and blade), separable lean only, trimmed to 1/8"" fat, cooked",26.18,13.44,0.0,233.0,,91.0,5.843
174897,"Lamb, Australian, imported, fresh, tenderloin, boneless, separable lean and fat, trimmed to 1/8"" fat, cooked, roasted",30.87,7.02,0.0,187.0,0.0,61.0,2.251
172660,"Lamb, Australian, imported, fresh, tenderloin, boneless, separable lean and fat, trimmed to 1/8"" fat, raw",23.23,5.52,0.0,143.0,0.0,73.0,2.255
174888,"Lamb, Australian, imported, fresh, tenderloin, boneless, separable lean only, trimmed to 1/8"" fat, cooked, roasted",30.97,6.71,0.0,184.0,0.0,61.0,2.084
172652,"Lamb, Australian, imported, fresh, tenderloin, boneless, separable lean only, trimmed to 1/8"" fat, raw",23.42,4.73,0.0,136.0,0.0,73.0,1.857
172609,"Lamb, New Zealand, imported, Intermuscular fat, cooked",8.53,62.44,0.0,596.0,0.0,52.0,26.327
174434,"Lamb, New Zealand, imported, Intermuscular fat, raw",4.63,68.53,1.26,640.0,0.0,34.0,30.741
174436,"Lamb, New Zealand, imported, brains, cooked, soaked and fried",14.03,10.92,0.0,154.0,0.0,101.0,1.365
174437,"Lamb, New Zealand, imported, brains, raw",11.33,8.03,0.0,118.0,0.0,117.0,1.035
172610,"Lamb, New Zealand, imported, breast, separable lean only, cooked, braised",28.16,17.53,0.0,270.0,0.0,86.0,6.004
172611,"Lamb, New Zealand, imported, breast, separable lean only, raw",18.31,7.98,1.02,149.0,0.0,107.0,2.738
172612,"Lamb, New Zealand, imported, chump, boneless, separable lean only, cooked, fast roasted",23.69,5.27,0.0,142.0,0.0,61.0,1.769
174438,"Lamb, New Zealand, imported, chump, boneless, separable lean only, raw",21.68,3.83,0.0,121.0,0.0,62.0,1.265
172630,"Lamb, New Zealand, imported, flap, boneless, separable lean and fat, cooked, braised",20.48,32.63,0.14,376.0,0.0,51.0,13.534
172631,"Lamb, New Zealand, imported, flap, boneless, separable lean and fat, raw",16.17,30.14,0.27,337.0,0.0,69.0,12.704
174440,"Lamb, New Zealand, imported, flap, boneless, separable lean only, cooked, braised",27.88,13.6,0.0,234.0,0.0,54.0,5.056
174441,"Lamb, New Zealand, imported, flap, boneless, separable lean only, raw",21.72,10.31,0.0,180.0,0.0,87.0,3.918
172514,"Lamb, New Zealand, imported, fore-shank, separable lean and fat, cooked, braised",30.35,14.99,0.03,256.0,0.0,74.0,5.56
172513,"Lamb, New Zealand, imported, fore-shank, separable lean and fat, raw",20.09,11.38,0.09,183.0,0.0,76.0,4.621
174341,"Lamb, New Zealand, imported, fore-shank, separable lean only, cooked, braised",33.31,8.4,0.0,209.0,0.0,77.0,2.631
174340,"Lamb, New Zealand, imported, fore-shank, separable lean only, raw",22.05,3.77,0.0,122.0,0.0,82.0,1.278
172512,"Lamb, New Zealand, imported, frozen, composite of trimmed retail cuts, separable fat, cooked",9.72,60.39,0.0,586.0,0.0,35.0,31.51
172511,"Lamb, New Zealand, imported, frozen, composite of trimmed retail cuts, separable fat, raw",6.92,67.63,0.0,640.0,0.0,22.0,35.29
174337,"Lamb, New Zealand, imported, frozen, composite of trimmed retail cuts, separable lean and fat, cooked",24.42,22.26,0.0,305.0,0.0,46.0,11.05
174336,"Lamb, New Zealand, imported, frozen, composite of trimmed retail cuts, separable lean and fat, raw",16.74,22.74,0.0,277.0,0.0,39.0,11.57
174385,"Lamb, New Zealand, imported, frozen, composite of trimmed retail cuts, separable lean and fat, trimmed to 1/8"" fat, cooked",25.26,17.98,0.0,270.0,0.0,46.0,8.76
174384,"Lamb, New Zealand, imported, frozen, composite of trimmed retail cuts, separable lean and fat, trimmed to 1/8"" fat, raw",17.95,17.2,0.0,232.0,0.0,41.0,8.64
174339,"Lamb, New Zealand, imported, frozen, composite of trimmed retail cuts, separable lean only, cooked",29.59,8.86,0.0,206.0,0.0,50.0,3.86
174338,"Lamb, New Zealand, imported, frozen, composite of trimmed retail cuts, separable lean only, raw",20.75,4.41,0.0,128.0,0.0,46.0,1.88
174387,"Lamb, New Zealand, imported, frozen, foreshank, separable lean and fat, trimmed to 1/8"" fat, cooked, braised",26.97,15.83,0.0,258.0,0.0,47.0,7.82
174386,"Lamb, New Zealand, imported, frozen, foreshank, separable lean and fat, trimmed to 1/8"" fat, raw",18.04,16.15,0.0,223.0,0.0,45.0,8.18
174343,"Lamb, New Zealand, imported, frozen, leg, whole (shank and sirloin), separable lean and fat, cooked, roasted",24.81,15.56,0.0,246.0,0.0,43.0,7.61
172561,"Lamb, New Zealand, imported, frozen, leg, whole (shank and sirloin), separable lean and fat, trimmed to 1/8"" fat, cooked, roasted",25.34,13.95,0.0,234.0,0.0,44.0,6.75
172560,"Lamb, New Zealand, imported, frozen, leg, whole (shank and sirloin), separable lean and fat, trimmed to 1/8"" fat, raw",18.76,13.37,0.0,201.0,0.0,41.0,6.67
172516,"Lamb, New Zealand, imported, frozen, leg, whole (shank and sirloin), separable lean only, cooked, roasted",27.68,7.01,0.0,181.0,0.0,45.0,3.05
175259,"Lamb, New Zealand, imported, frozen, loin, separable lean and fat, cooked, broiled",23.43,23.88,0.0,315.0,0.0,49.0,11.96
172563,"Lamb, New Zealand, imported, frozen, loin, separable lean and fat, trimmed to 1/8"" fat, cooked, broiled",24.41,21.28,0.0,296.0,0.0,50.0,10.56
172562,"Lamb, New Zealand, imported, frozen, loin, separable lean and fat, trimmed to 1/8"" fat, raw",17.18,22.1,0.0,273.0,0.0,39.0,11.23
173811,"Lamb, New Zealand, imported, frozen, loin, separable lean only, cooked, broiled",29.31,8.24,0.0,199.0,0.0,55.0,3.58
174389,"Lamb, New Zealand, imported, frozen, rib, separable lean and fat, trimmed to 1/8"" fat, cooked, roasted",19.86,25.74,0.0,317.0,0.0,44.0,12.82
175263,"Lamb, New Zealand, imported, frozen, shoulder, whole (arm and blade), separable lean and fat, cooked, braised",28.21,26.27,0.0,357.0,0.0,51.0,12.74
174391,"Lamb, New Zealand, imported, frozen, shoulder, whole (arm and blade), separable lean and fat, trimmed to 1/8"" fat, cooked, braised",29.43,24.03,0.0,342.0,0.0,52.0,11.5
174390,"Lamb, New Zealand, imported, frozen, shoulder, whole (arm and blade), separable lean and fat, trimmed to 1/8"" fat, raw",17.19,19.74,0.0,251.0,0.0,42.0,9.9
173814,"Lamb, New Zealand, imported, frozen, shoulder, whole (arm and blade), separable lean only, cooked, braised",34.06,15.5,0.0,285.0,0.0,56.0,6.81
172616,"Lamb, New Zealand, imported, ground lamb, cooked, braised",22.6,11.34,0.0,192.0,0.0,34.0,4.378
172617,"Lamb, New Zealand, imported, ground lamb, raw",20.33,12.41,0.0,193.0,0.0,57.0,4.848
174443,"Lamb, New Zealand, imported, heart, cooked, soaked and simmered",26.26,6.21,0.0,161.0,0.0,67.0,2.001
174444,"Lamb, New Zealand, imported, heart, raw",18.09,3.68,0.0,105.0,0.0,94.0,0.995
172632,"Lamb, New Zealand, imported, hind-shank, separable lean and fat, cooked, braised",29.59,14.22,0.04,247.0,0.0,69.0,5.405
172633,"Lamb, New Zealand, imported, hind-shank, separable lean and fat, raw",18.39,12.12,0.73,186.0,0.0,76.0,4.861
174453,"Lamb, New Zealand, imported, hind-shank, separable lean only, cooked, braised",32.5,7.37,0.0,196.0,0.0,72.0,2.361
174454,"Lamb, New Zealand, imported, hind-shank, separable lean only, raw",20.4,3.35,0.73,115.0,0.0,82.0,1.05
174439,"Lamb, New Zealand, imported, kidney, cooked, soaked and fried",19.78,3.56,0.18,112.0,0.0,199.0,0.92
174442,"Lamb, New Zealand, imported, kidney, raw",15.21,2.54,0.03,84.0,0.0,168.0,0.768
174460,"Lamb, New Zealand, imported, leg chop/steak, bone-in, separable lean and fat, cooked, fast fried",24.26,12.76,0.04,212.0,0.0,65.0,4.743
174342,"Lamb, New Zealand, imported, leg chop/steak, bone-in, separable lean and fat, raw",18.64,14.52,0.13,206.0,0.0,59.0,5.902
174459,"Lamb, New Zealand, imported, leg chop/steak, bone-in, separable lean only, cooked, fast fried",26.31,6.35,0.0,162.0,0.0,67.0,1.901
172515,"Lamb, New Zealand, imported, leg chop/steak, bone-in, separable lean only, raw",21.1,4.64,0.0,126.0,0.0,64.0,1.512
172614,"Lamb, New Zealand, imported, liver, cooked, soaked and fried",25.8,6.56,1.48,168.0,0.0,59.0,1.959
172615,"Lamb, New Zealand, imported, liver, raw",20.7,4.92,2.22,136.0,0.0,59.0,1.514
174461,"Lamb, New Zealand, imported, loin chop, separable lean and fat, cooked, fast fried",21.5,27.11,0.41,332.0,0.0,73.0,11.272
172517,"Lamb, New Zealand, imported, loin chop, separable lean and fat, raw",15.4,26.19,0.22,298.0,0.0,63.0,11.161
174457,"Lamb, New Zealand, imported, loin chop, separable lean only, cooked, fast fried",27.43,10.7,0.41,208.0,0.0,84.0,4.039
173810,"Lamb, New Zealand, imported, loin chop, separable lean only, raw",19.98,6.88,0.0,142.0,0.0,77.0,2.764
174462,"Lamb, New Zealand, imported, loin saddle, separable lean and fat, cooked, fast roasted",21.13,20.98,0.1,274.0,0.0,69.0,8.762
174463,"Lamb, New Zealand, imported, loin saddle, separable lean and fat, raw",16.56,22.9,0.2,273.0,0.0,63.0,9.639
172624,"Lamb, New Zealand, imported, loin saddle, separable lean only, cooked, fast roasted",25.53,6.7,0.0,162.0,0.0,76.0,2.514
172625,"Lamb, New Zealand, imported, loin saddle, separable lean only, raw",20.86,5.32,0.0,131.0,0.0,75.0,1.96
172634,"Lamb, New Zealand, imported, loin, boneless, separable lean and fat, cooked, fast roasted",28.96,4.57,0.0,157.0,0.0,57.0,1.614
172635,"Lamb, New Zealand, imported, loin, boneless, separable lean and fat, raw",21.44,3.99,0.0,122.0,0.0,60.0,1.289
174451,"Lamb, New Zealand, imported, loin, boneless, separable lean only, cooked, fast roasted",28.99,4.49,0.0,156.0,0.0,57.0,1.581
174452,"Lamb, New Zealand, imported, loin, boneless, separable lean only, raw",21.5,3.77,0.0,120.0,0.0,60.0,1.187
172636,"Lamb, New Zealand, imported, neck chops, separable lean and fat, cooked, braised",28.53,21.43,0.03,307.0,0.0,91.0,8.74
172637,"Lamb, New Zealand, imported, neck chops, separable lean and fat, raw",17.43,17.9,0.14,231.0,0.0,73.0,7.514
172626,"Lamb, New Zealand, imported, neck chops, separable lean only, cooked, braised",31.4,15.36,0.0,264.0,0.0,97.0,6.085
174455,"Lamb, New Zealand, imported, neck chops, separable lean only, raw",19.84,7.97,0.0,151.0,0.0,81.0,3.12
172638,"Lamb, New Zealand, imported, netted shoulder, rolled, boneless, separable lean and fat, cooked, slow roasted",21.45,22.33,0.05,287.0,0.0,61.0,8.431
174464,"Lamb, New Zealand, imported, netted shoulder, rolled, boneless, separable lean and fat, raw",16.9,20.36,0.2,252.0,0.0,58.0,8.211
172627,"Lamb, New Zealand, imported, netted shoulder, rolled, boneless, separable lean only, cooked, slow roasted",25.14,10.91,0.0,199.0,0.0,65.0,3.262
172628,"Lamb, New Zealand, imported, netted shoulder, rolled, boneless, separable lean only, raw",20.2,6.88,0.0,143.0,0.0,65.0,2.125
172640,"Lamb, New Zealand, imported, rack - fully frenched, separable lean and fat, cooked, fast roasted",23.56,11.2,0.01,195.0,0.0,67.0,4.41
172641,"Lamb, New Zealand, imported, rack - fully frenched, separable lean and fat, raw",19.88,9.96,0.05,169.0,0.0,62.0,4.305
172629,"Lamb, New Zealand, imported, rack - fully frenched, separable lean only, cooked, fast roasted",24.39,8.38,0.0,173.0,0.0,67.0,3.196
174456,"Lamb, New Zealand, imported, rack - fully frenched, separable lean only, raw",20.61,7.12,0.0,147.0,0.0,63.0,3.044
173813,"Lamb, New Zealand, imported, rack - partly frenched, separable lean and fat, cooked, fast roasted",22.06,18.29,0.04,253.0,0.0,69.0,7.066
173812,"Lamb, New Zealand, imported, rack - partly frenched, separable lean and fat, raw",18.12,18.52,0.13,240.0,0.0,61.0,7.229
175261,"Lamb, New Zealand, imported, rack - partly frenched, separable lean only, cooked, fast roasted",24.43,10.63,0.0,193.0,0.0,72.0,3.664
175260,"Lamb, New Zealand, imported, rack - partly frenched, separable lean only, raw",20.65,8.61,0.0,160.0,0.0,67.0,2.782
174874,"Lamb, New Zealand, imported, square-cut shoulder chops, separable lean and fat, cooked, braised",26.79,23.86,0.05,322.0,0.0,57.0,9.596
174875,"Lamb, New Zealand, imported, square-cut shoulder chops, separable lean and fat, raw",17.02,22.84,0.23,275.0,0.0,71.0,9.099
174449,"Lamb, New Zealand, imported, square-cut shoulder chops, separable lean only, cooked, braised",31.06,14.56,0.0,255.0,0.0,59.0,5.476
174450,"Lamb, New Zealand, imported, square-cut shoulder chops, separable lean only, raw",20.62,9.08,0.0,164.0,0.0,82.0,2.769
174876,"Lamb, New Zealand, imported, square-cut shoulder, separable lean and fat, cooked, slow roasted",20.88,23.39,0.03,294.0,0.0,72.0,9.332
175262,"Lamb, New Zealand, imported, square-cut shoulder, separable lean and fat, raw",16.16,22.89,0.24,272.0,0.0,64.0,9.855
174458,"Lamb, New Zealand, imported, square-cut shoulder, separable lean only, cooked, slow roasted",25.08,10.13,0.0,192.0,0.0,80.0,3.503
175264,"Lamb, New Zealand, imported, square-cut shoulder, separable lean only, raw",19.72,8.3,0.0,154.0,0.0,73.0,3.371
172613,"Lamb, New Zealand, imported, subcutaneous fat, cooked",5.24,72.28,0.62,674.0,0.0,43.0,31.441
174435,"Lamb, New Zealand, imported, subcutaneous fat, raw",3.87,76.16,0.55,703.0,0.0,28.0,32.369
174445,"Lamb, New Zealand, imported, sweetbread, cooked, soaked and simmered",21.13,6.61,0.0,144.0,0.0,52.0,2.342
174446,"Lamb, New Zealand, imported, sweetbread, raw",11.0,3.16,0.0,72.0,0.0,39.0,1.602
172639,"Lamb, New Zealand, imported, tenderloin, separable lean and fat, cooked, fast fried",27.87,5.0,0.0,157.0,0.0,59.0,1.882
174878,"Lamb, New Zealand, imported, tenderloin, separable lean and fat, raw",20.43,4.22,0.01,120.0,0.0,49.0,2.11
172622,"Lamb, New Zealand, imported, tenderloin, separable lean only, cooked, fast fried",27.94,4.81,0.0,155.0,0.0,59.0,1.799
172623,"Lamb, New Zealand, imported, tenderloin, separable lean only, raw",20.53,3.81,0.0,116.0,0.0,49.0,1.26
172618,"Lamb, New Zealand, imported, testes, cooked, soaked and fried",21.01,4.56,0.0,125.0,0.0,118.0,1.461
172619,"Lamb, New Zealand, imported, testes, raw",11.4,2.38,0.14,68.0,0.0,119.0,0.793
172620,"Lamb, New Zealand, imported, tongue - swiss cut, cooked, soaked and simmered",17.51,22.04,0.86,272.0,0.0,52.0,7.341
172621,"Lamb, New Zealand, imported, tongue - swiss cut, raw",14.27,18.61,0.0,225.0,0.0,77.0,5.896
172642,"Lamb, New Zealand, imported, tunnel-boned leg, chump off, shank off, separable lean and fat, cooked, slow roasted",23.41,12.68,0.03,208.0,0.0,61.0,4.788
174877,"Lamb, New Zealand, imported, tunnel-boned leg, chump off, shank off, separable lean and fat, raw",20.93,4.09,0.0,121.0,,60.0,1.37
174447,"Lamb, New Zealand, imported, tunnel-boned leg, chump off, shank off, separable lean only, cooked, slow roasted",25.29,6.44,0.0,159.0,0.0,62.0,2.035
174448,"Lamb, New Zealand, imported, tunnel-boned leg, chump off, shank off, separable lean only, raw",20.93,4.09,0.0,121.0,0.0,60.0,1.37
174310,"Lamb, composite of trimmed retail cuts, separable fat, trimmed to 1/4"" fat, choice, cooked",12.16,59.18,0.0,586.0,0.0,58.0,27.02
174309,"Lamb, composite of trimmed retail cuts, separable fat, trimmed to 1/4"" fat, choice, raw",6.65,70.61,0.0,665.0,0.0,31.0,32.24
172480,"Lamb, composite of trimmed retail cuts, separable lean and fat, trimmed to 1/4"" fat, choice, cooked",24.52,20.94,0.0,294.0,0.0,72.0,8.83
172479,"Lamb, composite of trimmed retail cuts, separable lean and fat, trimmed to 1/4"" fat, choice, raw",16.88,21.59,0.0,267.0,0.0,58.0,9.47
172546,"Lamb, composite of trimmed retail cuts, separable lean and fat, trimmed to 1/8"" fat, choice, cooked",25.51,18.01,0.0,271.0,0.0,72.0,7.45
172545,"Lamb, composite of trimmed retail cuts, separable lean and fat, trimmed to 1/8"" fat, choice, raw",17.54,18.66,0.0,243.0,0.0,59.0,8.07
174308,"Lamb, composite of trimmed retail cuts, separable lean only, trimmed to 1/4"" fat, choice, cooked",28.22,9.52,0.0,206.0,0.0,76.0,3.4
174307,"Lamb, composite of trimmed retail cuts, separable lean only, trimmed to 1/4"" fat, choice, raw",20.29,5.25,0.0,134.0,0.0,66.0,1.88
172509,"Lamb, cubed for stew or kabob (leg and shoulder), separable lean only, trimmed to 1/4"" fat, cooked, braised",33.69,8.8,0.0,223.0,0.0,70.0,3.15
172510,"Lamb, cubed for stew or kabob (leg and shoulder), separable lean only, trimmed to 1/4"" fat, cooked, broiled",28.08,7.33,0.0,186.0,0.0,76.0,2.62
172508,"Lamb, cubed for stew or kabob (leg and shoulder), separable lean only, trimmed to 1/4"" fat, raw",20.21,5.28,0.0,134.0,0.0,65.0,1.89
172482,"Lamb, foreshank, separable lean and fat, trimmed to 1/4"" fat, choice, cooked, braised",28.37,13.46,0.0,243.0,0.0,72.0,5.63
172481,"Lamb, foreshank, separable lean and fat, trimmed to 1/4"" fat, choice, raw",18.91,13.38,0.0,201.0,0.0,72.0,5.83
172547,"Lamb, foreshank, separable lean and fat, trimmed to 1/8"" fat, choice, raw",18.91,13.38,0.0,201.0,0.0,72.0,5.83
174371,"Lamb, foreshank, separable lean and fat, trimmed to 1/8"" fat, cooked, braised",28.37,13.46,0.0,243.0,0.0,72.0,5.63
172484,"Lamb, foreshank, separable lean only, trimmed to 1/4"" fat, choice, cooked, braised",31.01,6.02,0.0,187.0,0.0,74.0,2.15
172483,"Lamb, foreshank, separable lean only, trimmed to 1/4"" fat, choice, raw",21.08,3.29,0.0,120.0,0.0,79.0,1.18
172544,"Lamb, ground, cooked, broiled",24.75,19.65,0.0,283.0,0.0,81.0,8.12
174370,"Lamb, ground, raw",16.56,23.41,0.0,282.0,0.0,59.0,10.19
172485,"Lamb, leg, shank half, separable lean and fat, trimmed to 1/4"" fat, choice, cooked, roasted",26.41,12.45,0.0,225.0,0.0,65.0,5.09
174315,"Lamb, leg, shank half, separable lean and fat, trimmed to 1/4"" fat, choice, raw",18.58,13.49,0.0,201.0,0.0,57.0,5.8
172548,"Lamb, leg, shank half, separable lean and fat, trimmed to 1/8"" fat, choice, cooked, roasted",26.73,11.4,0.0,217.0,0.0,65.0,4.6
174374,"Lamb, leg, shank half, separable lean and fat, trimmed to 1/8"" fat, choice, raw",18.99,11.5,0.0,185.0,0.0,58.0,4.88
172487,"Lamb, leg, shank half, separable lean only, trimmed to 1/4"" fat, choice, cooked, roasted",28.17,6.67,0.0,180.0,0.0,66.0,2.38
172486,"Lamb, leg, shank half, separable lean only, trimmed to 1/4"" fat, choice, raw",20.52,4.19,0.0,125.0,0.0,61.0,1.5
174316,"Lamb, leg, sirloin half, separable lean and fat, trimmed to 1/4"" fat, choice, cooked, roasted",24.63,20.67,0.0,292.0,0.0,68.0,8.74
172488,"Lamb, leg, sirloin half, separable lean and fat, trimmed to 1/4"" fat, choice, raw",16.94,22.11,0.0,272.0,0.0,56.0,9.73
172550,"Lamb, leg, sirloin half, separable lean and fat, trimmed to 1/8"" fat, choice, cooked, roasted",24.95,19.67,0.0,284.0,0.0,68.0,8.26
172549,"Lamb, leg, sirloin half, separable lean and fat, trimmed to 1/8"" fat, choice, raw",17.21,20.8,0.0,261.0,0.0,56.0,9.12
174318,"Lamb, leg, sirloin half, separable lean only, trimmed to 1/4"" fat, choice, cooked, roasted",28.35,9.17,0.0,204.0,0.0,71.0,3.28
174317,"Lamb, leg, sirloin half, separable lean only, trimmed to 1/4"" fat, choice, raw",20.55,5.08,0.0,134.0,0.0,64.0,1.82
174312,"Lamb, leg, whole (shank and sirloin), separable lean and fat, trimmed to 1/4"" fat, choice, cooked, roasted",25.55,16.48,0.0,258.0,0.0,66.0,6.89
174311,"Lamb, leg, whole (shank and sirloin), separable lean and fat, trimmed to 1/4"" fat, choice, raw",17.91,17.07,0.0,230.0,0.0,56.0,7.43
174373,"Lamb, leg, whole (shank and sirloin), separable lean and fat, trimmed to 1/8"" fat, choice, cooked, roasted",26.2,14.42,0.0,242.0,0.0,67.0,5.92
174372,"Lamb, leg, whole (shank and sirloin), separable lean and fat, trimmed to 1/8"" fat, choice, raw",18.47,14.42,0.0,209.0,0.0,57.0,6.21
174314,"Lamb, leg, whole (shank and sirloin), separable lean only, trimmed to 1/4"" fat, choice, cooked, roasted",28.3,7.74,0.0,191.0,0.0,68.0,2.76
174313,"Lamb, leg, whole (shank and sirloin), separable lean only, trimmed to 1/4"" fat, choice, raw",20.56,4.51,0.0,128.0,0.0,62.0,1.61
172489,"Lamb, loin, separable lean and fat, trimmed to 1/4"" fat, choice, cooked, broiled",25.17,23.08,0.0,316.0,0.0,77.0,9.83
172490,"Lamb, loin, separable lean and fat, trimmed to 1/4"" fat, choice, cooked, roasted",22.55,23.59,0.0,309.0,0.0,64.0,10.24
174319,"Lamb, loin, separable lean and fat, trimmed to 1/4"" fat, choice, raw",16.32,26.63,0.0,310.0,0.0,56.0,11.76
174375,"Lamb, loin, separable lean and fat, trimmed to 1/8"" fat, choice, cooked, broiled",26.06,20.61,0.0,297.0,0.0,78.0,8.65
174376,"Lamb, loin, separable lean and fat, trimmed to 1/8"" fat, choice, cooked, roasted",23.27,21.12,0.0,290.0,0.0,64.0,9.08
172551,"Lamb, loin, separable lean and fat, trimmed to 1/8"" fat, choice, raw",17.18,22.75,0.0,279.0,0.0,59.0,9.95
172492,"Lamb, loin, separable lean only, trimmed to 1/4"" fat, choice, cooked, broiled",29.99,9.73,0.0,216.0,0.0,84.0,3.48
174320,"Lamb, loin, separable lean only, trimmed to 1/4"" fat, choice, cooked, roasted",26.59,9.76,0.0,202.0,0.0,66.0,3.72
172491,"Lamb, loin, separable lean only, trimmed to 1/4"" fat, choice, raw",20.88,5.94,0.0,143.0,0.0,68.0,2.13
174388,"Lamb, new zealand, imported, frozen, rib, separable lean and fat, trimmed to 1/8"" fat, raw",15.87,27.0,0.0,311.0,0.0,42.0,13.7
174322,"Lamb, rib, separable lean and fat, trimmed to 1/4"" fat, choice, cooked, broiled",22.13,29.59,0.0,361.0,0.0,76.0,12.7
174323,"Lamb, rib, separable lean and fat, trimmed to 1/4"" fat, choice, cooked, roasted",21.12,29.82,0.0,359.0,0.0,73.0,12.77
174321,"Lamb, rib, separable lean and fat, trimmed to 1/4"" fat, choice, raw",14.52,34.39,0.0,372.0,0.0,56.0,15.16
174378,"Lamb, rib, separable lean and fat, trimmed to 1/8"" fat, choice, cooked, broiled",23.06,26.82,0.0,340.0,0.0,77.0,11.36
172552,"Lamb, rib, separable lean and fat, trimmed to 1/8"" fat, choice, cooked, roasted",21.82,27.53,0.0,341.0,0.0,74.0,11.66
174377,"Lamb, rib, separable lean and fat, trimmed to 1/8"" fat, choice, raw",15.32,30.71,0.0,342.0,0.0,58.0,13.43
172494,"Lamb, rib, separable lean only, trimmed to 1/4"" fat, choice, cooked, broiled",27.74,12.95,0.0,235.0,0.0,85.0,4.65
172495,"Lamb, rib, separable lean only, trimmed to 1/4"" fat, choice, cooked, roasted",26.16,13.31,0.0,232.0,0.0,81.0,4.76
172493,"Lamb, rib, separable lean only, trimmed to 1/4"" fat, choice, raw",19.98,9.23,0.0,169.0,0.0,72.0,3.3
172501,"Lamb, shoulder, arm, separable lean and fat, trimmed to 1/4"" fat, choice, cooked, braised",30.39,24.0,0.0,346.0,0.0,72.0,9.87
174328,"Lamb, shoulder, arm, separable lean and fat, trimmed to 1/4"" fat, choice, cooked, broiled",24.44,19.55,0.0,281.0,0.0,77.0,8.37
174329,"Lamb, shoulder, arm, separable lean and fat, trimmed to 1/4"" fat, choice, cooked, roasted",22.53,20.24,0.0,279.0,0.0,65.0,8.74
172500,"Lamb, shoulder, arm, separable lean and fat, trimmed to 1/4"" fat, choice, raw",16.79,20.9,0.0,260.0,0.0,60.0,9.15
174381,"Lamb, shoulder, arm, separable lean and fat, trimmed to 1/8"" fat, choice, cooked, braised",31.1,22.65,0.0,337.0,0.0,72.0,9.21
174380,"Lamb, shoulder, arm, separable lean and fat, trimmed to 1/8"" fat, choice, raw",17.19,18.94,0.0,244.0,0.0,61.0,8.24
174383,"Lamb, shoulder, arm, separable lean and fat, trimmed to 1/8"" fat, choice, roasted",22.93,18.75,0.0,267.0,0.0,65.0,8.04
174382,"Lamb, shoulder, arm, separable lean and fat, trimmed to 1/8"" fat, cooked, broiled",24.91,18.05,0.0,269.0,0.0,78.0,7.66
174331,"Lamb, shoulder, arm, separable lean only, trimmed to 1/4"" fat, choice, cooked, braised",35.54,14.08,0.0,279.0,0.0,76.0,5.03
172502,"Lamb, shoulder, arm, separable lean only, trimmed to 1/4"" fat, choice, cooked, broiled",27.71,9.02,0.0,200.0,0.0,82.0,3.42
172503,"Lamb, shoulder, arm, separable lean only, trimmed to 1/4"" fat, choice, cooked, roasted",25.46,9.26,0.0,192.0,0.0,67.0,3.59
174330,"Lamb, shoulder, arm, separable lean only, trimmed to 1/4"" fat, choice, raw",19.99,5.2,0.0,132.0,0.0,69.0,1.86
172505,"Lamb, shoulder, blade, separable lean and fat, trimmed to 1/4"" fat, choice, cooked, braised",28.51,24.73,0.0,345.0,0.0,75.0,10.29
174332,"Lamb, shoulder, blade, separable lean and fat, trimmed to 1/4"" fat, choice, cooked, broiled",23.08,19.94,0.0,278.0,0.0,82.0,8.18
174333,"Lamb, shoulder, blade, separable lean and fat, trimmed to 1/4"" fat, choice, cooked, roasted",22.25,20.61,0.0,281.0,0.0,66.0,8.64
172504,"Lamb, shoulder, blade, separable lean and fat, trimmed to 1/4"" fat, choice, raw",16.63,20.86,0.0,259.0,0.0,62.0,8.93
172557,"Lamb, shoulder, blade, separable lean and fat, trimmed to 1/8"" fat, choice, cooked, braised",28.92,23.88,0.0,339.0,0.0,75.0,9.88
172558,"Lamb, shoulder, blade, separable lean and fat, trimmed to 1/8"" fat, choice, cooked, broiled",23.48,18.5,0.0,267.0,0.0,83.0,7.49
172559,"Lamb, shoulder, blade, separable lean and fat, trimmed to 1/8"" fat, choice, cooked, roasted",22.62,19.19,0.0,270.0,0.0,67.0,7.96
172556,"Lamb, shoulder, blade, separable lean and fat, trimmed to 1/8"" fat, choice, raw",17.01,18.97,0.0,244.0,0.0,63.0,8.04
174335,"Lamb, shoulder, blade, separable lean only, trimmed to 1/4"" fat, choice, cooked, braised",32.35,16.64,0.0,288.0,0.0,79.0,6.37
172506,"Lamb, shoulder, blade, separable lean only, trimmed to 1/4"" fat, choice, cooked, broiled",25.48,11.32,0.0,211.0,0.0,88.0,4.04
172507,"Lamb, shoulder, blade, separable lean only, trimmed to 1/4"" fat, choice, cooked, roasted",24.61,11.57,0.0,209.0,0.0,68.0,4.34
174334,"Lamb, shoulder, blade, separable lean only, trimmed to 1/4"" fat, choice, raw",19.29,7.63,0.0,151.0,0.0,70.0,2.73
172497,"Lamb, shoulder, whole (arm and blade), separable lean and fat, trimmed to 1/4"" fat, choice, cooked, braised",28.68,24.55,0.0,344.0,0.0,75.0,10.34
174324,"Lamb, shoulder, whole (arm and blade), separable lean and fat, trimmed to 1/4"" fat, choice, cooked, broiled",24.42,19.26,0.0,278.0,0.0,78.0,8.04
174325,"Lamb, shoulder, whole (arm and blade), separable lean and fat, trimmed to 1/4"" fat, choice, cooked, roasted",22.51,19.97,0.0,276.0,0.0,66.0,8.44
172496,"Lamb, shoulder, whole (arm and blade), separable lean and fat, trimmed to 1/4"" fat, choice, raw",16.58,21.45,0.0,264.0,0.0,61.0,9.28
172554,"Lamb, shoulder, whole (arm and blade), separable lean and fat, trimmed to 1/8"" fat, choice, cooked, braised",29.46,23.57,0.0,338.0,0.0,74.0,9.71
172555,"Lamb, shoulder, whole (arm and blade), separable lean and fat, trimmed to 1/8"" fat, choice, cooked, broiled",23.84,18.39,0.0,268.0,0.0,82.0,7.53
174379,"Lamb, shoulder, whole (arm and blade), separable lean and fat, trimmed to 1/8"" fat, choice, cooked, roasted",22.7,19.08,0.0,269.0,0.0,66.0,7.98
172553,"Lamb, shoulder, whole (arm and blade), separable lean and fat, trimmed to 1/8"" fat, choice, raw",17.07,18.96,0.0,244.0,0.0,63.0,8.1
174327,"Lamb, shoulder, whole (arm and blade), separable lean only, trimmed to 1/4"" fat, choice, cooked, braised",32.81,15.89,0.0,283.0,0.0,79.0,6.17
172498,"Lamb, shoulder, whole (arm and blade), separable lean only, trimmed to 1/4"" fat, choice, cooked, broiled",27.12,10.5,0.0,210.0,0.0,83.0,3.88
172499,"Lamb, shoulder, whole (arm and blade), separable lean only, trimmed to 1/4"" fat, choice, cooked, roasted",24.94,10.77,0.0,204.0,0.0,68.0,4.08
174326,"Lamb, shoulder, whole (arm and blade), separable lean only, trimmed to 1/4"" fat, choice, raw",19.55,6.76,0.0,144.0,0.0,70.0,2.42
172526,"Lamb, variety meats and by-products, brain, cooked, braised",12.55,10.17,0.0,145.0,0.0,134.0,2.6
174350,"Lamb, variety meats and by-products, brain, cooked, pan-fried",16.97,22.19,0.0,273.0,0.0,157.0,5.67
172525,"Lamb, variety meats and by-products, brain, raw",10.4,8.58,0.0,122.0,0.0,112.0,2.19
172528,"Lamb, variety meats and by-products, heart, cooked, braised",24.97,7.91,1.93,185.0,0.0,63.0,3.14
172527,"Lamb, variety meats and by-products, heart, raw",16.47,5.68,0.21,122.0,0.0,89.0,2.25
174355,"Lamb, variety meats and by-products, kidneys, cooked, braised",23.65,3.62,0.99,137.0,0.0,151.0,1.23
174354,"Lamb, variety meats and by-products, kidneys, raw",15.74,2.95,0.82,97.0,0.0,156.0,1.0
172532,"Lamb, variety meats and by-products, liver, cooked, braised",30.57,8.81,2.53,220.0,0.0,56.0,3.41
172533,"Lamb, variety meats and by-products, liver, cooked, pan-fried",25.53,12.65,3.78,238.0,0.0,124.0,4.9
172531,"Lamb, variety meats and by-products, liver, raw",20.38,5.02,1.78,139.0,0.0,70.0,1.94
174360,"Lamb, variety meats and by-products, lungs, cooked, braised",19.88,3.1,0.0,113.0,0.0,84.0,1.06
174359,"Lamb, variety meats and by-products, lungs, raw",16.7,2.6,0.0,95.0,0.0,157.0,0.89
172537,"Lamb, variety meats and by-products, mechanically separated, raw",14.97,23.54,0.0,276.0,0.0,59.0,11.79
172539,"Lamb, variety meats and by-products, pancreas, cooked, braised",22.83,15.12,0.0,234.0,0.0,52.0,6.84
172538,"Lamb, variety meats and by-products, pancreas, raw",14.84,9.82,0.0,152.0,0.0,75.0,4.44
174365,"Lamb, variety meats and by-products, spleen, cooked, braised",26.46,4.77,0.0,156.0,0.0,58.0,1.58
174364,"Lamb, variety meats and by-products, spleen, raw",17.2,3.1,0.0,101.0,0.0,84.0,1.03
174367,"Lamb, variety meats and by-products, tongue, cooked, braised",21.57,20.28,0.0,275.0,0.0,67.0,7.83
174366,"Lamb, variety meats and by-products, tongue, raw",15.7,17.17,0.0,222.0,0.0,78.0,6.63
168534,"Lambsquarters, cooked, boiled, drained, with salt",3.2,0.7,5.0,32.0,2.1,265.0,0.052
169245,"Lambsquarters, cooked, boiled, drained, without salt",3.2,0.7,5.0,32.0,2.1,29.0,0.052
169244,"Lambsquarters, raw",4.2,0.8,7.3,43.0,4.0,43.0,0.059
168995,"Lambsquarters, raw (Northern Plains Indians)",4.21,0.28,6.96,47.0,6.3,7.0,
169815,"Lambsquarters, steamed (Northern Plains Indians)",4.06,0.16,7.47,48.0,5.2,4.0,
171401,Lard,0.0,100.0,0.0,902.0,0.0,0.0,39.2
173334,"Lasagna with meat & sauce, frozen entree",6.63,4.42,14.39,124.0,1.4,347.0,2.067
172101,"Lasagna with meat & sauce, low-fat, frozen entree",6.81,2.23,13.5,101.0,1.3,181.0,0.967
172114,"Lasagna with meat sauce, frozen, prepared",7.28,4.92,15.36,135.0,1.7,373.0,2.348
172106,"Lasagna, Vegetable, frozen, baked",6.87,6.04,14.18,139.0,1.9,445.0,2.866
173333,"Lasagna, cheese, frozen, prepared",6.54,5.33,13.84,130.0,1.7,284.0,2.11
168960,"Lasagna, cheese, frozen, unprepared",5.06,4.22,21.61,145.0,1.7,312.0,2.11
172109,"Lean Pockets, Meatballs & Mozzarella",10.49,7.7,32.28,240.0,2.0,557.0,3.087
172803,"Leavening agents, baking powder, double-acting, sodium aluminum sulfate",0.0,0.0,27.7,53.0,0.2,10600.0,0.0
172804,"Leavening agents, baking powder, double-acting, straight phosphate",0.1,0.0,24.1,51.0,0.2,7893.0,0.0
172805,"Leavening agents, baking powder, low-sodium",0.1,0.4,46.9,97.0,2.2,90.0,0.073
175040,"Leavening agents, baking soda",0.0,0.0,0.0,0.0,0.0,27360.0,0.0
175041,"Leavening agents, cream of tartar",0.0,0.0,61.5,258.0,0.2,52.0,0.0
175043,"Leavening agents, yeast, baker's, active dry",40.44,7.61,41.22,325.0,26.9,51.0,1.001
175042,"Leavening agents, yeast, baker's, compressed",8.4,1.9,18.1,105.0,8.1,30.0,0.243
173868,"Lebanon bologna, beef",19.03,10.44,0.44,172.0,0.0,1374.0,2.794
168535,"Leeks, (bulb and lower leaf-portion), cooked, boiled, drained, with salt",0.81,0.2,7.62,31.0,1.0,246.0,0.027
168426,"Leeks, (bulb and lower leaf-portion), cooked, boiled, drained, without salt",0.81,0.2,7.62,31.0,1.0,10.0,0.027
169246,"Leeks, (bulb and lower leaf-portion), raw",1.5,0.3,14.15,61.0,1.8,20.0,0.04
170485,"Leeks, (bulb and lower-leaf portion), freeze-dried",15.2,2.1,74.65,321.0,10.4,35.0,0.279
168573,"Lemon grass (citronella), raw",1.82,0.49,25.31,99.0,,6.0,0.119
167801,"Lemon juice from concentrate, bottled, CONCORD",0.4,0.07,5.37,24.0,,29.0,
167802,"Lemon juice from concentrate, bottled, REAL LEMON",0.47,0.07,5.66,17.0,0.7,26.0,0.027
167748,"Lemon juice from concentrate, canned or bottled",0.45,0.07,5.62,17.0,0.7,24.0,0.027
167747,"Lemon juice, raw",0.35,0.24,6.9,22.0,0.3,1.0,0.04
167749,"Lemon peel, raw",1.5,0.3,16.0,47.0,10.6,6.0,0.039
173666,"Lemonade, frozen concentrate, pink",0.22,0.69,48.86,192.0,0.3,4.0,0.026
173216,"Lemonade, frozen concentrate, white",0.22,0.7,49.89,196.0,0.3,7.0,0.025
173217,"Lemonade, frozen concentrate, white, prepared with water",0.07,0.04,10.42,40.0,0.0,4.0,0.006
174859,"Lemonade, powder, prepared with water",0.0,0.04,3.59,14.0,0.0,6.0,0.0
167746,"Lemons, raw, without peel",1.1,0.3,9.32,29.0,2.8,2.0,0.039
175254,"Lentils, mature seeds, cooked, boiled, with salt",9.02,0.38,19.54,114.0,7.9,238.0,0.053
172421,"Lentils, mature seeds, cooked, boiled, without salt",9.02,0.38,20.13,116.0,7.9,2.0,0.053
174284,"Lentils, pink or red, raw",23.91,2.17,63.1,358.0,10.8,7.0,0.379
172420,"Lentils, raw",24.63,1.06,63.35,352.0,10.7,6.0,0.154
168551,"Lentils, sprouted, cooked, stir-fried, with salt",8.8,0.45,21.25,101.0,,246.0,0.053
168428,"Lentils, sprouted, cooked, stir-fried, without salt",8.8,0.45,21.25,101.0,,10.0,0.053
168427,"Lentils, sprouted, raw",8.96,0.55,22.14,106.0,,11.0,0.057
168429,"Lettuce, butterhead (includes boston and bibb types), raw",1.35,0.22,2.23,13.0,1.1,5.0,0.029
169247,"Lettuce, cos or romaine, raw",1.23,0.3,3.29,17.0,2.1,8.0,0.039
169249,"Lettuce, green leaf, raw",1.36,0.15,2.87,15.0,1.3,28.0,0.02
169248,"Lettuce, iceberg (includes crisphead types), raw",0.9,0.14,2.97,14.0,1.2,10.0,0.018
168431,"Lettuce, red leaf, raw",1.33,0.22,2.26,13.0,0.9,25.0,0.028
172085,"Light Ice Cream, soft serve, blended with cookie pieces",3.97,5.66,25.55,169.0,0.1,75.0,2.754
173324,"Light Ice Cream, soft serve, blended with milk chocolate candies",4.02,6.46,26.82,182.0,0.2,54.0,3.633
171307,"Light ice cream, Creamsicle",1.54,3.08,32.75,165.0,0.0,46.0,1.813
169317,"Lima beans, immature seeds, canned, no salt added, solids and liquids",4.07,0.29,13.33,71.0,3.6,4.0,0.066
169136,"Lima beans, immature seeds, canned, regular pack, solids and liquids",4.07,0.29,13.33,71.0,3.6,252.0,0.066
169316,"Lima beans, immature seeds, cooked, boiled, drained, with salt",6.81,0.32,23.64,123.0,5.3,253.0,0.073
169135,"Lima beans, immature seeds, cooked, boiled, drained, without salt",6.81,0.32,23.64,123.0,5.4,17.0,0.073
169318,"Lima beans, immature seeds, frozen, baby, cooked, boiled, drained, with salt",6.65,0.3,19.45,105.0,4.8,265.0,0.068
169956,"Lima beans, immature seeds, frozen, baby, cooked, boiled, drained, without salt",6.65,0.3,19.45,105.0,4.8,29.0,0.068
169955,"Lima beans, immature seeds, frozen, baby, unprepared",7.59,0.44,25.14,132.0,6.0,52.0,0.102
168498,"Lima beans, immature seeds, frozen, fordhook, cooked, boiled, drained, with salt",6.07,0.34,19.32,103.0,5.3,289.0,0.077
169954,"Lima beans, immature seeds, frozen, fordhook, cooked, boiled, drained, without salt",6.07,0.34,19.32,103.0,5.3,69.0,0.077
169953,"Lima beans, immature seeds, frozen, fordhook, unprepared",6.4,0.35,19.83,106.0,5.5,58.0,0.081
168396,"Lima beans, immature seeds, raw",6.84,0.86,20.17,113.0,4.9,8.0,0.198
174254,"Lima beans, large, mature seeds, canned",4.93,0.17,14.91,79.0,4.8,336.0,0.039
173802,"Lima beans, large, mature seeds, cooked, boiled, with salt",7.8,0.38,20.88,115.0,7.0,238.0,0.089
174253,"Lima beans, large, mature seeds, cooked, boiled, without salt",7.8,0.38,20.88,115.0,7.0,2.0,0.089
174252,"Lima beans, large, mature seeds, raw",21.46,0.69,63.38,338.0,19.0,18.0,0.161
173803,"Lima beans, thin seeded (baby), mature seeds, cooked, boiled, with salt",8.04,0.38,23.31,126.0,7.7,239.0,0.088
172422,"Lima beans, thin seeded (baby), mature seeds, cooked, boiled, without salt",8.04,0.38,23.31,126.0,7.7,3.0,0.088
174255,"Lima beans, thin seeded (baby), mature seeds, raw",20.62,0.93,62.83,335.0,20.6,13.0,0.219
168157,"Lime juice, canned or bottled, unsweetened",0.25,0.23,6.69,21.0,0.4,16.0,0.026
168156,"Lime juice, raw",0.42,0.07,8.42,25.0,0.4,2.0,0.008
174862,"Limeade, frozen concentrate, prepared with water",0.0,0.0,13.79,52.0,0.0,3.0,0.0
168155,"Limes, raw",0.7,0.2,10.54,30.0,2.8,2.0,0.022
169087,"Litchis, dried",3.8,1.2,70.7,277.0,4.6,3.0,0.27
169086,"Litchis, raw",0.83,0.44,16.53,66.0,1.3,1.0,0.099
173869,"Liver cheese, pork",15.2,25.6,2.1,304.0,0.0,1225.0,8.96
173870,"Liver sausage, liverwurst, pork",14.1,28.5,2.2,326.0,0.0,860.0,10.6
174596,Liverwurst spread,12.38,25.45,5.89,305.0,2.5,700.0,9.925
169088,"Loganberries, frozen",1.52,0.31,13.02,55.0,5.3,1.0,0.011
169907,"Longans, dried",4.9,0.4,74.0,286.0,,48.0,
169089,"Longans, raw",1.31,0.1,15.14,60.0,1.1,0.0,
169908,"Loquats, raw",0.43,0.2,12.14,47.0,1.7,1.0,0.04
168536,"Lotus root, cooked, boiled, drained, with salt",1.58,0.07,16.02,66.0,3.1,281.0,0.021
168430,"Lotus root, cooked, boiled, drained, without salt",1.58,0.07,16.02,66.0,3.1,45.0,0.021
169250,"Lotus root, raw",2.6,0.1,17.23,74.0,4.9,40.0,0.03
174594,"Luncheon meat, pork and chicken, minced, canned, includes Spam Lite",15.23,13.9,1.35,196.0,0.0,1032.0,4.514
172951,"Luncheon meat, pork with ham, minced, canned, includes Spam (Hormel)",13.4,26.6,4.6,315.0,0.0,1411.0,9.987
174571,"Luncheon meat, pork, canned",12.5,30.3,2.1,334.0,0.0,1289.0,10.79
172950,"Luncheon meat, pork, ham, and chicken, minced, canned, reduced sodium, added ascorbic acid, includes SPAM, 25% less sodium",12.5,25.1,3.4,293.0,0.0,1036.0,8.873
174587,"Luncheon sausage, pork and beef",15.38,20.9,1.58,260.0,0.0,1182.0,7.62
169066,"Luncheon slices, meatless",17.78,11.11,4.44,189.0,1.1,711.0,1.338
173804,"Lupins, mature seeds, cooked, boiled, with salt",15.57,2.92,9.29,116.0,2.8,240.0,0.346
172424,"Lupins, mature seeds, cooked, boiled, without salt",15.57,2.92,9.88,119.0,2.8,4.0,0.346
172423,"Lupins, mature seeds, raw",36.17,9.74,40.37,371.0,18.9,15.0,1.156
172931,"Luxury loaf, pork",18.4,4.8,4.9,141.0,0.0,1225.0,1.58
172462,"MORI-NU, Tofu, silken, extra firm",7.4,1.9,2.0,55.0,0.1,63.0,0.3
172461,"MORI-NU, Tofu, silken, firm",6.9,2.7,2.4,62.0,0.1,36.0,0.406
172464,"MORI-NU, Tofu, silken, lite extra firm",7.0,0.7,1.0,38.0,0.0,98.0,0.116
172463,"MORI-NU, Tofu, silken, lite firm",6.3,0.8,1.1,37.0,0.0,85.0,0.133
174292,"MORI-NU, Tofu, silken, soft",4.8,2.7,2.9,55.0,0.1,5.0,0.357
173325,"Macaroni and Cheese, canned entree",3.38,2.46,11.52,82.0,0.5,302.0,0.881
173337,"Macaroni and Cheese, canned, microwavable",5.98,5.99,13.96,134.0,0.4,335.0,3.665
173340,"Macaroni and cheese dinner with dry sauce mix, boxed, uncooked",13.86,4.82,70.12,379.0,3.2,680.0,1.151
172965,"Macaroni and cheese loaf, chicken, pork and beef",11.76,14.96,11.63,228.0,0.0,3.0,5.614
169770,"Macaroni and cheese, box mix with cheese sauce, prepared",6.68,4.99,23.1,164.0,1.2,460.0,1.636
169769,"Macaroni and cheese, box mix with cheese sauce, unprepared",12.73,10.67,46.66,334.0,1.8,766.0,1.184
173341,"Macaroni and cheese, dry mix, prepared with 2% milk and 80% stick margarine from dry mix",4.89,8.28,23.93,190.0,1.2,338.0,1.816
173342,"Macaroni and cheese, frozen entree",5.6,6.41,17.28,149.0,1.1,290.0,2.608
169774,"Macaroni or noodles with cheese, made from reduced fat packaged mix, unprepared",13.1,4.03,52.06,297.0,2.0,867.0,0.409
169776,"Macaroni or noodles with cheese, microwaveable, unprepared",11.48,6.56,70.75,388.0,1.6,902.0,2.814
168904,"Macaroni, vegetable, enriched, cooked",4.53,0.11,26.61,128.0,4.3,6.0,0.016
168903,"Macaroni, vegetable, enriched, dry",13.14,1.04,74.88,367.0,4.3,43.0,0.15
169400,"Malabar spinach, cooked",2.98,0.78,2.71,23.0,2.1,55.0,
174863,"Malt beverage, includes non-alcoholic beer",0.21,0.12,8.05,37.0,0.0,13.0,0.024
169909,"Mammy-apple, (mamey), raw",0.5,0.5,12.5,51.0,3.0,15.0,0.136
167785,"Mango nectar, canned",0.11,0.06,13.12,51.0,0.3,5.0,0.014
169091,"Mango, dried, sweetened",2.45,1.18,78.58,319.0,2.4,162.0,0.287
169910,"Mangos, raw",0.82,0.38,14.98,60.0,1.6,1.0,0.092
169090,"Mangosteen, canned, syrup pack",0.41,0.58,17.91,73.0,1.8,7.0,
167766,"Maraschino cherries, canned, drained",0.22,0.21,41.97,165.0,3.2,4.0,0.039
173589,"Margarine Spread, 40-49% fat, tub",0.27,44.46,0.0,401.0,0.0,716.0,11.055
173587,"Margarine, 80% fat, stick, includes regular and hydrogenated corn and soybean oils",0.16,80.71,0.7,717.0,0.0,654.0,15.189
171432,"Margarine, 80% fat, tub, CANOLA HARVEST Soft Spread (canola, palm and palm kernel oils)",0.41,80.32,1.39,730.0,,714.0,11.648
173605,"Margarine, industrial, non-dairy, cottonseed, soy oil (partially hydrogenated ), for flaky pastries",1.9,80.2,0.0,714.0,0.0,879.0,20.442
172369,"Margarine, industrial, soy and partially hydrogenated soy oil, use for baking, sauces and candy",0.18,80.0,0.71,714.0,0.0,886.0,16.321
171431,"Margarine, margarine-like vegetable oil spread, 67-70% fat, tub",0.07,68.29,0.59,606.0,,536.0,16.688
173588,"Margarine, margarine-type vegetable oil spread, 70% fat, soybean and partially hydrogenated soybean, stick",0.26,70.22,1.53,628.0,,700.0,13.631
172346,"Margarine, regular, 80% fat, composite, stick, with salt",0.16,80.71,0.7,717.0,0.0,751.0,15.189
171435,"Margarine, regular, 80% fat, composite, stick, with salt, with added vitamin D",0.16,80.71,0.7,717.0,0.0,751.0,15.189
173585,"Margarine, regular, 80% fat, composite, stick, without salt",0.16,80.71,0.7,717.0,0.0,2.0,15.189
171040,"Margarine, regular, 80% fat, composite, stick, without salt, with added vitamin D",0.16,80.71,0.7,717.0,0.0,2.0,15.189
172347,"Margarine, regular, 80% fat, composite, tub, with salt",0.22,80.17,0.75,713.0,0.0,657.0,14.224
171436,"Margarine, regular, 80% fat, composite, tub, with salt, with added vitamin D",0.22,80.17,0.75,713.0,0.0,657.0,14.224
172349,"Margarine, regular, 80% fat, composite, tub, without salt",0.22,80.17,0.75,713.0,0.0,28.0,14.224
171018,"Margarine, regular, hard, soybean (hydrogenated)",0.9,80.5,0.9,719.0,0.0,943.0,16.7
171415,"Margarine,spread, 35-39% fat, tub",0.23,37.98,1.52,349.0,0.0,584.0,8.656
173599,"Margarine-like shortening, industrial, soy (partially hydrogenated), cottonseed, and soy, principal use flaky pastries",0.0,71.0,0.0,628.0,0.0,864.0,22.869
172352,"Margarine-like spread with yogurt, 70% fat, stick, with salt",0.3,70.0,0.5,630.0,0.0,590.0,13.3
173586,"Margarine-like spread with yogurt, approximately 40% fat, tub, with salt",2.0,35.0,2.0,330.0,0.0,630.0,7.0
171035,"Margarine-like spread, BENECOL Light Spread",0.0,38.71,5.71,357.0,,670.0,4.77
172372,"Margarine-like spread, SMART BALANCE Light Buttery Spread",0.02,36.41,1.98,337.0,,580.0,10.087
173610,"Margarine-like spread, SMART BALANCE Omega Plus Spread (with plant sterols & fish oil)",0.13,70.95,0.16,605.0,0.0,729.0,19.83
172371,"Margarine-like spread, SMART BALANCE Regular Buttery Spread with flax oil",0.14,64.63,0.14,583.0,0.0,646.0,16.69
173609,"Margarine-like spread, SMART BEAT Smart Squeeze",0.0,2.1,7.1,47.0,0.0,829.0,0.31
173608,"Margarine-like spread, SMART BEAT Super Light without saturated fat",0.0,17.1,0.0,158.0,0.0,755.0,2.22
171039,"Margarine-like vegetable-oil spread, stick/tub/bottle, 60% fat, with added vitamin D",0.6,59.17,0.0,535.0,0.0,785.0,10.042
169052,"Margarine-like, butter-margarine blend, 80% fat, stick, without salt",0.9,80.7,0.6,718.0,0.0,28.0,26.904
172339,"Margarine-like, margarine-butter blend, soybean oil and butter",0.31,80.32,0.77,727.0,0.0,719.0,14.198
172354,"Margarine-like, vegetable oil spread, 20% fat, with salt",0.0,19.5,0.4,175.0,0.0,733.0,2.87
172355,"Margarine-like, vegetable oil spread, 20% fat, without salt",0.0,19.5,0.4,175.0,0.0,0.0,2.87
172348,"Margarine-like, vegetable oil spread, 60% fat, stick, with salt",0.12,60.39,0.69,537.0,0.0,785.0,10.884
171437,"Margarine-like, vegetable oil spread, 60% fat, stick, with salt, with added vitamin D",0.12,60.39,0.69,537.0,0.0,785.0,10.884
173583,"Margarine-like, vegetable oil spread, 60% fat, stick/tub/bottle, with salt",0.6,59.17,0.0,526.0,0.0,700.0,10.042
172350,"Margarine-like, vegetable oil spread, 60% fat, stick/tub/bottle, without salt",0.17,59.81,0.86,533.0,0.0,2.0,12.086
171041,"Margarine-like, vegetable oil spread, 60% fat, stick/tub/bottle, without salt, with added vitamin D",0.17,59.81,0.86,542.0,0.0,2.0,12.086
173582,"Margarine-like, vegetable oil spread, 60% fat, tub, with salt",0.17,59.81,0.86,533.0,0.0,615.0,12.086
171038,"Margarine-like, vegetable oil spread, 60% fat, tub, with salt, with added vitamin D",0.17,59.81,0.86,533.0,0.0,785.0,12.086
171434,"Margarine-like, vegetable oil spread, approximately 37% fat, unspecified oils, with salt, with added vitamin D",0.51,37.77,0.66,339.0,0.0,589.0,8.637
172351,"Margarine-like, vegetable oil spread, fat free, liquid, with salt",1.5,3.0,2.5,43.0,0.0,833.0,0.416
172353,"Margarine-like, vegetable oil spread, fat-free, tub",0.1,3.04,4.34,44.0,0.0,580.0,2.128
169860,"Margarine-like, vegetable oil spread, stick or tub, sweetened",0.0,52.0,16.7,534.0,0.0,542.0,8.35
169053,"Margarine-like, vegetable oil-butter spread, reduced calorie, tub, with salt",1.0,50.0,1.0,450.0,0.0,607.0,16.669
173580,"Margarine-like, vegetable oil-butter spread, tub, with salt",1.0,40.0,1.0,362.0,0.0,786.0,7.238
168819,"Marmalade, orange",0.3,0.0,66.3,246.0,0.7,56.0,0.0
175081,"Martha White Foods, Martha White's Buttermilk Biscuit Mix, dry",7.81,13.23,59.41,388.0,1.5,1295.0,4.07
175080,"Martha White Foods, Martha White's Chewy Fudge Brownie Mix, dry",4.42,6.16,83.58,407.0,2.9,457.0,1.7
168004,"Mary's Gone Crackers, Original Crackers, Organic Gluten Free",12.06,15.63,64.29,446.0,16.2,587.0,
167608,"Mashu roots, raw (Alaska Native)",5.8,2.4,22.6,135.0,,,
167736,"Mayonnaise dressing, no cholesterol",0.0,77.8,0.3,688.0,0.0,486.0,10.784
168115,"Mayonnaise, low sodium, low calorie or diet",0.3,19.2,16.0,231.0,0.0,110.0,3.3
167695,"Mayonnaise, made with tofu",5.95,31.79,3.06,322.0,1.1,773.0,2.921
171443,"Mayonnaise, reduced fat, with olive oil",0.37,40.0,0.0,361.0,0.0,800.0,5.37
168094,"Mayonnaise, reduced-calorie or diet, cholesterol-free",0.9,33.3,6.7,333.0,0.0,733.0,4.618
172072,McDONALD'S Bacon Ranch Salad with Crispy Chicken,8.82,6.3,6.08,122.0,1.0,273.0,1.622
172064,"McDONALD'S, BIG BREAKFAST",10.16,19.37,17.5,285.0,1.1,549.0,6.405
170720,"McDONALD'S, BIG MAC",11.82,14.96,20.08,257.0,1.6,460.0,3.803
172067,"McDONALD'S, BIG MAC (without Big Mac Sauce)",12.79,11.57,21.01,234.0,1.7,454.0,4.162
172069,"McDONALD'S, Bacon Egg & Cheese Biscuit",13.45,18.77,22.26,304.0,0.9,863.0,8.262
173312,"McDONALD'S, Bacon Ranch Salad with Grilled Chicken",10.28,3.14,3.64,81.0,1.0,230.0,1.235
172073,"McDONALD'S, Bacon Ranch Salad without chicken",4.14,3.64,4.2,61.0,1.5,132.0,1.507
173300,"McDONALD'S, Bacon, Egg & Cheese McGRIDDLES",12.03,13.19,26.19,272.0,0.8,673.0,4.201
170320,"McDONALD'S, Cheeseburger",12.97,11.79,27.81,263.0,1.1,626.0,4.435
173297,"McDONALD'S, Chicken McNUGGETS",15.79,19.81,15.09,302.0,,566.0,3.261
172066,"McDONALD'S, DOUBLE QUARTER POUNDER with Cheese",16.96,16.22,14.43,262.0,1.0,476.0,6.473
173309,"McDONALD'S, Deluxe Breakfast, with syrup and margarine",7.56,15.23,29.48,285.0,1.0,437.0,4.642
172065,"McDONALD'S, Double Cheeseburger",15.5,16.09,18.79,282.0,0.8,668.0,6.998
173307,"McDONALD'S, Egg McMUFFIN",13.64,9.66,21.67,228.0,1.1,617.0,3.592
170319,"McDONALD'S, FILET-O-FISH",11.26,14.64,26.39,282.0,1.4,434.0,2.833
173314,"McDONALD'S, FILET-O-FISH (without tartar sauce)",12.47,7.62,31.08,243.0,1.0,464.0,1.773
172075,"McDONALD'S, Fruit 'n Yogurt Parfait",2.73,1.3,20.72,105.0,1.0,58.0,0.041
173313,"McDONALD'S, Fruit 'n Yogurt Parfait (without granola)",2.47,1.13,17.67,90.0,0.9,38.0,0.004
170717,"McDONALD'S, Hamburger",12.92,10.09,30.28,264.0,1.3,494.0,3.504
173298,"McDONALD'S, Hash Brown",2.48,16.3,28.56,271.0,2.8,580.0,2.327
173301,"McDONALD'S, Hot Caramel Sundae",3.58,4.89,33.36,188.0,0.0,80.0,2.468
173302,"McDONALD'S, Hot Fudge Sundae",4.14,5.91,30.05,186.0,0.4,94.0,3.592
173299,"McDONALD'S, Hotcakes (plain)",6.0,5.84,38.27,228.0,1.4,358.0,1.158
173311,"McDONALD'S, Hotcakes (with 2 pats margarine & syrup)",4.05,8.06,46.08,272.0,0.9,283.0,0.818
173310,"McDONALD'S, Hotcakes and Sausage",7.81,12.5,37.55,294.0,1.6,484.0,3.646
173305,"McDONALD'S, McCHICKEN Sandwich",10.43,13.21,27.97,273.0,1.3,624.0,2.346
173306,"McDONALD'S, McCHICKEN Sandwich (without mayonnaise)",11.08,8.46,30.95,240.0,1.4,555.0,1.636
173303,"McDONALD'S, McFLURRY with M&M'S CANDIES",4.02,6.46,26.82,177.0,0.2,54.0,3.402
173304,"McDONALD'S, McFLURRY with OREO cookies",3.97,5.66,25.55,165.0,0.1,75.0,2.577
170321,"McDONALD'S, QUARTER POUNDER",14.1,11.55,22.17,244.0,1.6,427.0,4.008
170719,"McDONALD'S, QUARTER POUNDER with Cheese",14.59,14.22,19.95,258.0,1.4,579.0,5.643
170777,"McDONALD'S, RANCH SNACK WRAP, Crispy",11.48,15.1,23.22,275.0,1.3,607.0,3.837
170778,"McDONALD'S, RANCH SNACK WRAP, Grilled",13.77,10.31,18.43,222.0,0.9,577.0,3.363
172070,"McDONALD'S, Sausage Biscuit",9.62,25.4,27.2,376.0,1.2,875.0,10.659
172071,"McDONALD'S, Sausage Biscuit with Egg",11.27,22.26,19.28,311.0,0.8,664.0,8.628
172063,"McDONALD'S, Sausage Burrito",11.1,15.63,22.97,277.0,1.2,744.0,6.404
172059,"McDONALD'S, Sausage McGRIDDLES",8.41,17.76,31.25,312.0,1.0,737.0,5.435
173308,"McDONALD'S, Sausage McMUFFIN",12.66,21.06,24.52,333.0,1.4,693.0,7.253
172068,"McDONALD'S, Sausage McMUFFIN with Egg",12.59,17.83,17.28,274.0,0.9,572.0,6.008
172060,"McDONALD'S, Sausage, Egg & Cheese McGRIDDLES",10.77,17.73,22.04,283.0,0.6,652.0,5.649
172074,"McDONALD'S, Side Salad",1.03,0.19,4.3,20.0,1.6,12.0,0.02
170776,"McDONALD'S, Southern Style Chicken Biscuit",11.93,14.93,30.56,304.0,1.4,868.0,5.712
172062,"McDONALD'S, Strawberry Sundae",3.19,3.95,28.09,158.0,0.0,47.0,2.008
172061,"McDONALD'S, Vanilla Reduced Fat Ice Cream Cone",4.24,4.86,26.36,162.0,0.1,67.0,2.41
170721,"McDONALD'S, french fries",3.41,15.47,42.58,323.0,3.9,189.0,2.271
173257,"Mckee Baking, Little Debbie Nutty Bars, Wafers with Peanut Butter, Chocolate Covered",8.0,32.8,55.2,548.0,,223.0,6.29
174268,Meat extender,41.71,2.97,34.71,311.0,17.5,10.0,0.424
171638,"Meatballs, frozen, Italian style",14.4,22.21,8.06,286.0,2.3,666.0,7.627
169067,"Meatballs, meatless",21.0,9.0,8.0,197.0,4.6,550.0,1.425
169912,"Melon balls, frozen",0.84,0.25,7.94,33.0,0.7,31.0,0.064
167629,"Melon, banana (Navajo)",0.84,0.2,4.06,21.0,0.3,11.0,
169092,"Melons, cantaloupe, raw",0.84,0.19,8.16,34.0,0.9,16.0,0.051
169093,"Melons, casaba, raw",1.11,0.1,6.58,28.0,0.9,9.0,0.025
169911,"Melons, honeydew, raw",0.54,0.14,9.09,36.0,0.8,18.0,0.038
174650,Milk and cereal bar,6.47,10.98,72.05,413.0,0.4,319.0,9.114
170890,"Milk dessert bar, frozen, made from lowfat milk",4.41,1.47,32.0,147.0,6.6,92.0,0.735
167686,"Milk dessert, frozen, milk-fat free, chocolate",4.3,1.0,37.7,167.0,0.0,97.0,0.597
170883,"Milk shakes, thick chocolate",3.05,2.7,21.15,119.0,0.3,111.0,1.681
170884,"Milk shakes, thick vanilla",3.86,3.03,17.75,112.0,0.0,95.0,1.886
171264,"Milk substitutes, fluid, with lauric acid oil",1.75,3.41,6.16,61.0,0.0,78.0,3.037
171274,"Milk, buttermilk, dried",34.3,5.78,49.0,387.0,0.0,517.0,3.598
170874,"Milk, buttermilk, fluid, cultured, lowfat",3.31,1.07,4.79,40.0,0.0,148.0,0.66
167697,"Milk, buttermilk, fluid, cultured, reduced fat",4.1,2.0,5.3,56.0,0.0,105.0,1.242
172225,"Milk, buttermilk, fluid, whole",3.21,3.31,4.88,62.0,0.0,105.0,1.899
171275,"Milk, canned, condensed, sweetened",7.91,8.7,54.4,321.0,0.0,127.0,5.486
170878,"Milk, canned, evaporated, nonfat, with added vitamin A and vitamin D",7.55,0.2,11.35,78.0,0.0,115.0,0.121
172194,"Milk, canned, evaporated, with added vitamin A",6.81,7.56,10.04,134.0,0.0,106.0,4.591
171276,"Milk, canned, evaporated, with added vitamin D and without added vitamin A",6.81,7.56,10.04,134.0,0.0,106.0,4.591
171277,"Milk, chocolate beverage, hot cocoa, homemade",3.52,2.34,10.74,77.0,1.0,44.0,1.431
171303,"Milk, chocolate, fat free, with added vitamin A and vitamin D",3.39,0.0,13.46,67.0,0.0,79.0,0.0
173450,"Milk, chocolate, fluid, commercial, reduced fat, with added calcium",2.99,1.9,12.13,78.0,0.7,66.0,1.177
170880,"Milk, chocolate, fluid, commercial, reduced fat, with added vitamin A and vitamin D",2.99,1.9,12.13,76.0,0.7,66.0,1.177
170879,"Milk, chocolate, fluid, commercial, whole, with added vitamin A and vitamin D",3.17,3.39,10.34,83.0,0.8,60.0,2.104
170910,"Milk, chocolate, lowfat, reduced sugar",3.43,1.04,7.68,57.0,0.0,66.0,0.616
170881,"Milk, chocolate, lowfat, with added vitamin A and vitamin D",3.46,1.11,10.15,64.0,0.1,65.0,0.616
171273,"Milk, dry, nonfat, calcium reduced",35.5,0.2,51.8,354.0,0.0,2280.0,0.124
171272,"Milk, dry, nonfat, instant, with added vitamin A and vitamin D",35.1,0.72,52.19,358.0,0.0,549.0,0.467
172196,"Milk, dry, nonfat, instant, without added vitamin A and vitamin D",35.1,0.72,52.19,358.0,0.0,549.0,0.47
172195,"Milk, dry, nonfat, regular, with added vitamin A and vitamin D",36.16,0.77,51.98,362.0,0.0,535.0,0.499
170877,"Milk, dry, nonfat, regular, without added vitamin A and vitamin D",36.16,0.77,51.98,362.0,0.0,535.0,0.499
170876,"Milk, dry, whole, with added vitamin D",26.32,26.71,38.42,496.0,0.0,371.0,16.742
173454,"Milk, dry, whole, without added vitamin D",26.32,26.71,38.42,496.0,0.0,371.0,16.742
171302,"Milk, evaporated, 2% fat, with added vitamin A and vitamin D",6.67,2.0,15.74,107.0,0.0,100.0,1.204
170861,"Milk, filled, fluid, with blend of hydrogenated vegetable oils",3.33,3.46,4.74,63.0,0.0,57.0,0.768
170862,"Milk, filled, fluid, with lauric acid oil",3.33,3.4,4.74,63.0,0.0,57.0,3.101
173441,"Milk, fluid, 1% fat, without added vitamin A and vitamin D",3.37,0.97,4.99,42.0,0.0,44.0,0.633
169868,"Milk, fluid, nonfat, calcium fortified (fat free or skim)",3.4,0.18,4.85,35.0,0.0,52.0,0.117
171278,"Milk, goat, fluid, with added vitamin D",3.56,4.14,4.45,69.0,0.0,50.0,2.667
171279,"Milk, human, mature, fluid (For Reference Only)",1.03,4.38,6.89,70.0,0.0,17.0,2.009
167730,"Milk, imitation, non-soy",1.6,2.0,5.3,46.0,0.0,55.0,0.254
171280,"Milk, indian buffalo, fluid",3.75,6.89,5.18,97.0,0.0,52.0,4.597
170875,"Milk, low sodium, fluid",3.1,3.46,4.46,61.0,0.0,3.0,2.154
171268,"Milk, lowfat, fluid, 1% milkfat, protein fortified, with added vitamin A and vitamin D",3.93,1.17,5.52,48.0,0.0,58.0,0.728
170873,"Milk, lowfat, fluid, 1% milkfat, with added nonfat milk solids, vitamin A and vitamin D",3.48,0.97,4.97,43.0,0.0,52.0,0.604
170872,"Milk, lowfat, fluid, 1% milkfat, with added vitamin A and vitamin D",3.37,0.97,4.99,42.0,0.0,44.0,0.633
171271,"Milk, nonfat, fluid, protein fortified, with added vitamin A and vitamin D (fat free and skim)",3.96,0.25,5.56,41.0,0.0,59.0,0.162
171270,"Milk, nonfat, fluid, with added nonfat milk solids, vitamin A and vitamin D (fat free or skim)",3.57,0.25,5.02,37.0,0.0,53.0,0.162
171269,"Milk, nonfat, fluid, with added vitamin A and vitamin D (fat free or skim)",3.37,0.08,4.96,34.0,0.0,42.0,0.056
173432,"Milk, nonfat, fluid, without added vitamin A and vitamin D (fat free or skim)",3.37,0.18,4.86,35.0,0.0,42.0,0.117
171266,"Milk, producer, fluid, 3.7% milkfat",3.28,3.66,4.65,64.0,0.0,49.0,2.278
170871,"Milk, reduced fat, fluid, 2% milkfat, protein fortified, with added vitamin A and vitamin D",3.95,1.98,5.49,56.0,0.0,59.0,1.232
170870,"Milk, reduced fat, fluid, 2% milkfat, with added nonfat milk solids and vitamin A and vitamin D",3.48,1.92,4.97,51.0,0.0,52.0,1.195
172193,"Milk, reduced fat, fluid, 2% milkfat, with added nonfat milk solids, without added vitamin A",3.95,1.98,5.49,56.0,0.0,59.0,1.232
171267,"Milk, reduced fat, fluid, 2% milkfat, with added vitamin A and vitamin D",3.3,1.98,4.8,50.0,0.0,47.0,1.257
172205,"Milk, reduced fat, fluid, 2% milkfat, without added vitamin A and vitamin D",3.3,1.98,4.8,50.0,0.0,47.0,1.257
170882,"Milk, sheep, fluid",5.98,7.0,5.36,108.0,0.0,44.0,4.603
171265,"Milk, whole, 3.25% milkfat, with added vitamin D",3.15,3.25,4.8,61.0,0.0,43.0,1.865
172217,"Milk, whole, 3.25% milkfat, without added vitamin A and vitamin D",3.15,3.27,4.78,61.0,0.0,43.0,1.865
172023,Millet flour,10.75,4.25,75.12,382.0,3.5,4.0,0.536
168871,"Millet, cooked",3.51,1.0,23.67,119.0,1.3,2.0,0.172
167724,"Millet, puffed",13.0,3.4,80.0,354.0,2.7,5.0,0.67
169702,"Millet, raw",11.02,4.22,72.85,378.0,8.5,5.0,0.723
172442,Miso,12.79,6.01,25.37,198.0,5.4,3728.0,1.025
175082,"Mission Foods, Mission Flour Tortillas, Soft Taco, 8 inch",8.7,6.0,49.6,287.0,,898.0,0.695
168820,Molasses,0.0,0.1,74.73,290.0,0.0,37.0,0.018
174213,"Mollusks, abalone, mixed species, cooked, fried",19.63,6.78,11.05,189.0,0.0,591.0,1.646
174212,"Mollusks, abalone, mixed species, raw",17.1,0.76,6.01,105.0,0.0,301.0,0.149
171976,"Mollusks, clam, mixed species, canned, drained solids",24.25,1.59,5.9,142.0,0.0,112.0,0.309
171977,"Mollusks, clam, mixed species, canned, liquid",0.4,0.02,0.1,2.0,0.0,215.0,0.002
171974,"Mollusks, clam, mixed species, cooked, breaded and fried",14.24,11.15,10.33,202.0,,364.0,2.683
171975,"Mollusks, clam, mixed species, cooked, moist heat",25.55,1.95,5.13,148.0,0.0,1202.0,0.188
174214,"Mollusks, clam, mixed species, raw",14.67,0.96,3.57,86.0,0.0,601.0,0.187
173720,"Mollusks, conch, baked or broiled",26.3,1.2,1.7,130.0,0.0,153.0,0.37
172010,"Mollusks, cuttlefish, mixed species, cooked, moist heat",32.48,1.4,1.64,158.0,0.0,744.0,0.236
174215,"Mollusks, cuttlefish, mixed species, raw",16.24,0.7,0.82,79.0,0.0,372.0,0.118
174217,"Mollusks, mussel, blue, cooked, moist heat",23.8,4.48,7.39,172.0,0.0,369.0,0.85
174216,"Mollusks, mussel, blue, raw",11.9,2.24,3.69,86.0,0.0,286.0,0.425
174249,"Mollusks, octopus, common, cooked, moist heat",29.82,2.08,4.4,164.0,0.0,460.0,0.453
174218,"Mollusks, octopus, common, raw",14.91,1.04,2.2,82.0,0.0,230.0,0.227
174250,"Mollusks, oyster, Pacific, cooked, moist heat",18.9,4.6,9.9,163.0,0.0,212.0,1.02
174219,"Mollusks, oyster, Pacific, raw",9.45,2.3,4.95,81.0,0.0,106.0,0.51
171981,"Mollusks, oyster, eastern, canned",7.06,2.47,3.91,68.0,0.0,112.0,0.631
171979,"Mollusks, oyster, eastern, cooked, breaded and fried",8.77,12.58,11.62,199.0,,417.0,3.197
175173,"Mollusks, oyster, eastern, farmed, cooked, dry heat",7.0,2.12,7.28,79.0,0.0,163.0,0.683
175172,"Mollusks, oyster, eastern, farmed, raw",5.22,1.55,5.53,59.0,0.0,178.0,0.443
175171,"Mollusks, oyster, eastern, wild, cooked, dry heat",8.87,2.65,4.23,79.0,0.0,132.0,0.736
171980,"Mollusks, oyster, eastern, wild, cooked, moist heat",11.42,3.42,5.45,102.0,0.0,166.0,0.948
171978,"Mollusks, oyster, eastern, wild, raw",5.71,1.71,2.72,51.0,0.0,85.0,0.474
167742,"Mollusks, scallop, (bay and sea), cooked, steamed",20.54,0.84,5.41,111.0,0.0,667.0,0.218
174221,"Mollusks, scallop, mixed species, cooked, breaded and fried",18.07,10.94,10.13,216.0,,464.0,2.669
174222,"Mollusks, scallop, mixed species, imitation, made from surimi",12.77,0.41,10.62,99.0,0.0,795.0,0.08
174220,"Mollusks, scallop, mixed species, raw",12.06,0.49,3.18,69.0,0.0,392.0,0.128
167744,"Mollusks, snail, raw",16.1,1.4,2.0,90.0,0.0,70.0,0.361
171982,"Mollusks, squid, mixed species, cooked, fried",17.94,7.48,7.79,175.0,0.0,306.0,1.878
174223,"Mollusks, squid, mixed species, raw",15.58,1.38,3.08,92.0,0.0,44.0,0.358
171984,"Mollusks, whelk, unspecified, cooked, moist heat",47.68,0.8,15.52,275.0,0.0,412.0,0.062
171983,"Mollusks, whelk, unspecified, raw",23.84,0.4,7.76,137.0,0.0,206.0,0.031
167609,"Moose, liver, braised (Alaska Native)",24.38,4.89,3.43,155.0,,70.0,
167607,"Moose, meat, raw (Alaska Native)",22.3,1.5,0.0,103.0,0.0,65.0,0.22
174573,"Mortadella, beef, pork",16.37,25.39,3.05,311.0,0.0,1246.0,9.51
173805,"Mothbeans, mature seeds, cooked, boiled, with salt",7.81,0.55,20.96,117.0,,246.0,0.124
172426,"Mothbeans, mature seeds, cooked, boiled, without salt",7.81,0.55,20.96,117.0,,10.0,0.124
172425,"Mothbeans, mature seeds, raw",22.94,1.61,61.52,343.0,,30.0,0.364
172932,"Mother's loaf, pork",12.07,22.3,7.53,282.0,0.0,1127.0,7.95
168552,"Mountain yam, hawaii, cooked, steamed, with salt",1.73,0.08,19.99,82.0,,248.0,0.018
168433,"Mountain yam, hawaii, cooked, steamed, without salt",1.73,0.08,20.0,82.0,,12.0,0.018
168432,"Mountain yam, hawaii, raw",1.34,0.1,16.3,67.0,2.5,13.0,0.022
168017,"Mouse nuts, roots (Alaska Native)",3.9,0.1,16.1,81.0,,,
168018,"Mouse nuts, seedlings (Alaska Native)",7.3,1.1,16.3,104.0,,,
167929,"Muffin, blueberry, commercially prepared, low-fat",4.23,4.22,50.05,255.0,4.2,413.0,1.549
174996,"Muffins, English, mixed-grain (includes granola)",9.1,1.8,46.3,235.0,2.8,298.0,0.23
174994,"Muffins, English, plain, enriched, with ca prop (includes sourdough)",8.87,1.69,44.17,227.0,3.5,425.0,0.733
174995,"Muffins, English, plain, toasted, enriched, with calcium propionate (includes sourdough)",10.32,2.02,52.65,270.0,2.8,477.0,0.533
174997,"Muffins, English, raisin-cinnamon (includes apple-cinnamon)",7.91,1.8,48.1,240.0,2.6,299.0,0.54
172760,"Muffins, English, raisin-cinnamon, toasted (includes apple-cinnamon)",8.87,2.21,55.04,276.0,3.0,342.0,0.579
172761,"Muffins, English, wheat",8.7,2.0,44.8,223.0,4.6,353.0,0.287
172762,"Muffins, English, whole-wheat",8.8,2.1,40.4,203.0,6.7,364.0,0.334
172765,"Muffins, blueberry, commercially prepared (Includes mini-muffins)",4.49,16.07,53.0,375.0,1.1,336.0,2.844
172766,"Muffins, blueberry, dry mix",3.48,3.25,61.0,293.0,1.4,479.0,1.161
172768,"Muffins, blueberry, prepared from recipe, made with low fat (2%) milk",6.5,10.8,40.7,285.0,,441.0,2.03
172767,"Muffins, blueberry, toaster-type",4.6,9.5,53.3,313.0,1.8,417.0,1.398
175045,"Muffins, blueberry, toaster-type, toasted",4.9,10.1,56.7,333.0,1.9,444.0,1.551
175002,"Muffins, corn, commercially prepared",5.9,8.4,51.0,305.0,3.4,385.0,1.354
175003,"Muffins, corn, dry mix, prepared",7.4,10.2,49.1,321.0,2.4,795.0,2.797
175005,"Muffins, corn, prepared from recipe, made with low fat (2%) milk",7.1,12.3,44.2,316.0,,585.0,2.311
175004,"Muffins, corn, toaster-type",5.3,11.3,57.9,346.0,1.6,430.0,1.681
172769,"Muffins, oat bran",7.0,7.4,48.3,270.0,4.6,393.0,1.087
172764,"Muffins, plain, prepared from recipe, made with low fat (2%) milk",6.9,11.4,41.4,296.0,2.7,467.0,2.156
172770,"Muffins, wheat bran, dry mix",7.1,12.0,73.0,396.0,,700.0,2.939
175046,"Muffins, wheat bran, toaster-type with raisins, toasted",5.5,9.4,55.5,313.0,8.2,527.0,1.5
169913,"Mulberries, raw",1.44,0.39,9.8,43.0,1.7,10.0,0.027
175255,"Mung beans, mature seeds, cooked, boiled, with salt",7.02,0.38,19.15,105.0,7.6,238.0,0.116
174257,"Mung beans, mature seeds, cooked, boiled, without salt",7.02,0.38,19.15,105.0,7.6,2.0,0.116
174256,"Mung beans, mature seeds, raw",23.86,1.15,62.62,347.0,16.3,15.0,0.348
168499,"Mung beans, mature seeds, sprouted, cooked, boiled, drained, with salt",2.03,0.09,3.6,19.0,0.8,246.0,0.025
169137,"Mung beans, mature seeds, sprouted, cooked, boiled, drained, without salt",2.03,0.09,4.19,21.0,0.8,10.0,0.025
169138,"Mung beans, mature seeds, sprouted, cooked, stir-fried",4.3,0.21,10.59,50.0,1.9,9.0,0.039
169957,"Mung beans, mature seeds, sprouted, raw",3.04,0.18,5.94,30.0,1.8,6.0,0.046
175256,"Mungo beans, mature seeds, cooked, boiled, with salt",7.54,0.55,18.34,105.0,6.4,243.0,0.038
172427,"Mungo beans, mature seeds, cooked, boiled, without salt",7.54,0.55,18.34,105.0,6.4,7.0,0.038
174259,"Mungo beans, mature seeds, raw",25.21,1.64,58.99,341.0,18.3,38.0,0.114
167627,"Mush, blue corn with ash (Navajo)",0.66,0.49,11.74,54.0,1.1,8.0,0.074
169376,"Mushroom, white, exposed to ultraviolet light, raw",3.09,0.34,3.26,22.0,1.0,5.0,0.05
168422,"Mushrooms, Chanterelle, raw",1.49,0.53,6.86,32.0,3.8,9.0,
168557,"Mushrooms, brown, italian, or crimini, exposed to ultraviolet light, raw",2.5,0.1,4.3,22.0,0.6,6.0,0.014
168434,"Mushrooms, brown, italian, or crimini, raw",2.5,0.1,4.3,22.0,0.6,6.0,0.014
169254,"Mushrooms, canned, drained solids",1.87,0.29,5.09,25.0,2.4,425.0,0.038
169382,"Mushrooms, enoki, raw",2.66,0.29,7.81,37.0,2.7,3.0,0.027
169403,"Mushrooms, maitake, raw",1.94,0.19,6.97,31.0,2.7,1.0,0.03
168423,"Mushrooms, morel, raw",3.12,0.57,5.1,31.0,2.8,21.0,0.065
168580,"Mushrooms, oyster, raw",3.31,0.41,6.09,33.0,2.3,18.0,0.062
169377,"Mushrooms, portabella, exposed to ultraviolet light, grilled",3.28,0.58,4.44,29.0,2.2,11.0,0.028
170143,"Mushrooms, portabella, exposed to ultraviolet light, raw",2.11,0.35,3.87,22.0,1.3,9.0,0.06
169243,"Mushrooms, portabella, grilled",3.28,0.58,4.44,29.0,2.2,11.0,0.064
169255,"Mushrooms, portabella, raw",2.11,0.35,3.87,22.0,1.3,9.0,0.01
170097,"Mushrooms, shiitake, cooked, with salt",1.56,0.22,14.39,56.0,2.1,240.0,0.05
168437,"Mushrooms, shiitake, cooked, without salt",1.56,0.22,14.39,56.0,2.1,4.0,0.05
168436,"Mushrooms, shiitake, dried",9.58,0.99,75.37,296.0,11.5,13.0,0.225
169242,"Mushrooms, shiitake, raw",2.24,0.49,6.79,34.0,2.5,9.0,
168435,"Mushrooms, shiitake, stir-fried",3.45,0.35,7.68,39.0,3.6,5.0,0.032
168582,"Mushrooms, straw, canned, drained solids",3.83,0.68,4.64,32.0,2.5,384.0,0.089
168537,"Mushrooms, white, cooked, boiled, drained, with salt",2.17,0.47,5.29,28.0,2.2,238.0,0.061
169252,"Mushrooms, white, cooked, boiled, drained, without salt",2.17,0.47,5.29,28.0,2.2,2.0,0.061
169402,"Mushrooms, white, microwaved",3.91,0.46,6.04,35.0,2.5,17.0,0.06
169251,"Mushrooms, white, raw",3.09,0.34,3.26,22.0,1.0,5.0,0.05
169253,"Mushrooms, white, stir-fried",3.58,0.33,4.04,26.0,1.8,12.0,0.04
170503,"Mustard greens, cooked, boiled, drained, with salt",2.56,0.47,4.51,26.0,2.0,252.0,0.012
169257,"Mustard greens, cooked, boiled, drained, without salt",2.56,0.47,4.51,26.0,2.0,9.0,0.012
170504,"Mustard greens, frozen, cooked, boiled, drained, with salt",2.27,0.25,3.11,19.0,2.8,261.0,0.013
169259,"Mustard greens, frozen, cooked, boiled, drained, without salt",2.27,0.25,3.11,19.0,2.8,25.0,0.013
169258,"Mustard greens, frozen, unprepared",2.49,0.27,3.41,20.0,3.3,29.0,0.014
169256,"Mustard greens, raw",2.86,0.42,4.67,27.0,3.2,20.0,0.01
170505,"Mustard spinach, (tendergreen), cooked, boiled, drained, with salt",1.7,0.2,2.8,16.0,2.0,250.0,
168439,"Mustard spinach, (tendergreen), cooked, boiled, drained, without salt",1.7,0.2,2.8,16.0,2.0,14.0,
168438,"Mustard spinach, (tendergreen), raw",2.2,0.3,3.9,22.0,2.8,21.0,0.015
172234,"Mustard, prepared, yellow",3.74,3.34,5.83,60.0,4.0,1104.0,0.214
167634,"Mutton, cooked, roasted (Navajo)",33.43,11.09,0.08,234.0,,135.0,5.142
175083,"Nabisco, Nabisco Grahams Crackers",6.99,10.0,76.2,424.0,3.4,659.0,1.56
175084,"Nabisco, Nabisco Oreo Crunchies, Cookie Crumb Topping",4.78,21.5,70.23,476.0,3.2,528.0,4.14
173258,"Nabisco, Nabisco Ritz Crackers",7.23,23.21,63.51,492.0,2.3,882.0,5.45
167924,"Nabisco, Nabisco Snackwell's Fat Free Devil's Food Cookie Cakes",5.0,1.09,74.25,305.0,1.6,174.0,0.427
167788,"Nance, canned, syrup, drained",0.56,1.28,22.79,95.0,7.0,8.0,
167789,"Nance, frozen, unsweetened",0.66,1.16,16.97,73.0,7.5,3.0,
167790,"Naranjilla (lulo) pulp, frozen, unsweetened",0.44,0.22,5.9,25.0,1.1,4.0,
172443,Natto,19.4,11.0,12.68,211.0,5.4,7.0,1.591
169914,"Nectarines, raw",1.06,0.32,10.55,44.0,1.7,0.0,0.025
168441,"New Zealand spinach, cooked, boiled, drained, without salt",1.3,0.17,2.13,12.0,1.4,107.0,0.027
168440,"New Zealand spinach, raw",1.5,0.2,2.5,14.0,1.5,130.0,0.032
170506,"New zealand spinach, cooked, boiled, drained, with salt",1.3,0.17,2.13,12.0,1.4,343.0,0.027
174258,"Noodles, chinese, cellophane or long rice (mung beans), dehydrated",0.16,0.06,86.09,351.0,0.5,10.0,0.017
168905,"Noodles, chinese, chow mein",10.88,21.24,63.64,471.0,6.7,866.0,6.738
168919,"Noodles, egg, cooked, enriched, with added salt",4.54,2.07,25.16,138.0,1.2,165.0,0.419
169762,"Noodles, egg, cooked, unenriched, with added salt",4.54,2.07,25.16,138.0,1.2,165.0,0.419
169731,"Noodles, egg, dry, enriched",14.16,4.44,71.27,384.0,3.3,21.0,1.18
169755,"Noodles, egg, dry, unenriched",14.16,4.44,71.27,384.0,3.3,21.0,1.18
169732,"Noodles, egg, enriched, cooked",4.54,2.07,25.16,138.0,1.2,5.0,0.419
169734,"Noodles, egg, spinach, enriched, cooked",5.04,1.57,24.25,132.0,2.3,12.0,0.361
169733,"Noodles, egg, spinach, enriched, dry",14.61,4.55,70.32,382.0,6.8,72.0,1.047
168926,"Noodles, egg, unenriched, cooked, without added salt",4.54,2.07,25.16,138.0,1.2,5.0,0.419
169735,"Noodles, flat, crunchy, Chinese restaurant",10.33,31.72,51.9,521.0,1.9,378.0,4.931
168907,"Noodles, japanese, soba, cooked",5.06,0.1,21.44,99.0,,60.0,0.019
168906,"Noodles, japanese, soba, dry",14.38,0.71,74.62,336.0,,792.0,0.136
168909,"Noodles, japanese, somen, cooked",4.0,0.18,27.54,131.0,,161.0,0.025
168908,"Noodles, japanese, somen, dry",11.35,0.81,74.1,356.0,4.3,1840.0,0.115
169388,"Nopales, cooked, without salt",1.35,0.05,3.28,15.0,2.0,20.0,0.006
168571,"Nopales, raw",1.32,0.09,3.33,16.0,2.2,21.0,0.016
170892,"Nutritional supplement for people with diabetes, liquid",4.4,3.08,11.88,88.0,2.2,92.0,0.232
170566,"Nuts, acorn flour, full fat",7.49,30.17,54.65,501.0,,0.0,3.923
170565,"Nuts, acorns, dried",8.1,31.41,53.66,509.0,,0.0,4.084
170157,"Nuts, acorns, raw",6.15,23.86,40.75,387.0,,0.0,3.102
168603,"Nuts, almond butter, plain, with salt added",20.96,55.5,18.82,614.0,10.3,227.0,6.55
168588,"Nuts, almond butter, plain, without salt added",20.96,55.5,18.82,614.0,10.3,7.0,4.152
170160,"Nuts, almond paste",9.0,27.74,47.81,458.0,4.8,9.0,2.629
170567,"Nuts, almonds",21.15,49.93,21.55,579.0,12.5,1.0,3.802
170568,"Nuts, almonds, blanched",21.4,52.52,18.67,590.0,9.9,19.0,3.953
168596,"Nuts, almonds, dry roasted, with salt added",20.96,52.54,21.01,598.0,10.9,234.0,4.092
170158,"Nuts, almonds, dry roasted, without salt added",20.96,52.54,21.01,598.0,10.9,3.0,4.092
168592,"Nuts, almonds, honey roasted, unblanched",18.17,49.9,27.9,594.0,13.7,130.0,4.73
168602,"Nuts, almonds, oil roasted, lightly salted",21.23,55.17,17.68,607.0,10.5,143.0,4.207
169419,"Nuts, almonds, oil roasted, with salt added",21.23,55.17,17.68,607.0,10.5,339.0,4.208
169420,"Nuts, almonds, oil roasted, with salt added, smoke flavor",21.43,55.89,17.86,607.0,10.7,548.0,3.571
170159,"Nuts, almonds, oil roasted, without salt added",21.23,55.17,17.68,607.0,10.5,1.0,4.208
170161,"Nuts, beechnuts, dried",6.2,50.0,33.5,576.0,,38.0,5.719
170569,"Nuts, brazilnuts, dried, unblanched",14.32,67.1,11.74,659.0,7.5,3.0,16.134
170570,"Nuts, butternuts, dried",24.9,56.98,12.05,612.0,4.7,1.0,1.306
168597,"Nuts, cashew butter, plain, with salt added",12.12,53.03,30.3,609.0,3.0,295.0,10.606
170163,"Nuts, cashew butter, plain, without salt added",17.56,49.41,27.57,587.0,2.0,15.0,9.763
169421,"Nuts, cashew nuts, dry roasted, with salt added",15.31,46.35,32.69,574.0,3.0,640.0,9.157
170571,"Nuts, cashew nuts, dry roasted, without salt added",15.31,46.35,32.69,574.0,3.0,16.0,9.157
169422,"Nuts, cashew nuts, oil roasted, with salt added",16.84,47.77,30.16,581.0,3.3,308.0,8.478
170572,"Nuts, cashew nuts, oil roasted, without salt added",16.84,47.77,29.87,580.0,3.3,13.0,8.478
170162,"Nuts, cashew nuts, raw",18.22,43.85,30.19,553.0,3.3,12.0,7.783
170166,"Nuts, chestnuts, chinese, boiled and steamed",2.88,0.76,33.64,153.0,,2.0,0.112
170165,"Nuts, chestnuts, chinese, dried",6.82,1.81,79.76,363.0,,5.0,0.266
170164,"Nuts, chestnuts, chinese, raw",4.2,1.11,49.07,224.0,,3.0,0.164
170573,"Nuts, chestnuts, chinese, roasted",4.48,1.19,52.36,239.0,,4.0,0.175
170168,"Nuts, chestnuts, european, boiled and steamed",2.0,1.38,27.76,131.0,,27.0,0.26
170167,"Nuts, chestnuts, european, dried, peeled",5.01,3.91,78.43,369.0,,37.0,0.736
170576,"Nuts, chestnuts, european, dried, unpeeled",6.39,4.45,77.31,374.0,11.7,37.0,0.837
170575,"Nuts, chestnuts, european, raw, peeled",1.63,1.25,44.17,196.0,,2.0,0.235
170574,"Nuts, chestnuts, european, raw, unpeeled",2.42,2.26,45.54,213.0,8.1,3.0,0.425
170190,"Nuts, chestnuts, european, roasted",3.17,2.2,52.96,245.0,5.1,2.0,0.414
168589,"Nuts, chestnuts, japanese, boiled and steamed",0.82,0.19,12.64,56.0,,5.0,0.028
169408,"Nuts, chestnuts, japanese, dried",5.25,1.24,81.43,360.0,,34.0,0.183
169413,"Nuts, chestnuts, japanese, raw",2.25,0.53,34.91,154.0,,14.0,0.078
168590,"Nuts, chestnuts, japanese, roasted",2.97,0.8,45.13,201.0,,19.0,0.118
170171,"Nuts, coconut cream, canned, sweetened",1.17,16.31,53.21,357.0,0.2,36.0,15.472
170580,"Nuts, coconut cream, raw (liquid expressed from grated meat)",3.63,34.68,6.65,330.0,2.2,4.0,30.753
168585,"Nuts, coconut meat, dried (desiccated), creamed",5.3,69.08,21.52,684.0,,37.0,61.257
170170,"Nuts, coconut meat, dried (desiccated), not sweetened",6.88,64.53,23.65,660.0,16.3,37.0,57.218
170578,"Nuts, coconut meat, dried (desiccated), sweetened, flaked, canned",3.35,31.69,40.91,443.0,4.5,20.0,28.101
170577,"Nuts, coconut meat, dried (desiccated), sweetened, flaked, packaged",3.13,27.99,51.85,456.0,9.9,285.0,26.396
168586,"Nuts, coconut meat, dried (desiccated), sweetened, shredded",2.88,35.49,47.67,501.0,4.5,262.0,31.468
170579,"Nuts, coconut meat, dried (desiccated), toasted",5.3,47.0,44.4,592.0,,37.0,41.678
170169,"Nuts, coconut meat, raw",3.33,33.49,15.23,354.0,9.0,20.0,29.698
170173,"Nuts, coconut milk, canned (liquid expressed from grated meat and water)",2.02,21.33,2.81,197.0,,13.0,18.915
169409,"Nuts, coconut milk, frozen (liquid expressed from grated meat and water)",1.61,20.8,5.58,202.0,,12.0,18.445
170172,"Nuts, coconut milk, raw (liquid expressed from grated meat and water)",2.29,23.84,5.54,230.0,2.2,15.0,21.14
170174,"Nuts, coconut water (liquid from coconuts)",0.72,0.2,3.71,19.0,1.1,105.0,0.176
169411,"Nuts, formulated, wheat-based, all flavors except macadamia, without salt",13.11,62.3,20.79,647.0,5.2,91.0,9.37
170180,"Nuts, formulated, wheat-based, unflavored, with salt added",13.82,57.7,23.68,622.0,5.2,505.0,8.701
170176,"Nuts, ginkgo nuts, canned",2.29,1.62,22.1,111.0,9.3,307.0,0.309
170175,"Nuts, ginkgo nuts, dried",10.35,2.0,72.45,348.0,,13.0,0.381
170584,"Nuts, ginkgo nuts, raw",4.32,1.68,37.6,182.0,,7.0,0.319
170581,"Nuts, hazelnuts or filberts",14.95,60.75,16.7,628.0,9.7,0.0,4.464
170582,"Nuts, hazelnuts or filberts, blanched",13.7,61.15,17.0,629.0,11.0,0.0,4.669
170583,"Nuts, hazelnuts or filberts, dry roasted, without salt added",15.03,62.4,17.6,646.0,9.4,0.0,4.511
170177,"Nuts, hickorynuts, dried",12.72,64.37,18.25,657.0,6.4,1.0,7.038
168598,"Nuts, macadamia nuts, dry roasted, with salt added",7.79,76.08,12.83,716.0,8.0,353.0,11.947
170179,"Nuts, macadamia nuts, dry roasted, without salt added",7.79,76.08,13.38,718.0,8.0,4.0,11.947
170178,"Nuts, macadamia nuts, raw",7.91,75.77,13.82,718.0,8.6,5.0,12.061
170181,"Nuts, mixed nuts, dry roasted, with peanuts, salt added, CHOSEN ROASTER",18.0,53.2,24.62,608.0,7.1,113.0,7.023
170586,"Nuts, mixed nuts, dry roasted, with peanuts, salt added, PLANTERS pistachio blend",23.28,47.52,23.07,572.0,8.1,232.0,6.71
168599,"Nuts, mixed nuts, dry roasted, with peanuts, with salt added",17.3,51.45,25.35,594.0,9.0,345.0,6.5
170585,"Nuts, mixed nuts, dry roasted, with peanuts, without salt added",19.5,53.5,22.42,607.0,6.4,4.0,8.01
169427,"Nuts, mixed nuts, oil roasted, with peanuts, lightly salted",20.04,53.95,21.05,607.0,7.0,161.0,8.711
168600,"Nuts, mixed nuts, oil roasted, with peanuts, with salt added",20.04,53.95,21.05,607.0,7.0,273.0,8.711
170587,"Nuts, mixed nuts, oil roasted, with peanuts, without salt added",20.04,53.95,21.05,607.0,7.0,5.0,8.711
169428,"Nuts, mixed nuts, oil roasted, without peanuts, lightly salted",17.86,50.0,25.0,607.0,7.1,143.0,7.143
169423,"Nuts, mixed nuts, oil roasted, without peanuts, with salt added",15.52,56.17,22.27,615.0,5.5,306.0,9.087
170588,"Nuts, mixed nuts, oil roasted, without peanuts, without salt added",15.52,56.17,22.27,615.0,5.5,11.0,9.087
170182,"Nuts, pecans",9.17,71.97,13.86,691.0,9.6,0.0,6.18
169424,"Nuts, pecans, dry roasted, with salt added",9.5,74.27,13.55,710.0,9.4,383.0,6.283
170183,"Nuts, pecans, dry roasted, without salt added",9.5,74.27,13.55,710.0,9.4,1.0,6.283
169425,"Nuts, pecans, oil roasted, with salt added",9.2,75.23,13.01,715.0,9.5,393.0,7.238
170589,"Nuts, pecans, oil roasted, without salt added",9.2,75.23,13.01,715.0,9.5,1.0,7.238
170590,"Nuts, pilinuts, dried",10.8,79.55,3.98,719.0,,3.0,31.184
170591,"Nuts, pine nuts, dried",13.69,68.37,13.08,673.0,3.7,2.0,4.899
170592,"Nuts, pine nuts, pinyon, dried",11.57,60.98,19.3,629.0,10.7,72.0,9.377
169426,"Nuts, pistachio nuts, dry roasted, with salt added",21.05,45.82,27.55,569.0,10.3,428.0,5.645
170185,"Nuts, pistachio nuts, dry roasted, without salt added",21.05,45.82,28.28,572.0,10.3,6.0,5.645
170184,"Nuts, pistachio nuts, raw",20.16,45.32,27.17,560.0,10.6,1.0,5.907
170186,"Nuts, walnuts, black, dried",24.06,59.33,9.58,619.0,6.8,2.0,3.483
170594,"Nuts, walnuts, dry roasted, with salt added",14.29,60.71,17.86,643.0,7.1,643.0,5.357
170187,"Nuts, walnuts, english",15.23,65.21,13.71,654.0,6.7,2.0,6.126
170593,"Nuts, walnuts, glazed",8.28,35.71,47.59,500.0,3.6,446.0,3.571
169037,"OLIVE GARDEN, cheese ravioli with marinara sauce",7.44,5.61,19.64,159.0,1.1,269.0,2.531
169858,"OLIVE GARDEN, chicken parmigiana without pasta",15.33,11.23,12.28,211.0,0.9,625.0,2.113
169851,"OLIVE GARDEN, lasagna classico",11.28,10.84,10.33,184.0,1.6,450.0,5.347
168085,"OLIVE GARDEN, spaghetti with meat sauce",5.8,3.28,17.19,121.0,1.7,209.0,1.024
169852,"OLIVE GARDEN, spaghetti with pomodoro sauce",4.26,1.85,17.14,102.0,1.7,183.0,0.336
169031,"ON THE BORDER, Mexican rice",3.56,4.86,34.15,195.0,1.1,677.0,0.886
169854,"ON THE BORDER, cheese enchilada",11.67,17.74,16.2,271.0,1.8,561.0,7.52
169034,"ON THE BORDER, cheese quesadilla",16.87,25.5,24.25,394.0,2.2,677.0,12.976
169032,"ON THE BORDER, refried beans",7.3,5.0,17.52,144.0,8.2,378.0,1.819
167657,"ON THE BORDER, soft taco with ground beef, cheese and lettuce",13.19,11.05,19.28,229.0,1.8,646.0,4.848
168873,"Oat bran, cooked",3.21,0.86,11.44,40.0,2.6,1.0,0.163
168872,"Oat bran, raw",17.3,7.03,66.22,246.0,15.4,4.0,1.328
169741,"Oat flour, partially debranned",14.66,9.12,65.7,404.0,6.5,19.0,1.607
169705,Oats (Includes foods for USDA's Food Distribution Program),16.89,6.9,66.27,389.0,10.6,2.0,1.217
168019,Octopus (Alaska Native),12.3,0.8,0.0,56.0,,,0.2
169915,"Oheloberries, raw",0.38,0.22,6.84,28.0,,1.0,
171430,"Oil, PAM cooking spray, original",0.26,78.69,20.69,792.0,0.0,59.0,5.025
171031,"Oil, almond",0.0,100.0,0.0,884.0,0.0,0.0,8.2
171032,"Oil, apricot kernel",0.0,100.0,0.0,884.0,0.0,0.0,6.3
173573,"Oil, avocado",0.0,100.0,0.0,884.0,0.0,0.0,11.56
171428,"Oil, babassu",0.0,100.0,0.0,884.0,0.0,0.0,81.2
167611,"Oil, bearded seal (Oogruk) (Alaska Native)",0.56,99.6,0.0,899.0,,0.0,10.926
168981,"Oil, beluga, whale (Alaska Native)",0.0,100.0,0.0,900.0,0.0,0.0,14.49
172336,"Oil, canola",0.0,100.0,0.0,884.0,0.0,0.0,7.365
171421,"Oil, cocoa butter",0.0,100.0,0.0,884.0,0.0,0.0,59.7
171412,"Oil, coconut",0.0,99.06,0.0,892.0,0.0,0.0,82.475
171433,"Oil, cooking and salad, ENOVA, 80% diglycerides",0.0,100.0,0.0,884.0,,0.0,4.63
169867,"Oil, corn and canola",0.0,100.0,0.0,884.0,0.0,0.0,8.026
171029,"Oil, corn, industrial and retail, all purpose salad or cooking",0.0,100.0,0.0,900.0,0.0,0.0,12.948
167737,"Oil, corn, peanut, and olive",0.0,100.0,0.0,884.0,0.0,0.0,14.367
171024,"Oil, cottonseed, salad or cooking",0.0,100.0,0.0,884.0,0.0,0.0,25.9
173563,"Oil, cupu assu",0.0,100.0,0.0,884.0,0.0,0.0,53.2
167702,"Oil, flaxseed, cold pressed",0.11,99.98,0.0,884.0,0.0,0.0,8.976
171442,"Oil, flaxseed, contains added sliced flaxseed",0.37,99.01,0.39,878.0,,6.0,9.047
171028,"Oil, grapeseed",0.0,100.0,0.0,884.0,0.0,0.0,9.6
171427,"Oil, hazelnut",0.0,100.0,0.0,884.0,0.0,0.0,7.4
172360,"Oil, industrial, canola (partially hydrogenated) oil for deep fat frying",0.0,100.0,0.0,884.0,0.0,0.0,10.117
172359,"Oil, industrial, canola for salads, woks and light frying",0.0,100.0,0.0,884.0,0.0,0.0,7.758
172358,"Oil, industrial, canola with antifoaming agent, principal uses salads, woks and light frying",0.0,100.0,0.0,884.0,0.0,0.0,7.615
171042,"Oil, industrial, canola, high oleic",0.0,100.0,0.0,900.0,0.0,0.0,6.787
172367,"Oil, industrial, coconut (hydrogenated), used for whipped toppings and coffee whiteners",0.0,99.5,0.0,880.0,0.0,7.0,93.536
172365,"Oil, industrial, coconut, confection fat, typical basis for ice cream coatings",0.0,100.0,0.0,884.0,0.0,5.0,86.503
173595,"Oil, industrial, coconut, principal uses candy coatings, oil sprays, roasting nuts",0.0,100.0,0.0,884.0,0.0,0.0,86.002
171441,"Oil, industrial, cottonseed, fully hydrogenated",0.0,100.0,0.0,884.0,0.0,0.0,93.608
172357,"Oil, industrial, mid-oleic, sunflower",0.0,100.0,0.0,884.0,0.0,0.0,9.009
172368,"Oil, industrial, palm and palm kernel, filling fat (non-hydrogenated)",0.0,99.5,0.0,880.0,0.0,6.0,71.444
172366,"Oil, industrial, palm kernel (hydrogenated) , used for whipped toppings, non-dairy",0.0,100.0,0.0,884.0,0.0,6.0,88.965
173602,"Oil, industrial, palm kernel (hydrogenated), confection fat, intermediate grade product",0.0,100.0,0.0,884.0,0.0,6.0,92.614
173601,"Oil, industrial, palm kernel (hydrogenated), confection fat, uses similar to 95 degree hard butter",0.0,100.0,0.0,884.0,0.0,6.0,93.701
173603,"Oil, industrial, palm kernel (hydrogenated), filling fat",0.0,100.0,0.0,884.0,0.0,6.0,88.209
173600,"Oil, industrial, palm kernel, confection fat, uses similar to high quality cocoa butter",0.0,100.0,0.0,884.0,0.0,6.0,87.558
172362,"Oil, industrial, soy ( partially hydrogenated), all purpose",0.0,100.0,0.0,884.0,0.0,0.0,24.75
172363,"Oil, industrial, soy (partially hydrogenated ) and soy (winterized), pourable clear fry",0.0,100.0,0.0,884.0,0.0,0.0,15.341
173604,"Oil, industrial, soy (partially hydrogenated ), palm, principal uses icings and fillings",0.0,100.0,0.0,884.0,0.0,0.0,28.421
172364,"Oil, industrial, soy (partially hydrogenated)  and cottonseed, principal use as a tortilla shortening",0.0,100.0,0.0,884.0,0.0,0.0,25.883
172361,"Oil, industrial, soy (partially hydrogenated), multiuse for non-dairy butter flavor",0.0,100.0,0.0,884.0,0.0,0.0,18.101
173596,"Oil, industrial, soy (partially hydrogenated), principal uses popcorn and flavoring vegetables",0.0,100.0,0.0,884.0,0.0,0.0,17.683
171440,"Oil, industrial, soy, fully hydrogenated",0.0,100.0,0.0,884.0,0.0,0.0,93.966
171438,"Oil, industrial, soy, low linolenic",0.0,100.0,0.0,900.0,0.0,0.0,15.084
173598,"Oil, industrial, soy, refined, for woks and light frying",0.0,100.0,0.0,884.0,0.0,0.0,15.34
171439,"Oil, industrial, soy, ultra low linolenic",0.0,100.0,0.0,884.0,0.0,0.0,14.853
172337,"Oil, mustard",0.0,100.0,0.0,884.0,0.0,0.0,11.582
172335,"Oil, nutmeg butter",0.0,100.0,0.0,884.0,0.0,0.0,90.0
173576,"Oil, oat",0.0,100.0,0.0,884.0,0.0,0.0,19.62
171413,"Oil, olive, salad or cooking",0.0,100.0,0.0,884.0,0.0,2.0,13.808
171015,"Oil, palm",0.0,100.0,0.0,884.0,0.0,0.0,49.3
171410,"Oil, peanut, salad or cooking",0.0,100.0,0.0,884.0,0.0,0.0,16.9
171423,"Oil, poppyseed",0.0,100.0,0.0,884.0,0.0,0.0,13.5
171013,"Oil, rice bran",0.0,100.0,0.0,884.0,0.0,0.0,19.7
171027,"Oil, safflower, salad or cooking, high oleic (primary safflower oil of commerce)",0.0,100.0,0.0,884.0,0.0,0.0,7.541
171026,"Oil, safflower, salad or cooking, linoleic, (over 70%)",0.0,100.0,0.0,884.0,0.0,0.0,6.203
171016,"Oil, sesame, salad or cooking",0.0,100.0,0.0,884.0,0.0,0.0,14.2
171429,"Oil, sheanut",0.0,100.0,0.0,884.0,0.0,0.0,46.6
171426,"Oil, soybean lecithin",0.0,100.0,0.0,763.0,0.0,0.0,15.005
171411,"Oil, soybean, salad or cooking",0.0,100.0,0.0,884.0,0.0,0.0,15.65
171012,"Oil, soybean, salad or cooking, (partially hydrogenated)",0.0,100.0,0.0,884.0,0.0,0.0,14.9
173565,"Oil, soybean, salad or cooking, (partially hydrogenated) and cottonseed",0.0,100.0,0.0,884.0,0.0,0.0,18.0
167641,"Oil, spotted seal (Alaska Native)",0.0,99.32,0.0,894.0,0.0,0.0,14.74
172338,"Oil, sunflower, high oleic (70% and over)",0.0,100.0,0.0,884.0,0.0,0.0,9.859
171017,"Oil, sunflower, linoleic (less than 60%)",0.0,100.0,0.0,884.0,0.0,0.0,10.1
171025,"Oil, sunflower, linoleic, (approx. 65%)",0.0,100.0,0.0,884.0,0.0,0.0,10.3
172328,"Oil, sunflower, linoleic, (partially hydrogenated)",0.0,100.0,0.0,884.0,0.0,0.0,13.0
171425,"Oil, teaseed",0.0,100.0,0.0,884.0,0.0,0.0,21.1
171424,"Oil, tomatoseed",0.0,100.0,0.0,884.0,0.0,0.0,19.7
173570,"Oil, ucuhuba butter",0.0,100.0,0.0,884.0,0.0,0.0,85.2
171033,"Oil, vegetable, Natreon canola, high stability, non trans, high oleic (70%)",0.0,100.0,0.0,884.0,0.0,0.0,6.511
172370,"Oil, vegetable, soybean, refined",0.0,100.0,0.0,884.0,0.0,0.0,15.251
171030,"Oil, walnut",0.0,100.0,0.0,884.0,0.0,0.0,9.1
168032,"Oil, walrus (Alaska Native)",0.0,100.0,0.0,900.0,,,
167625,"Oil, whale, bowhead (Alaska Native)",0.0,100.0,0.0,900.0,,,
171014,"Oil, wheat germ",0.0,100.0,0.0,884.0,0.0,0.0,18.8
172452,Okara,3.52,1.73,12.23,76.0,,9.0,0.193
170098,"Okra, cooked, boiled, drained, with salt",1.87,0.21,4.51,22.0,2.5,241.0,0.045
169261,"Okra, cooked, boiled, drained, without salt",1.87,0.21,4.51,22.0,2.5,6.0,0.045
170099,"Okra, frozen, cooked, boiled, drained, with salt",1.63,0.24,6.41,29.0,2.1,239.0,0.063
169263,"Okra, frozen, cooked, boiled, drained, without salt",1.63,0.24,6.41,29.0,2.1,3.0,0.063
169262,"Okra, frozen, unprepared",1.69,0.25,6.63,30.0,2.2,3.0,0.065
169260,"Okra, raw",1.93,0.19,7.45,33.0,3.2,7.0,0.026
172926,"Olive loaf, pork",11.8,16.5,9.2,235.0,0.0,964.0,5.85
169096,"Olives, pickled, canned or bottled, green",1.03,15.32,3.84,145.0,3.3,1556.0,2.029
169095,"Olives, ripe, canned (jumbo-super colossal)",0.97,6.87,5.61,81.0,2.5,735.0,0.909
169094,"Olives, ripe, canned (small-extra large)",0.84,10.9,6.04,116.0,1.6,735.0,2.279
170415,"Onion rings, breaded, par fried, frozen, prepared, heated in oven",4.14,14.3,33.79,276.0,2.2,370.0,2.137
170414,"Onion rings, breaded, par fried, frozen, unprepared",3.15,14.1,30.53,258.0,1.8,246.0,4.534
170003,"Onions, canned, solids and liquids",0.85,0.09,4.02,19.0,1.2,371.0,0.016
170100,"Onions, cooked, boiled, drained, with salt",1.36,0.19,9.56,42.0,1.4,239.0,0.031
170001,"Onions, cooked, boiled, drained, without salt",1.36,0.19,10.15,44.0,1.4,3.0,0.031
170002,"Onions, dehydrated flakes",8.95,0.46,83.28,349.0,9.2,21.0,0.078
170101,"Onions, frozen, chopped, cooked, boiled, drained, with salt",0.77,0.1,6.0,26.0,1.7,248.0,0.016
170411,"Onions, frozen, chopped, cooked, boiled, drained, without salt",0.77,0.1,6.59,28.0,1.8,12.0,0.016
170410,"Onions, frozen, chopped, unprepared",0.79,0.1,6.82,29.0,1.8,12.0,0.017
170507,"Onions, frozen, whole, cooked, boiled, drained, with salt",0.71,0.05,6.11,26.0,1.4,244.0,0.009
170413,"Onions, frozen, whole, cooked, boiled, drained, without salt",0.71,0.05,6.7,28.0,1.4,8.0,0.009
170412,"Onions, frozen, whole, unprepared",0.89,0.06,8.45,35.0,1.7,10.0,0.011
170000,"Onions, raw",1.1,0.1,9.34,40.0,1.7,4.0,0.042
170005,"Onions, spring or scallions (includes tops and bulb), raw",1.83,0.19,7.34,32.0,2.6,16.0,0.032
170008,"Onions, sweet, raw",0.8,0.08,7.55,32.0,0.9,8.0,
170007,"Onions, welsh, raw",1.9,0.4,6.5,34.0,2.4,17.0,0.067
170004,"Onions, yellow, sauteed",0.95,10.8,7.86,123.0,1.7,12.0,1.477
170006,"Onions, young green, tops only",0.97,0.47,5.74,27.0,1.8,15.0,0.165
167612,"Oopah (tunicate), whole animal (Alaska Native)",11.7,2.2,0.0,67.0,,,
167792,Orange Pineapple Juice Blend,0.41,0.08,12.2,51.0,0.2,4.0,0.011
169099,"Orange juice, canned, unsweetened",0.68,0.15,11.01,47.0,0.3,4.0,0.018
169100,"Orange juice, chilled, includes from concentrate",0.68,0.12,11.54,49.0,0.3,2.0,0.014
169920,"Orange juice, chilled, includes from concentrate, with added calcium",0.68,0.12,11.27,47.0,0.3,2.0,0.014
169101,"Orange juice, chilled, includes from concentrate, with added calcium and vitamin D",0.68,0.12,11.27,47.0,0.3,2.0,0.014
167794,"Orange juice, chilled, includes from concentrate, with added calcium and vitamins A, D, E",0.68,0.12,11.54,49.0,0.3,2.0,0.014
169102,"Orange juice, frozen concentrate, unsweetened, diluted with 3 volume water",0.6,0.06,8.8,37.0,0.2,4.0,0.015
169921,"Orange juice, frozen concentrate, unsweetened, diluted with 3 volume water, with added calcium",0.6,0.06,8.47,37.0,0.2,4.0,0.015
169923,"Orange juice, frozen concentrate, unsweetened, undiluted",2.4,0.25,35.19,148.0,1.0,7.0,0.059
169922,"Orange juice, frozen concentrate, unsweetened, undiluted, with added calcium",2.4,0.25,33.86,147.0,1.0,7.0,0.059
169098,"Orange juice, raw (Includes foods for USDA's Food Distribution Program)",0.7,0.2,10.4,45.0,0.2,1.0,0.024
169103,"Orange peel, raw",1.5,0.2,25.0,97.0,10.6,3.0,0.024
169104,"Orange-grapefruit juice, canned or bottled, unsweetened",0.6,0.1,10.28,43.0,0.1,3.0,0.011
169916,"Oranges, raw, California, valencias",1.04,0.3,11.89,49.0,2.5,0.0,0.035
169918,"Oranges, raw, Florida",0.7,0.21,11.54,46.0,2.4,0.0,0.025
169097,"Oranges, raw, all commercial varieties",0.94,0.12,11.75,47.0,2.4,0.0,0.015
169917,"Oranges, raw, navels (Includes foods for USDA's Food Distribution Program)",0.91,0.15,12.54,49.0,2.2,1.0,0.017
169919,"Oranges, raw, with peel",1.3,0.3,15.5,63.0,4.5,2.0,0.035
174589,"Oscar Mayer, Bologna (beef)",11.05,29.1,2.45,316.0,0.0,1179.0,12.85
172944,"Oscar Mayer, Braunschweiger Liver Sausage (sliced)",14.25,29.35,2.6,331.0,0.2,1159.0,10.94
172945,"Oscar Mayer, Chicken Breast (honey glazed)",19.85,1.5,4.3,109.0,0.0,1438.0,0.394
172946,"Oscar Mayer, Ham (chopped with natural juice)",16.3,11.15,3.65,180.0,0.0,1249.0,4.056
172947,"Oscar Mayer, Salami (hard)",25.9,28.7,1.6,368.0,0.0,1976.0,11.085
174590,"Oscar Mayer, Smokies Sausage Little Cheese (pork, turkey)",13.5,28.2,1.7,315.0,0.0,1036.0,11.16
174591,"Oscar Mayer, Wieners (beef franks)",11.35,30.26,2.78,329.0,0.0,1025.0,12.46
174483,"Ostrich, fan, raw",21.81,2.65,0.0,117.0,0.0,75.0,0.95
174482,"Ostrich, ground, cooked, pan-broiled",26.15,7.07,0.0,175.0,0.0,80.0,1.793
174481,"Ostrich, ground, raw",20.22,8.7,0.0,165.0,0.0,72.0,2.177
172840,"Ostrich, inside leg, cooked",29.01,1.94,0.0,141.0,0.0,83.0,0.7
172839,"Ostrich, inside leg, raw",22.39,1.72,0.0,111.0,0.0,72.0,0.6
172842,"Ostrich, inside strip, cooked",29.37,4.26,0.0,164.0,0.0,73.0,1.71
172841,"Ostrich, inside strip, raw",23.69,2.87,0.0,127.0,0.0,76.0,0.923
174484,"Ostrich, outside leg, raw",22.86,1.96,0.0,115.0,0.0,90.0,0.61
174486,"Ostrich, outside strip, cooked",28.55,3.83,0.0,156.0,0.0,72.0,1.43
174485,"Ostrich, outside strip, raw",23.36,2.21,0.0,120.0,0.0,70.0,0.771
172843,"Ostrich, oyster, cooked",28.81,3.97,0.0,159.0,0.0,81.0,1.69
174487,"Ostrich, oyster, raw",21.55,3.67,0.0,125.0,0.0,83.0,1.22
172844,"Ostrich, round, raw",21.99,2.4,0.0,116.0,0.0,72.0,0.81
172845,"Ostrich, tenderloin, raw",22.07,3.19,0.0,123.0,0.0,86.0,1.17
174488,"Ostrich, tip trimmed, cooked",28.49,2.57,0.0,145.0,0.0,80.0,1.0
172846,"Ostrich, tip trimmed, raw",21.85,2.3,0.0,114.0,0.0,67.0,0.86
174490,"Ostrich, top loin, cooked",28.12,3.87,0.0,155.0,0.0,77.0,1.32
174489,"Ostrich, top loin, raw",21.67,2.95,0.0,119.0,0.0,81.0,1.2
167613,"Owl, horned, flesh, raw (Alaska Native)",22.7,5.0,0.0,136.0,,,
173284,"PAPA JOHN'S 14"" Cheese Pizza, Original Crust",11.53,9.25,32.74,260.0,1.9,578.0,3.871
173287,"PAPA JOHN'S 14"" Cheese Pizza, Thin Crust",12.29,15.66,26.26,295.0,2.3,528.0,6.202
173285,"PAPA JOHN'S 14"" Pepperoni Pizza, Original Crust",11.97,11.86,30.04,275.0,1.2,671.0,4.908
173286,"PAPA JOHN'S 14"" The Works Pizza, Original Crust",10.27,10.21,26.69,240.0,2.5,570.0,3.765
172040,"PIZZA HUT 12"" Cheese Pizza, Hand-Tossed Crust",11.93,10.89,31.22,271.0,1.8,685.0,5.04
172041,"PIZZA HUT 12"" Cheese Pizza, Pan Crust",11.73,12.56,29.93,280.0,1.7,624.0,5.184
172042,"PIZZA HUT 12"" Cheese Pizza, THIN 'N CRISPY Crust",15.29,14.1,28.64,303.0,1.6,784.0,6.896
173279,"PIZZA HUT 12"" Pepperoni Pizza, Hand-Tossed Crust",12.86,11.38,31.55,280.0,1.7,801.0,5.161
173280,"PIZZA HUT 12"" Pepperoni Pizza, Pan Crust",11.97,14.21,30.49,298.0,1.8,692.0,5.271
173281,"PIZZA HUT 12"" Super Supreme Pizza, Hand-Tossed Crust",10.9,10.72,25.62,243.0,2.0,689.0,4.554
173290,"PIZZA HUT 14"" Cheese Pizza, Hand-Tossed Crust",11.98,10.42,33.42,275.0,2.4,674.0,4.819
173291,"PIZZA HUT 14"" Cheese Pizza, Pan Crust",10.85,11.25,32.85,276.0,2.1,580.0,4.39
170774,"PIZZA HUT 14"" Cheese Pizza, Stuffed Crust",12.23,11.63,30.0,274.0,1.7,615.0,5.825
172051,"PIZZA HUT 14"" Cheese Pizza, THIN 'N CRISPY Crust",13.37,12.8,34.22,306.0,2.4,857.0,6.103
172052,"PIZZA HUT 14"" Pepperoni Pizza, Hand-Tossed Crust",12.23,12.63,32.11,291.0,2.6,759.0,5.404
172053,"PIZZA HUT 14"" Pepperoni Pizza, Pan Crust",11.47,13.07,31.79,291.0,2.0,676.0,4.823
170369,"PIZZA HUT 14"" Pepperoni Pizza, THIN 'N CRISPY Crust",14.13,16.17,32.66,333.0,2.1,967.0,6.674
170769,"PIZZA HUT 14"" Sausage Pizza, Hand-Tossed Crust",11.92,13.5,29.39,287.0,2.3,671.0,5.459
170372,"PIZZA HUT 14"" Sausage Pizza, Pan Crust",11.08,13.85,29.56,287.0,2.0,596.0,4.855
170768,"PIZZA HUT 14"" Sausage Pizza, THIN 'N CRISPY Crust",13.95,16.9,28.7,323.0,2.4,839.0,6.698
172054,"PIZZA HUT 14"" Super Supreme Pizza, Hand-Tossed Crust",11.34,10.95,26.01,248.0,2.3,658.0,4.217
170789,"PIZZA HUT, breadstick, parmesan garlic",12.2,12.88,44.48,343.0,2.4,539.0,2.966
172087,"POPEYES, Coleslaw",0.98,11.18,14.12,161.0,1.7,218.0,1.887
170353,"POPEYES, Fried Chicken, Mild, Breast, meat and skin with breading",21.67,16.47,9.83,274.0,0.4,540.0,5.765
170748,"POPEYES, Fried Chicken, Mild, Breast, meat only, skin and breading removed",28.98,4.52,0.0,157.0,,526.0,1.368
170354,"POPEYES, Fried Chicken, Mild, Drumstick, meat and skin with breading",20.44,19.14,9.84,293.0,,588.0,6.591
170749,"POPEYES, Fried Chicken, Mild, Drumstick, meat only, skin and breading removed",26.51,7.14,0.04,170.0,,478.0,2.282
170350,"POPEYES, Fried Chicken, Mild, Skin and Breading",13.96,32.32,21.54,433.0,1.0,769.0,11.75
170750,"POPEYES, Fried Chicken, Mild, Thigh, meat and skin with breading",19.14,20.99,11.2,310.0,0.5,685.0,7.344
170351,"POPEYES, Fried Chicken, Mild, Thigh, meat only, skin and breading removed",24.31,9.66,0.85,188.0,,601.0,2.938
170751,"POPEYES, Fried Chicken, Mild, Wing, meat and skin with breading",20.4,22.48,13.52,338.0,0.6,788.0,8.021
170352,"POPEYES, Fried Chicken, Mild, Wing, meat only, skin and breading removed",28.94,9.42,2.9,212.0,,814.0,3.079
172088,"POPEYES, Mild Chicken Strips, analyzed 2006",19.2,13.01,19.31,271.0,0.8,922.0,5.442
170338,"POPEYES, Spicy Chicken Strips, analyzed 2006",19.61,11.2,18.52,253.0,1.2,997.0,4.743
172086,"POPEYES, biscuit",6.0,23.71,40.95,401.0,3.8,745.0,11.515
167938,"Pan Dulce, La Ricura, Salpora de Arroz con Azucar, cookie-like, contains wheat flour and rice flour",8.81,16.11,66.28,445.0,1.2,445.0,
172771,"Pancakes plain, frozen, ready-to-heat (includes buttermilk)",5.23,6.83,37.75,233.0,1.0,461.0,1.162
172773,"Pancakes, blueberry, prepared from recipe",6.1,9.2,29.0,222.0,,412.0,1.986
172774,"Pancakes, buckwheat, dry mix, incomplete",10.9,2.7,71.3,340.0,8.5,684.0,0.439
175047,"Pancakes, buttermilk, prepared from recipe",6.8,9.3,28.7,227.0,,522.0,1.832
174106,"Pancakes, gluten-free, frozen, ready-to-heat",3.31,4.55,40.32,215.0,1.5,331.0,0.48
172772,"Pancakes, plain, dry mix, complete (includes buttermilk)",9.77,3.1,73.65,368.0,2.9,1082.0,0.822
175006,"Pancakes, plain, dry mix, complete, prepared",5.2,2.5,36.7,194.0,1.3,628.0,0.507
175007,"Pancakes, plain, dry mix, incomplete (includes buttermilk)",10.0,1.7,73.6,355.0,5.4,1148.0,0.25
175008,"Pancakes, plain, dry mix, incomplete, prepared",7.8,7.7,28.9,218.0,1.9,505.0,2.045
167926,"Pancakes, plain, frozen, ready-to-heat, microwave (includes buttermilk)",5.88,4.73,43.33,239.0,2.5,566.0,0.855
175009,"Pancakes, plain, prepared from recipe",6.4,9.7,28.3,227.0,,439.0,2.122
174086,"Pancakes, plain, reduced fat",5.71,1.9,57.32,269.0,1.0,429.0,0.0
172775,"Pancakes, special dietary, dry mix",8.9,1.4,73.9,349.0,,456.0,0.202
171853,"Pancakes, whole wheat, dry mix, incomplete",10.53,1.32,74.11,350.0,7.9,1632.0,0.0
172776,"Pancakes, whole-wheat, dry mix, incomplete",12.8,1.5,71.0,344.0,,1419.0,0.244
175010,"Pancakes, whole-wheat, dry mix, incomplete, prepared",8.5,6.5,29.4,208.0,2.8,572.0,1.749
168106,Papad,25.56,3.25,59.87,371.0,18.6,1745.0,1.084
169107,"Papaya nectar, canned",0.17,0.15,14.51,57.0,0.6,5.0,0.047
169927,"Papaya, canned, heavy syrup, drained",0.14,0.55,55.83,206.0,1.5,9.0,0.268
169926,"Papayas, raw",0.47,0.26,10.82,43.0,1.7,8.0,0.081
172206,"Parmesan cheese topping, fat free",40.0,5.0,40.0,370.0,0.0,1150.0,3.11
170486,"Parsley, freeze-dried",31.3,5.2,42.38,271.0,32.7,391.0,
170416,"Parsley, fresh",2.97,0.79,6.33,36.0,3.3,56.0,0.132
170508,"Parsnips, cooked, boiled, drained, with salt",1.32,0.3,17.01,71.0,4.0,246.0,0.05
170009,"Parsnips, cooked, boiled, drained, without salt",1.32,0.3,17.01,71.0,3.6,10.0,0.05
170417,"Parsnips, raw",1.2,0.3,17.99,75.0,4.9,10.0,0.05
169109,"Passion-fruit juice, purple, raw",0.39,0.05,13.6,51.0,0.2,6.0,0.004
169110,"Passion-fruit juice, yellow, raw",0.67,0.18,14.45,60.0,0.2,6.0,0.015
169108,"Passion-fruit, (granadilla), purple, raw",2.2,0.7,23.38,97.0,10.4,28.0,0.059
168958,"Pasta mix, Italian four cheese lasagna, unprepared",12.53,2.7,70.26,355.0,2.6,2093.0,0.697
168955,"Pasta mix, Italian lasagna, unprepared",10.9,1.97,73.77,356.0,2.8,1850.0,0.443
168954,"Pasta mix, classic beef, unprepared",12.32,1.78,72.2,354.0,2.0,1537.0,0.439
168953,"Pasta mix, classic cheeseburger macaroni, unprepared",11.6,1.88,71.51,349.0,2.7,2152.0,0.368
172091,"Pasta with Sliced Franks in Tomato Sauce, canned entree",4.37,2.38,12.7,90.0,1.6,287.0,0.791
172100,"Pasta with tomato sauce, no meat, canned",2.22,0.71,13.94,71.0,0.9,381.0,0.167
169751,"Pasta, cooked, enriched, with added salt",5.8,0.93,30.59,157.0,1.8,131.0,0.176
169737,"Pasta, cooked, enriched, without added salt",5.8,0.93,30.86,158.0,1.8,1.0,0.176
172014,"Pasta, cooked, unenriched, with added salt",5.8,0.93,30.59,157.0,1.8,131.0,0.176
168928,"Pasta, cooked, unenriched, without added salt",5.8,0.93,30.86,158.0,1.8,1.0,0.176
169736,"Pasta, dry, enriched",13.04,1.51,74.67,371.0,3.2,6.0,0.277
168927,"Pasta, dry, unenriched",13.04,1.51,74.67,371.0,3.2,6.0,0.277
169727,"Pasta, fresh-refrigerated, plain, as purchased",11.31,2.3,54.73,288.0,,26.0,0.328
169728,"Pasta, fresh-refrigerated, plain, cooked",5.15,1.05,24.93,131.0,,6.0,0.15
169729,"Pasta, fresh-refrigerated, spinach, as purchased",11.26,2.1,55.72,289.0,,27.0,0.483
169730,"Pasta, fresh-refrigerated, spinach, cooked",5.06,0.94,25.04,130.0,,6.0,0.217
172026,"Pasta, gluten-free, brown rice flour, cooked, TINKYADA",3.46,1.67,32.2,138.0,1.7,4.0,0.203
173265,"Pasta, gluten-free, corn and rice flour, cooked",3.2,1.0,38.05,179.0,1.4,4.0,0.15
172027,"Pasta, gluten-free, corn flour and quinoa flour, cooked, ANCIENT HARVEST",3.23,2.07,31.11,152.0,3.3,4.0,0.152
168900,"Pasta, gluten-free, corn, cooked",2.63,0.73,27.91,126.0,4.8,0.0,0.102
168899,"Pasta, gluten-free, corn, dry",7.46,2.08,79.26,357.0,11.0,3.0,0.29
173264,"Pasta, gluten-free, rice flour and rice bran extract, cooked, DE BOLES",4.21,1.7,40.75,200.0,1.9,4.0,
168901,"Pasta, homemade, made with egg, cooked",5.28,1.74,23.54,130.0,,83.0,0.408
168902,"Pasta, homemade, made without egg, cooked",4.37,0.98,25.12,124.0,,74.0,0.14
172024,"Pasta, whole grain, 51% whole wheat, remaining enriched semolina, cooked (Includes foods for USDA's Food Distribution Program)",5.67,1.48,30.87,156.0,4.5,4.0,
172025,"Pasta, whole grain, 51% whole wheat, remaining enriched semolina, dry (Includes foods for USDA's Food Distribution Program)",13.2,2.55,73.3,361.0,11.3,12.0,0.324
168916,"Pasta, whole grain, 51% whole wheat, remaining unenriched semolina, cooked",5.82,1.5,31.51,159.0,4.6,6.0,0.239
168915,"Pasta, whole grain, 51% whole wheat, remaining unenriched semolina, dry",13.51,2.68,73.1,362.0,10.1,11.0,0.351
168910,"Pasta, whole-wheat, cooked (Includes foods for USDA's Food Distribution Program)",5.99,1.71,30.07,149.0,3.9,4.0,0.243
169738,"Pasta, whole-wheat, dry (Includes foods for USDA's Food Distribution Program)",13.87,2.93,73.37,352.0,9.2,6.0,0.428
172959,"Pastrami, beef, 98% fat-free",19.6,1.16,1.54,95.0,0.0,1010.0,0.0
172927,"Pastrami, turkey",16.3,6.21,3.34,139.0,0.1,1123.0,1.395
167528,"Pastry, Pastelitos de Guava (guava pastries)",5.48,18.5,47.76,379.0,2.2,231.0,5.535
171100,"Pate de foie gras, canned (goose liver pate), smoked",11.4,43.84,4.67,462.0,0.0,697.0,14.45
172928,"Pate, chicken liver, canned",13.45,13.1,6.55,201.0,0.0,386.0,4.0
172929,"Pate, goose liver, smoked, canned",11.4,43.84,4.67,462.0,0.0,697.0,14.45
172930,"Pate, liver, not specified, canned",14.2,28.0,1.5,319.0,0.0,697.0,9.57
172967,"Pate, truffle flavor",11.2,28.5,6.3,327.0,,807.0,10.1
168185,"Peach nectar, canned, with added ascorbic acid",0.21,0.51,11.93,50.0,0.1,8.0,0.224
169117,"Peach nectar, canned, with sucralose, without added ascorbic acid",0.1,0.57,11.61,49.0,0.1,11.0,0.037
169113,"Peaches, canned, extra heavy syrup pack, solids and liquids",0.47,0.03,26.06,96.0,1.0,8.0,0.003
169931,"Peaches, canned, extra light syrup, solids and liquids (Includes foods for USDA's Food Distribution Program)",0.4,0.1,11.1,42.0,1.0,5.0,0.011
169112,"Peaches, canned, heavy syrup pack, solids and liquids",0.45,0.1,19.94,74.0,1.3,6.0,0.01
168181,"Peaches, canned, heavy syrup, drained",0.52,0.18,18.43,72.0,1.2,6.0,0.013
169930,"Peaches, canned, juice pack, solids and liquids",0.63,0.03,11.57,44.0,1.3,4.0,0.004
169111,"Peaches, canned, light syrup pack, solids and liquids",0.45,0.03,14.55,54.0,1.3,5.0,0.003
169929,"Peaches, canned, water pack, solids and liquids",0.44,0.06,6.11,24.0,1.3,3.0,0.006
169933,"Peaches, dehydrated (low-moisture), sulfured, stewed",2.01,0.42,34.14,133.0,,4.0,0.045
169932,"Peaches, dehydrated (low-moisture), sulfured, uncooked",4.89,1.03,83.18,325.0,,10.0,0.111
169115,"Peaches, dried, sulfured, stewed, with added sugar",1.06,0.22,26.6,103.0,2.4,2.0,0.024
169935,"Peaches, dried, sulfured, stewed, without added sugar",1.16,0.25,19.69,77.0,2.7,2.0,0.026
169934,"Peaches, dried, sulfured, uncooked",3.61,0.76,61.33,239.0,8.2,7.0,0.082
169116,"Peaches, frozen, sliced, sweetened",0.63,0.13,23.98,94.0,1.8,6.0,0.014
169114,"Peaches, spiced, canned, heavy syrup pack, solids and liquids",0.41,0.1,20.08,75.0,1.3,4.0,0.011
169928,"Peaches, yellow, raw",0.91,0.25,9.54,39.0,1.5,0.0,0.019
174294,"Peanut Butter, smooth (Includes foods for USDA's Food Distribution Program)",21.93,49.54,23.98,588.0,5.7,476.0,9.519
172471,"Peanut butter with omega-3, creamy",24.47,54.17,17.0,608.0,6.1,356.0,9.691
174265,"Peanut butter, chunk style, with salt",24.06,49.94,21.57,589.0,8.0,486.0,7.607
172469,"Peanut butter, chunk style, without salt",24.06,49.94,21.57,589.0,8.0,17.0,7.607
172460,"Peanut butter, chunky, vitamin and mineral fortified",26.06,51.47,17.69,593.0,5.7,366.0,7.972
169869,"Peanut butter, reduced sodium",24.0,49.9,21.83,590.0,6.6,203.0,7.716
174266,"Peanut butter, smooth style, with salt (Includes foods for USDA's Food Distribution Program)",22.21,51.36,22.31,598.0,5.0,426.0,10.325
172470,"Peanut butter, smooth style, without salt",22.21,51.36,22.31,598.0,5.0,17.0,10.325
172458,"Peanut butter, smooth, reduced fat",25.9,34.0,35.65,520.0,5.2,540.0,5.76
172459,"Peanut butter, smooth, vitamin and mineral fortified",25.72,50.81,18.75,591.0,5.6,420.0,10.125
174267,"Peanut flour, defatted",52.2,0.55,34.7,327.0,15.8,180.0,0.063
172435,"Peanut flour, low fat",33.8,21.9,31.27,428.0,15.8,1.0,3.04
172457,"Peanut spread, reduced sugar",24.8,54.89,14.23,650.0,7.8,292.0,10.22
174260,"Peanuts, all types, cooked, boiled, with salt",13.5,22.01,21.26,318.0,8.8,751.0,3.055
174262,"Peanuts, all types, dry-roasted, with salt",24.35,49.66,21.26,587.0,8.4,410.0,7.723
173806,"Peanuts, all types, dry-roasted, without salt",24.35,49.66,21.26,587.0,8.4,6.0,7.723
174261,"Peanuts, all types, oil-roasted, with salt",28.03,52.5,15.26,599.0,9.4,320.0,8.655
175258,"Peanuts, all types, oil-roasted, without salt",28.03,52.5,15.26,599.0,9.4,6.0,8.686
172430,"Peanuts, all types, raw",25.8,49.24,16.13,567.0,8.5,18.0,6.279
172431,"Peanuts, spanish, oil-roasted, with salt",28.01,49.04,17.45,579.0,8.9,433.0,7.555
173807,"Peanuts, spanish, oil-roasted, without salt",28.01,49.04,17.45,579.0,8.9,6.0,7.555
174263,"Peanuts, spanish, raw",26.15,49.6,15.83,570.0,9.5,22.0,7.098
172433,"Peanuts, valencia, oil-roasted, with salt",27.04,51.24,16.3,589.0,8.9,772.0,7.894
173808,"Peanuts, valencia, oil-roasted, without salt",27.04,51.24,16.3,589.0,8.9,6.0,7.894
172432,"Peanuts, valencia, raw",25.09,47.58,20.91,570.0,8.7,1.0,7.329
174264,"Peanuts, virginia, oil-roasted, with salt",25.87,48.62,19.86,578.0,8.9,433.0,6.345
173809,"Peanuts, virginia, oil-roasted, without salt",25.87,48.62,19.86,578.0,8.9,6.0,6.345
172434,"Peanuts, virginia, raw",25.19,48.75,16.54,563.0,8.5,10.0,6.434
168186,"Pear nectar, canned, with added ascorbic acid",0.11,0.01,15.76,60.0,0.6,4.0,0.001
169940,"Pear nectar, canned, without added ascorbic acid",0.11,0.01,15.76,60.0,0.6,4.0,0.001
168177,"Pears, asian, raw",0.5,0.23,10.65,42.0,3.6,0.0,0.012
169120,"Pears, canned, extra heavy syrup pack, solids and liquids",0.19,0.13,25.25,97.0,1.6,5.0,0.007
169937,"Pears, canned, extra light syrup pack, solids and liquids (Includes foods for USDA's Food Distribution Program)",0.3,0.1,12.2,47.0,1.6,2.0,0.006
169939,"Pears, canned, heavy syrup pack, solids and liquids",0.2,0.13,19.17,74.0,1.6,5.0,0.007
168182,"Pears, canned, heavy syrup, drained",0.24,0.18,19.08,74.0,2.7,5.0,0.01
169936,"Pears, canned, juice pack, solids and liquids",0.34,0.07,12.94,50.0,1.6,4.0,0.004
169938,"Pears, canned, light syrup pack, solids and liquids",0.19,0.03,15.17,57.0,1.6,5.0,0.002
169119,"Pears, canned, water pack, solids and liquids",0.19,0.03,7.81,29.0,1.6,2.0,0.002
169123,"Pears, dried, sulfured, stewed, with added sugar",0.86,0.29,37.14,140.0,5.8,3.0,0.016
169122,"Pears, dried, sulfured, stewed, without added sugar",0.91,0.31,33.81,127.0,6.4,3.0,0.017
169121,"Pears, dried, sulfured, uncooked",1.87,0.63,69.7,262.0,7.5,6.0,0.035
169118,"Pears, raw",0.36,0.14,15.23,57.0,3.1,1.0,0.022
167776,"Pears, raw, bartlett (Includes foods for USDA's Food Distribution Program)",0.39,0.16,15.01,63.0,3.1,1.0,
167778,"Pears, raw, bosc (Includes foods for USDA's Food Distribution Program)",0.36,0.09,16.1,67.0,3.1,1.0,
167779,"Pears, raw, green anjou (Includes foods for USDA's Food Distribution Program)",0.44,0.1,15.79,66.0,3.1,1.0,
167777,"Pears, raw, red anjou",0.33,0.14,14.94,62.0,3.0,1.0,
170512,"Peas and carrots, canned, no salt added, solids and liquids",2.17,0.27,8.48,38.0,3.3,4.0,0.049
170424,"Peas and carrots, canned, regular pack, solids and liquids",2.17,0.27,8.48,38.0,2.0,260.0,0.049
170513,"Peas and carrots, frozen, cooked, boiled, drained, with salt",3.09,0.42,10.12,48.0,3.1,304.0,0.077
170018,"Peas and carrots, frozen, cooked, boiled, drained, without salt",3.09,0.42,10.12,48.0,3.1,68.0,0.077
170425,"Peas and carrots, frozen, unprepared",3.4,0.47,11.15,53.0,3.4,79.0,0.084
170019,"Peas and onions, canned, solids and liquids",3.28,0.38,8.57,51.0,2.3,442.0,0.068
170514,"Peas and onions, frozen, cooked, boiled, drained, with salt",2.54,0.2,8.63,45.0,2.2,273.0,0.036
170021,"Peas and onions, frozen, cooked, boiled, drained, without salt",2.54,0.2,8.63,45.0,2.2,37.0,0.036
170020,"Peas and onions, frozen, unprepared",3.98,0.32,13.51,70.0,3.5,61.0,0.057
170011,"Peas, edible-podded, boiled, drained, without salt",3.27,0.23,7.05,42.0,2.8,4.0,0.044
170509,"Peas, edible-podded, cooked, boiled, drained, with salt",3.27,0.23,6.46,40.0,2.8,240.0,0.044
170510,"Peas, edible-podded, frozen, cooked, boiled, drained, with salt",3.5,0.38,8.43,50.0,3.1,241.0,0.073
170418,"Peas, edible-podded, frozen, cooked, boiled, drained, without salt",3.5,0.38,9.02,52.0,3.1,5.0,0.073
170012,"Peas, edible-podded, frozen, unprepared",2.8,0.3,7.2,42.0,3.1,4.0,0.058
170010,"Peas, edible-podded, raw",2.8,0.2,7.55,42.0,2.6,4.0,0.039
170013,"Peas, green (includes baby and lesuer types), canned, drained solids, unprepared",4.47,0.8,11.36,68.0,4.9,273.0,0.143
170015,"Peas, green, canned, drained solids, rinsed in tap water",4.33,0.95,11.82,71.0,,231.0,0.17
170104,"Peas, green, canned, no salt added, drained solids",4.42,0.35,12.58,69.0,4.1,2.0,0.062
170103,"Peas, green, canned, no salt added, solids and liquids",3.19,0.3,9.75,53.0,3.3,9.0,0.054
170421,"Peas, green, canned, regular pack, solids and liquids",3.01,0.48,10.6,58.0,3.3,185.0,0.086
170014,"Peas, green, canned, seasoned, solids and liquids",3.09,0.27,9.25,50.0,2.0,254.0,0.048
170102,"Peas, green, cooked, boiled, drained, with salt",5.36,0.22,15.63,84.0,5.5,239.0,0.039
170420,"Peas, green, cooked, boiled, drained, without salt",5.36,0.22,15.63,84.0,5.5,3.0,0.039
170105,"Peas, green, frozen, cooked, boiled, drained, with salt",5.15,0.27,14.26,78.0,4.5,323.0,0.049
170017,"Peas, green, frozen, cooked, boiled, drained, without salt",5.15,0.27,14.26,78.0,4.5,72.0,0.049
170016,"Peas, green, frozen, unprepared (Includes foods for USDA's Food Distribution Program)",5.22,0.4,13.62,77.0,4.5,108.0,0.066
170419,"Peas, green, raw",5.42,0.4,14.45,81.0,5.7,5.0,0.071
172428,"Peas, green, split, mature seeds, raw",23.12,3.89,61.63,364.0,22.2,5.0,0.408
170511,"Peas, mature seeds, sprouted, cooked, boiled, drained, with salt",7.05,0.51,17.08,98.0,,239.0,0.09
170423,"Peas, mature seeds, sprouted, cooked, boiled, drained, without salt",7.05,0.51,17.08,98.0,,3.0,0.09
170422,"Peas, mature seeds, sprouted, raw",8.8,0.68,27.11,124.0,,20.0,0.124
175257,"Peas, split, mature seeds, cooked, boiled, with salt",8.34,0.39,20.51,116.0,8.3,238.0,0.054
172429,"Peas, split, mature seeds, cooked, boiled, without salt",8.34,0.39,21.1,118.0,8.3,2.0,0.054
167682,"Pectin, liquid",0.0,0.0,2.1,11.0,2.1,0.0,0.0
168821,"Pectin, unsweetened, dry mix",0.3,0.3,90.4,325.0,8.6,200.0,0.05
168418,"Pepeao, dried",4.82,0.44,81.03,298.0,,70.0,
169394,"Pepper, banana, raw",1.66,0.45,5.35,27.0,3.4,13.0,0.048
174574,"Peppered loaf, pork, beef",17.3,6.37,4.53,149.0,0.0,732.0,2.28
168005,"Pepperidge Farm, Goldfish, Baked Snack Crackers, Cheddar",11.71,16.11,66.2,457.0,,874.0,
168006,"Pepperidge Farm, Goldfish, Baked Snack Crackers, Explosive Pizza",9.56,16.82,67.2,458.0,,868.0,
167594,"Pepperidge Farm, Goldfish, Baked Snack Crackers, Original",9.42,18.42,65.81,467.0,2.4,947.0,1.432
167595,"Pepperidge Farm, Goldfish, Baked Snack Crackers, Parmesan",11.16,17.29,64.7,459.0,3.5,1187.0,2.614
167596,"Pepperidge Farm, Goldfish, Baked Snack Crackers, Pizza",9.67,18.93,65.11,469.0,3.5,815.0,2.137
173474,"Peppermint, fresh",3.75,0.94,14.89,70.0,8.0,31.0,0.246
174575,"Pepperoni, beef and pork, sliced",19.25,46.28,1.18,504.0,0.0,1582.0,17.708
169396,"Peppers, ancho, dried",11.86,8.2,51.42,281.0,21.6,43.0,0.82
168577,"Peppers, chili, green, canned",0.72,0.27,4.6,21.0,1.7,397.0,0.028
168570,"Peppers, hot chile, sun-dried",10.58,5.81,69.86,324.0,28.7,91.0,0.813
170426,"Peppers, hot chili, green, canned, pods, excluding seeds, solids and liquids",0.9,0.1,5.1,21.0,1.3,1173.0,0.01
170497,"Peppers, hot chili, green, raw",2.0,0.2,9.46,40.0,1.5,7.0,0.021
170107,"Peppers, hot chili, red, canned, excluding seeds, solids and liquids",0.9,0.1,5.1,21.0,1.3,1173.0,0.01
170106,"Peppers, hot chili, red, raw",1.87,0.44,8.81,40.0,1.5,9.0,0.042
169766,"Peppers, hot pickled, canned",0.8,0.4,4.56,22.0,2.6,1430.0,0.061
168578,"Peppers, hungarian, raw",0.8,0.41,6.7,29.0,1.0,1.0,0.046
170080,"Peppers, jalapeno, canned, solids and liquids",0.92,0.94,4.74,27.0,2.6,1671.0,0.097
168576,"Peppers, jalapeno, raw",0.91,0.37,6.5,29.0,2.8,3.0,0.092
168579,"Peppers, pasilla, dried",12.35,15.85,51.13,345.0,26.8,89.0,
169395,"Peppers, serrano, raw",1.74,0.44,6.7,32.0,3.7,10.0,0.059
170429,"Peppers, sweet, green, canned, solids and liquids",0.8,0.3,3.9,18.0,1.2,1369.0,0.045
170109,"Peppers, sweet, green, cooked, boiled, drained, with salt",0.92,0.2,6.11,26.0,1.2,238.0,0.029
170428,"Peppers, sweet, green, cooked, boiled, drained, without salt",0.92,0.2,6.7,28.0,1.2,2.0,0.029
170023,"Peppers, sweet, green, frozen, chopped, boiled, drained, without salt",0.95,0.18,3.9,18.0,0.9,4.0,0.027
170516,"Peppers, sweet, green, frozen, chopped, cooked, boiled, drained, with salt",0.95,0.18,3.31,16.0,0.9,240.0,0.027
170022,"Peppers, sweet, green, frozen, chopped, unprepared",1.08,0.21,4.45,20.0,1.6,5.0,0.031
170427,"Peppers, sweet, green, raw",0.86,0.17,4.64,20.0,1.7,3.0,0.058
170024,"Peppers, sweet, green, sauteed",0.78,11.85,4.22,116.0,1.8,17.0,1.59
168546,"Peppers, sweet, red, canned, solids and liquids",0.8,0.3,3.9,18.0,1.2,1369.0,0.045
170515,"Peppers, sweet, red, cooked, boiled, drained, with salt",0.92,0.2,6.11,26.0,1.2,238.0,0.029
170110,"Peppers, sweet, red, cooked, boiled, drained, without salt",0.92,0.2,6.7,28.0,1.2,2.0,0.029
169373,"Peppers, sweet, red, freeze-dried",17.9,3.0,68.7,314.0,21.3,193.0,0.447
168549,"Peppers, sweet, red, frozen, chopped, boiled, drained, with salt",0.95,0.18,3.31,16.0,0.8,240.0,0.027
168548,"Peppers, sweet, red, frozen, chopped, boiled, drained, without salt",0.95,0.18,3.31,16.0,0.8,4.0,0.027
168547,"Peppers, sweet, red, frozen, chopped, unprepared",1.08,0.21,4.45,20.0,1.6,5.0,0.031
170108,"Peppers, sweet, red, raw",0.99,0.3,6.03,26.0,2.1,4.0,0.059
168550,"Peppers, sweet, red, sauteed",1.04,12.75,6.57,133.0,1.8,21.0,1.557
169383,"Peppers, sweet, yellow, raw",1.0,0.21,6.32,27.0,0.9,2.0,0.031
169942,"Persimmons, japanese, dried",1.38,0.59,73.43,274.0,14.5,2.0,
169941,"Persimmons, japanese, raw",0.58,0.19,18.59,70.0,3.6,1.0,0.02
169943,"Persimmons, native, raw",0.8,0.4,33.5,127.0,,1.0,
174474,"Pheasant, breast, meat only, raw",24.37,3.25,0.0,133.0,0.0,33.0,1.1
169903,"Pheasant, cooked, total edible",32.4,12.1,0.0,239.0,0.0,43.0,3.908
172417,"Pheasant, leg, meat only, raw",22.2,4.3,0.0,134.0,0.0,45.0,1.46
174472,"Pheasant, raw, meat and skin",22.7,9.29,0.0,181.0,0.0,40.0,2.7
174473,"Pheasant, raw, meat only",23.57,3.64,0.0,133.0,0.0,37.0,1.24
172791,Phyllo dough,7.1,6.0,52.6,299.0,1.9,483.0,1.47
174576,"Pickle and pimiento loaf, pork",11.23,15.95,8.46,225.0,1.5,1040.0,5.287
169386,"Pickle relish, hamburger",0.63,0.54,34.48,129.0,3.2,1096.0,0.052
168560,"Pickle relish, hot dog",1.5,0.46,23.35,91.0,1.5,1091.0,0.044
168561,"Pickle relish, sweet",0.37,0.47,35.06,130.0,1.1,811.0,0.054
169397,"Pickles, chowchow, with cauliflower onion mustard, sweet",1.5,0.9,26.64,121.0,1.5,527.0,0.149
168558,"Pickles, cucumber, dill or kosher dill",0.5,0.3,2.41,12.0,1.0,809.0,0.079
168563,"Pickles, cucumber, dill, reduced sodium",0.5,0.3,2.41,12.0,1.0,18.0,0.079
169379,"Pickles, cucumber, sour",0.33,0.2,2.26,11.0,1.2,1208.0,0.052
168562,"Pickles, cucumber, sour, low sodium",0.33,0.2,2.26,11.0,1.2,18.0,0.052
169378,"Pickles, cucumber, sweet (includes bread and butter pickles)",0.58,0.41,21.15,91.0,1.0,457.0,0.067
169380,"Pickles, cucumber, sweet, low sodium (includes bread and butter pickles)",0.37,0.26,33.73,122.0,1.1,18.0,0.067
172933,"Picnic loaf, pork, beef",14.92,16.64,4.76,232.0,0.0,1164.0,6.07
167521,"Pie Crust, Cookie-type, Chocolate, Ready Crust",6.08,22.42,64.48,484.0,2.7,503.0,4.725
167520,"Pie Crust, Cookie-type, Graham Cracker, Ready Crust",5.1,24.83,64.3,501.0,1.9,471.0,4.999
172811,"Pie crust, cookie-type, prepared from recipe, graham cracker, chilled",4.1,24.4,63.9,484.0,1.5,560.0,5.092
172813,"Pie crust, cookie-type, prepared from recipe, vanilla wafer, chilled",3.7,36.2,50.2,531.0,0.1,515.0,7.434
167931,"Pie crust, deep dish, frozen, baked, made with enriched flour",6.1,31.84,52.47,521.0,2.3,393.0,8.862
167523,"Pie crust, deep dish, frozen, unbaked, made with enriched flour",5.52,28.74,46.79,468.0,1.4,353.0,8.129
167930,"Pie crust, refrigerated, regular, baked",3.41,28.69,58.52,506.0,1.4,472.0,11.087
167932,"Pie crust, refrigerated, regular, unbaked",2.97,25.46,51.11,445.0,1.8,409.0,9.596
175022,"Pie crust, standard-type, dry mix",6.9,31.4,52.1,518.0,,753.0,7.974
175023,"Pie crust, standard-type, dry mix, prepared, baked",6.7,30.4,50.4,501.0,1.8,729.0,7.711
175024,"Pie crust, standard-type, frozen, ready-to-bake, enriched",6.16,26.07,48.62,457.0,2.5,409.0,8.159
175025,"Pie crust, standard-type, frozen, ready-to-bake, enriched, baked",6.5,28.59,56.24,508.0,3.3,467.0,9.277
175065,"Pie crust, standard-type, frozen, ready-to-bake, unenriched",3.9,29.2,44.1,457.0,0.9,576.0,4.357
175026,"Pie crust, standard-type, prepared from recipe, baked",6.4,34.6,47.5,527.0,1.7,542.0,8.622
172814,"Pie crust, standard-type, prepared from recipe, unbaked",5.7,30.8,42.3,469.0,3.4,482.0,7.674
168822,"Pie fillings, apple, canned",0.1,0.1,26.1,100.0,1.0,47.0,0.0
167738,"Pie fillings, blueberry, canned",0.41,0.2,44.38,181.0,2.6,12.0,0.0
168824,"Pie fillings, canned, cherry",0.37,0.07,28.0,115.0,0.6,18.0,0.018
169062,"Pie fillings, cherry, low calorie",0.82,0.16,11.98,53.0,1.2,12.0,0.0
167522,"Pie, Dutch Apple, Commercially Prepared",2.17,11.5,44.54,290.0,1.6,200.0,2.313
175011,"Pie, apple, commercially prepared, enriched flour",1.9,11.0,34.0,237.0,1.6,201.0,3.797
173239,"Pie, apple, commercially prepared, unenriched flour",1.9,11.0,34.0,237.0,1.6,266.0,3.797
175012,"Pie, apple, prepared from recipe",2.4,12.5,37.1,265.0,,211.0,3.05
175013,"Pie, banana cream, prepared from mix, no-bake type",3.4,12.9,31.6,251.0,0.6,290.0,6.904
172777,"Pie, banana cream, prepared from recipe",4.4,13.6,32.9,269.0,0.7,240.0,3.758
172778,"Pie, blueberry, commercially prepared",1.8,10.0,34.9,232.0,1.0,287.0,1.679
172779,"Pie, blueberry, prepared from recipe",2.7,11.9,33.5,245.0,,185.0,2.911
172780,"Pie, cherry, commercially prepared",2.0,11.0,39.8,260.0,0.8,246.0,2.562
172781,"Pie, cherry, prepared from recipe",2.8,12.2,38.5,270.0,,191.0,2.985
175014,"Pie, chocolate creme, commercially prepared",4.15,22.41,38.44,353.0,0.8,266.0,12.449
175015,"Pie, chocolate mousse, prepared from mix, no-bake type",3.5,15.4,29.6,260.0,,460.0,8.195
175017,"Pie, coconut cream, prepared from mix, no-bake type",2.8,17.6,28.5,276.0,0.5,329.0,8.934
175016,"Pie, coconut creme, commercially prepared",2.1,16.6,37.3,298.0,1.3,204.0,6.976
172782,"Pie, coconut custard, commercially prepared",5.9,13.2,30.2,260.0,1.8,335.0,5.854
172783,"Pie, egg custard, commercially prepared",5.5,11.6,20.8,210.0,1.6,275.0,2.349
173240,"Pie, fried pies, cherry",3.0,16.1,42.6,316.0,2.6,374.0,2.457
172784,"Pie, fried pies, fruit",3.0,16.1,42.6,316.0,2.6,333.0,2.457
175064,"Pie, fried pies, lemon",3.0,16.1,42.6,316.0,2.6,374.0,2.457
172785,"Pie, lemon meringue, commercially prepared",1.5,8.7,47.2,268.0,1.2,172.0,1.766
175018,"Pie, lemon meringue, prepared from recipe",3.8,12.9,39.1,285.0,,242.0,3.185
175019,"Pie, mince, prepared from recipe",2.6,10.8,48.0,289.0,2.6,254.0,2.682
175020,"Pie, peach",1.9,10.0,32.9,224.0,0.8,217.0,1.508
175021,"Pie, pecan, commercially prepared",4.5,16.69,59.61,407.0,2.1,275.0,2.654
172786,"Pie, pecan, prepared from recipe",4.9,22.2,52.2,412.0,,262.0,3.989
172787,"Pie, pumpkin, commercially prepared",3.9,9.75,34.83,243.0,1.8,239.0,1.988
172788,"Pie, pumpkin, prepared from recipe",4.5,9.3,26.4,204.0,,225.0,3.171
172789,"Pie, vanilla cream, prepared from recipe",4.8,14.4,32.6,278.0,0.6,260.0,4.03
172472,"Pigeon peas (red gram), mature seeds, cooked, boiled, with salt",6.76,0.38,23.25,121.0,6.7,241.0,0.083
172437,"Pigeon peas (red gram), mature seeds, cooked, boiled, without salt",6.76,0.38,23.25,121.0,6.7,5.0,0.083
172436,"Pigeon peas (red gram), mature seeds, raw",21.7,1.49,62.78,343.0,15.0,17.0,0.33
170517,"Pigeonpeas, immature seeds, cooked, boiled, drained, with salt",5.96,1.36,19.49,111.0,4.2,240.0,0.365
170430,"Pigeonpeas, immature seeds, cooked, boiled, drained, without salt",5.96,1.36,19.49,111.0,4.2,5.0,0.365
170025,"Pigeonpeas, immature seeds, raw",7.2,1.64,23.88,136.0,5.1,5.0,0.354
169004,"Piki bread, made from blue cornmeal (Hopi)",9.06,7.16,72.22,390.0,9.2,60.0,0.819
167512,"Pillsbury Golden Layer Buttermilk Biscuits, Artificial Flavor, refrigerated dough",5.88,13.24,41.18,307.0,1.2,1059.0,2.941
167921,"Pillsbury Grands, Buttermilk Biscuits, refrigerated dough",6.16,11.34,42.41,293.0,1.5,1066.0,4.07
173259,"Pillsbury, Buttermilk Biscuits, Artificial Flavor, refrigerated dough",6.4,2.79,47.07,236.0,1.6,854.0,0.42
173260,"Pillsbury, Chocolate Chip Cookies, refrigerated dough",3.82,21.26,60.75,450.0,1.7,326.0,8.73
167513,"Pillsbury, Cinnamon Rolls with Icing, refrigerated dough",4.34,11.27,53.42,330.0,1.4,780.0,3.25
173261,"Pillsbury, Crusty French Loaf, refrigerated dough",8.59,2.88,46.35,243.0,2.6,575.0,0.67
168559,"Pimento, canned",1.1,0.3,5.1,23.0,1.9,14.0,0.045
168187,"Pineapple juice, canned or bottled, unsweetened, with added ascorbic acid",0.36,0.12,12.87,53.0,0.2,2.0,0.008
169947,"Pineapple juice, canned or bottled, unsweetened, without added ascorbic acid",0.36,0.12,12.87,53.0,0.2,2.0,0.008
168205,"Pineapple juice, canned, not from concentrate, unsweetened, with added vitamins A, C and E",0.36,0.14,12.18,50.0,0.2,3.0,0.0
169128,"Pineapple juice, frozen concentrate, unsweetened, diluted with 3 volume water",0.4,0.03,12.67,51.0,0.2,1.0,0.002
169948,"Pineapple juice, frozen concentrate, unsweetened, undiluted",1.3,0.1,44.3,179.0,0.7,3.0,0.007
169945,"Pineapple, canned, extra heavy syrup pack, solids and liquids",0.34,0.11,21.5,83.0,0.8,1.0,0.009
169944,"Pineapple, canned, heavy syrup pack, solids and liquids",0.35,0.11,20.2,78.0,0.8,1.0,0.009
167767,"Pineapple, canned, juice pack, drained",0.51,0.11,15.56,60.0,1.3,1.0,0.008
169126,"Pineapple, canned, juice pack, solids and liquids",0.42,0.08,15.7,60.0,0.8,1.0,0.006
169127,"Pineapple, canned, light syrup pack, solids and liquids",0.36,0.12,13.45,52.0,0.8,1.0,0.009
169125,"Pineapple, canned, water pack, solids and liquids",0.43,0.09,8.3,32.0,0.8,1.0,0.006
169946,"Pineapple, frozen, chunks, sweetened",0.4,0.1,22.2,86.0,1.1,2.0,0.007
169124,"Pineapple, raw, all varieties",0.54,0.12,13.12,50.0,1.4,1.0,0.009
168194,"Pineapple, raw, extra sweet variety",0.53,0.11,13.5,51.0,1.4,1.0,
168193,"Pineapple, raw, traditional varieties",0.55,0.13,11.82,45.0,,1.0,
169821,"Pinon Nuts, roasted (Navajo)",7.41,34.08,51.06,541.0,43.4,310.0,3.21
169129,"Pitanga, (surinam-cherry), raw",0.8,0.4,7.49,33.0,,3.0,
168957,"Pizza rolls, frozen, unprepared",8.73,9.98,50.72,328.0,1.2,599.0,2.494
170317,"Pizza, cheese topping, regular crust, frozen, cooked",10.36,12.28,29.02,268.0,2.2,447.0,4.272
170714,"Pizza, cheese topping, rising crust, frozen, cooked",12.37,8.78,32.91,260.0,2.5,556.0,3.825
170373,"Pizza, cheese topping, thin crust, frozen, cooked",11.91,11.07,28.8,263.0,3.0,471.0,5.698
170715,"Pizza, meat and vegetable topping, regular crust, frozen, cooked",11.28,14.43,25.14,276.0,2.2,555.0,5.083
170716,"Pizza, meat and vegetable topping, rising crust, frozen, cooked",12.63,11.75,28.78,271.0,2.3,640.0,4.586
172095,"Pizza, meat topping, thick crust, frozen, cooked",11.76,11.52,30.76,274.0,2.3,690.0,4.283
172096,"Pizza, pepperoni topping, regular crust, frozen, cooked",14.38,13.13,24.69,274.0,2.0,590.0,4.827
168216,"Plantains, green, boiled",1.09,0.08,29.15,121.0,2.6,2.0,0.072
168199,"Plantains, green, fried",1.5,11.81,49.17,309.0,3.5,2.0,3.69
168215,"Plantains, green, raw",1.25,0.07,36.66,152.0,2.2,2.0,0.121
169131,"Plantains, yellow, baked",1.52,0.16,41.37,155.0,2.2,2.0,0.0
168200,"Plantains, yellow, fried, Latino restaurant",1.42,7.51,40.77,236.0,3.2,6.0,1.816
169130,"Plantains, yellow, raw",1.3,0.35,31.89,122.0,1.7,4.0,0.0
168183,"Plums, canned, heavy syrup, drained",0.44,0.14,23.12,89.0,1.5,19.0,0.011
169133,"Plums, canned, purple, extra heavy syrup pack, solids and liquids",0.36,0.1,26.31,101.0,1.0,19.0,0.008
169132,"Plums, canned, purple, heavy syrup pack, solids and liquids",0.36,0.1,23.24,89.0,0.9,19.0,0.008
169951,"Plums, canned, purple, juice pack, solids and liquids",0.51,0.02,15.15,58.0,0.9,1.0,0.002
169952,"Plums, canned, purple, light syrup pack, solids and liquids",0.37,0.1,16.28,63.0,0.9,20.0,0.008
169950,"Plums, canned, purple, water pack, solids and liquids",0.39,0.01,11.03,41.0,0.9,1.0,0.001
167752,"Plums, dried (prunes), stewed, with added sugar",1.09,0.22,32.88,124.0,3.8,2.0,0.017
167751,"Plums, dried (prunes), stewed, without added sugar",0.96,0.16,28.08,107.0,3.1,1.0,0.01
168162,"Plums, dried (prunes), uncooked",2.18,0.38,63.88,240.0,7.1,2.0,0.088
169949,"Plums, raw",0.7,0.28,11.42,46.0,1.4,0.0,0.017
169820,"Plums, wild (Northern Plains Indians)",0.43,0.17,21.95,91.0,6.0,4.0,
170431,Poi,0.38,0.14,27.23,112.0,0.4,12.0,0.029
170518,"Pokeberry shoots, (poke), cooked, boiled, drained, with salt",2.3,0.4,3.1,20.0,1.5,254.0,
170433,"Pokeberry shoots, (poke), cooked, boiled, drained, without salt",2.3,0.4,3.1,20.0,1.5,18.0,0.092
170432,"Pokeberry shoots, (poke), raw",2.6,0.4,3.7,23.0,1.7,23.0,
174577,"Polish sausage, pork",14.1,28.72,1.63,326.0,0.0,876.0,10.33
167787,"Pomegranate juice, bottled",0.15,0.29,13.13,54.0,0.1,9.0,0.077
169134,"Pomegranates, raw",1.67,1.17,18.7,83.0,4.0,3.0,0.12
168139,"Popcorn, microwave, low fat and sodium",12.6,9.5,73.39,429.0,14.2,490.0,1.415
173141,"Popcorn, microwave, regular (butter) flavor, made with palm oil",8.38,30.22,57.26,535.0,10.0,763.0,14.598
169685,"Popcorn, sugar syrup/caramel, fat-free",2.0,1.4,90.06,381.0,2.5,286.0,0.2
172792,"Popovers, dry mix, enriched",10.4,4.3,71.0,371.0,,906.0,0.983
175066,"Popovers, dry mix, unenriched",10.4,4.3,71.0,371.0,,906.0,0.983
168377,"Pork loin, fresh, backribs, bone-in, cooked-roasted, lean only",24.15,17.65,0.0,255.0,0.0,98.0,6.221
168376,"Pork loin, fresh, backribs, bone-in, raw, lean only",20.85,9.84,0.0,172.0,0.0,95.0,3.477
167698,"Pork sausage rice links, brown and serve, cooked",13.7,37.63,2.36,407.0,0.0,689.0,12.825
174578,"Pork sausage, link/patty, cooked, pan-fried",18.53,27.25,1.42,325.0,0.0,814.0,8.826
172971,"Pork sausage, link/patty, fully cooked, microwaved",15.12,41.66,0.62,438.0,0.0,990.0,13.557
173876,"Pork sausage, link/patty, fully cooked, unheated",13.46,37.25,0.69,392.0,0.0,810.0,12.129
171636,"Pork sausage, link/patty, reduced fat, cooked, pan-fried",20.94,20.32,0.15,267.0,0.0,698.0,6.034
171635,"Pork sausage, link/patty, reduced fat, unprepared",16.75,16.55,0.2,217.0,0.0,581.0,4.368
172934,"Pork sausage, link/patty, unprepared",15.39,24.8,0.93,288.0,0.0,739.0,7.57
173882,"Pork sausage, reduced sodium, cooked",9.41,22.35,8.13,271.0,0.0,294.0,8.235
169186,"Pork, Leg Cap Steak, boneless, separable lean and fat, raw",21.64,3.39,0.0,123.0,0.0,73.0,1.187
168370,"Pork, Leg sirloin tip roast, boneless, separable lean and fat, cooked, braised",31.11,2.56,0.0,156.0,0.0,43.0,0.791
168371,"Pork, Leg sirloin tip roast, boneless, separable lean and fat, raw",22.88,1.71,0.0,113.0,0.0,50.0,0.524
169188,"Pork, Shoulder breast, boneless, separable lean and fat, cooked, broiled",28.47,4.49,0.0,162.0,0.0,54.0,1.325
169187,"Pork, Shoulder breast, boneless, separable lean and fat, raw",22.54,3.4,0.0,127.0,0.0,54.0,1.074
168369,"Pork, Shoulder petite tender, boneless, separable lean and fat, raw",21.65,3.91,0.0,128.0,0.0,50.0,1.012
168324,"Pork, bacon, rendered fat, cooked",0.07,99.5,0.0,898.0,0.0,27.0,31.991
167914,"Pork, cured, bacon, cooked, baked",35.73,43.27,1.35,548.0,0.0,2193.0,14.187
167712,"Pork, cured, bacon, cooked, broiled, pan-fried or roasted, reduced sodium",37.04,41.78,1.43,541.0,0.0,1030.0,13.739
168321,"Pork, cured, bacon, cooked, microwaved",39.01,34.12,0.48,476.0,0.0,1783.0,11.644
168322,"Pork, cured, bacon, pre-sliced, cooked, pan-fried",33.92,35.09,1.7,468.0,0.0,1684.0,11.964
168277,"Pork, cured, bacon, unprepared",13.66,37.13,0.0,393.0,0.0,751.0,12.615
168278,"Pork, cured, breakfast strips, raw or unheated",11.74,37.16,0.7,388.0,0.0,987.0,12.91
167870,"Pork, cured, feet, pickled",11.63,10.02,0.01,140.0,0.0,946.0,2.945
169164,"Pork, cured, ham -- water added, rump, bone-in, separable lean and fat, heated, roasted",20.1,8.56,0.99,161.0,0.0,1101.0,2.897
168348,"Pork, cured, ham -- water added, rump, bone-in, separable lean and fat, unheated",13.99,12.5,0.8,172.0,0.0,1069.0,4.176
167915,"Pork, cured, ham -- water added, rump, bone-in, separable lean only, heated, roasted",21.41,3.56,0.87,121.0,0.0,1150.0,1.254
167916,"Pork, cured, ham -- water added, rump, bone-in, separable lean only, unheated",15.43,3.48,0.67,95.0,0.0,1170.0,1.227
169165,"Pork, cured, ham -- water added, shank, bone-in, separable lean and fat, heated, roasted",18.62,13.37,1.35,200.0,0.0,988.0,4.371
168347,"Pork, cured, ham -- water added, shank, bone-in, separable lean and fat, unheated",16.65,11.02,0.66,167.0,0.0,964.0,3.607
167917,"Pork, cured, ham -- water added, shank, bone-in, separable lean only, heated, roasted",20.92,4.43,1.2,128.0,0.0,1060.0,1.402
168336,"Pork, cured, ham -- water added, shank, bone-in, separable lean only, unheated",18.65,1.87,0.71,91.0,0.0,1040.0,0.592
169166,"Pork, cured, ham -- water added, slice, bone-in, separable lean and fat, heated, pan-broil",20.8,8.73,1.54,166.0,0.0,1309.0,2.901
168346,"Pork, cured, ham -- water added, slice, bone-in, separable lean and fat, unheated",15.73,10.77,1.1,164.0,0.0,1011.0,3.554
167918,"Pork, cured, ham -- water added, slice, bone-in, separable lean only, heated, pan-broil",22.04,4.3,1.48,131.0,0.0,1374.0,1.439
169151,"Pork, cured, ham -- water added, slice, bone-in, separable lean only, unheated",17.38,2.29,1.23,95.0,0.0,1090.0,0.768
169167,"Pork, cured, ham -- water added, slice, boneless, separable lean and fat, heated, pan-broil",18.62,5.05,1.72,125.0,0.0,1212.0,1.717
168329,"Pork, cured, ham -- water added, slice, boneless, separable lean only, heated, pan-broil",18.82,4.09,1.75,119.0,0.0,1223.0,1.401
168349,"Pork, cured, ham -- water added, whole, boneless, separable lean and fat, heated, roasted",17.77,5.48,1.54,126.0,0.0,1181.0,1.787
168345,"Pork, cured, ham -- water added, whole, boneless, separable lean and fat, unheated",17.06,5.38,1.42,121.0,0.0,1126.0,1.889
169148,"Pork, cured, ham -- water added, whole, boneless, separable lean only, heated, roasted",17.99,4.39,1.57,117.0,0.0,1193.0,1.424
169149,"Pork, cured, ham -- water added, whole, boneless, separable lean only, unheated",17.34,3.97,1.45,110.0,0.0,1141.0,1.428
168350,"Pork, cured, ham and water product, rump, bone-in, separable lean and fat, heated, roasted",19.46,11.48,1.15,186.0,0.0,1181.0,3.783
169163,"Pork, cured, ham and water product, rump, bone-in, separable lean and fat, unheated",16.09,12.13,1.35,179.0,0.0,990.0,3.984
168332,"Pork, cured, ham and water product, rump, bone-in, separable lean only, heated, roasted",21.28,4.7,1.15,131.0,0.0,1267.0,1.536
169152,"Pork, cured, ham and water product, rump, bone-in, separable lean only, unheated",17.93,3.38,1.24,107.0,0.0,1070.0,1.105
168351,"Pork, cured, ham and water product, shank, bone-in, separable lean and fat, heated, roasted",18.17,17.29,1.42,234.0,0.0,945.0,5.715
169162,"Pork, cured, ham and water product, shank, bone-in, separable lean and fat, unheated",14.28,20.0,1.42,243.0,0.0,936.0,6.583
169150,"Pork, cured, ham and water product, shank, bone-in, separable lean only, heated, roasted",21.69,4.45,1.26,132.0,0.0,1045.0,1.471
169154,"Pork, cured, ham and water product, shank, bone-in, unheated, separable lean only",17.53,4.18,1.2,113.0,0.0,1090.0,1.384
168352,"Pork, cured, ham and water product, slice, bone-in, separable lean and fat, heated, pan-broil",19.85,7.78,1.41,155.0,0.0,1188.0,2.586
169161,"Pork, cured, ham and water product, slice, bone-in, separable lean and fat, unheated",13.69,9.29,2.72,149.0,0.0,1099.0,3.076
168325,"Pork, cured, ham and water product, slice, bone-in, separable lean only, heated, pan-broil",20.9,3.63,1.35,122.0,0.0,1237.0,1.217
169153,"Pork, cured, ham and water product, slice, bone-in, separable lean only, unheated",14.47,3.78,2.82,103.0,0.0,1160.0,1.266
169168,"Pork, cured, ham and water product, slice, boneless, separable lean and fat, heated, pan-broil",15.08,5.13,4.69,124.0,0.0,1389.0,1.553
168326,"Pork, cured, ham and water product, slice, boneless, separable lean only, heated, pan-broil",15.09,5.06,4.69,123.0,0.0,1390.0,1.528
169169,"Pork, cured, ham and water product, whole, boneless, separable lean and fat, heated, roasted",13.88,5.46,4.61,123.0,0.0,1335.0,1.841
169160,"Pork, cured, ham and water product, whole, boneless, separable lean and fat, unheated",14.05,4.99,4.21,117.0,0.0,1308.0,1.489
168327,"Pork, cured, ham and water product, whole, boneless, separable lean only, heated, roasted",13.88,5.46,4.61,123.0,0.0,1335.0,1.841
168328,"Pork, cured, ham and water product, whole, boneless, separable lean only, unheated",14.07,4.86,4.22,116.0,0.0,1310.0,1.447
169170,"Pork, cured, ham with natural juices, rump, bone-in, separable lean and fat, heated, roasted",22.47,9.39,0.6,177.0,0.0,841.0,3.116
168344,"Pork, cured, ham with natural juices, rump, bone-in, separable lean and fat, unheated",19.7,13.26,0.43,200.0,0.0,838.0,4.373
167919,"Pork, cured, ham with natural juices, rump, bone-in, separable lean only, heated, roasted",24.14,4.25,0.48,137.0,0.0,861.0,1.418
168337,"Pork, cured, ham with natural juices, rump, bone-in, separable lean only, unheated",22.71,3.47,0.43,122.0,0.0,893.0,1.16
169171,"Pork, cured, ham with natural juices, shank, bone-in, separable lean and fat, heated, roasted",22.88,10.93,0.33,191.0,0.0,801.0,3.545
168343,"Pork, cured, ham with natural juices, shank, bone-in, separable lean and fat, unheated",22.35,11.11,0.32,191.0,0.0,779.0,3.614
167920,"Pork, cured, ham with natural juices, shank, bone-in, separable lean only, heated, roasted",24.95,4.97,0.34,145.0,0.0,820.0,1.564
168338,"Pork, cured, ham with natural juices, shank, bone-in, separable lean only, unheated",25.11,3.33,0.3,130.0,0.0,809.0,1.048
169172,"Pork, cured, ham with natural juices, slice, bone-in, separable lean and fat, heated, pan-broil",26.18,8.28,0.17,180.0,0.0,821.0,2.427
168342,"Pork, cured, ham with natural juices, slice, bone-in, separable lean and fat, unheated",22.82,7.4,0.17,159.0,0.0,839.0,2.236
168330,"Pork, cured, ham with natural juices, slice, bone-in, separable lean only, heated, pan-broil",27.75,4.38,0.0,150.0,0.0,835.0,1.11
168339,"Pork, cured, ham with natural juices, slice, bone-in, separable lean only, unheated",24.34,2.87,0.0,123.0,0.0,861.0,0.726
168353,"Pork, cured, ham with natural juices, slice, boneless, separable lean and fat, heated, pan-broil",20.89,3.4,1.04,118.0,0.0,1160.0,1.054
168333,"Pork, cured, ham with natural juices, slice, boneless, separable lean only, heated, pan-broil",20.95,3.16,1.05,116.0,0.0,1163.0,0.975
168354,"Pork, cured, ham with natural juices, spiral slice, boneless, separable lean and fat, heated, roasted",22.18,5.1,1.06,139.0,0.0,977.0,0.95
168341,"Pork, cured, ham with natural juices, spiral slice, boneless, separable lean and fat, unheated",18.66,5.75,1.18,129.0,0.0,881.0,1.833
168340,"Pork, cured, ham with natural juices, spiral slice, boneless, separable lean only, unheated",19.25,3.26,1.22,109.0,0.0,895.0,1.009
168331,"Pork, cured, ham with natural juices, spiral slice, meat only, boneless, separable lean only, heated, roasted",22.56,3.78,1.08,126.0,0.0,986.0,0.493
168355,"Pork, cured, ham with natural juices, whole, boneless, separable lean and fat, heated, roasted",20.54,3.13,0.84,114.0,0.0,1179.0,1.084
169159,"Pork, cured, ham with natural juices, whole, boneless, separable lean and fat, unheated",19.38,3.43,1.02,112.0,0.0,1096.0,1.005
168334,"Pork, cured, ham with natural juices, whole, boneless, separable lean only, heated, roasted",20.57,3.01,0.84,113.0,0.0,1180.0,1.044
168335,"Pork, cured, ham with natural juices, whole, boneless, separable lean only, unheated",19.44,3.21,1.03,111.0,0.0,1098.0,0.934
167871,"Pork, cured, ham, boneless, extra lean (approximately 5% fat), roasted",20.93,5.53,1.5,145.0,0.0,1203.0,1.81
168296,"Pork, cured, ham, boneless, extra lean and regular, roasted",21.97,7.66,0.5,165.0,0.0,1385.0,2.61
168295,"Pork, cured, ham, boneless, extra lean and regular, unheated",18.26,8.39,2.28,162.0,0.0,1278.0,2.7
168111,"Pork, cured, ham, boneless, low sodium, extra lean (approximately 5% fat), roasted",20.9,5.5,1.5,145.0,0.0,969.0,1.801
169906,"Pork, cured, ham, boneless, low sodium, extra lean and regular, roasted",22.0,7.7,0.5,165.0,0.0,969.0,2.624
167872,"Pork, cured, ham, boneless, regular (approximately 11% fat), roasted",22.62,9.02,0.0,178.0,0.0,1500.0,3.12
168282,"Pork, cured, ham, center slice, country-style, separable lean only, raw",27.8,8.32,0.3,195.0,0.0,2695.0,2.78
168283,"Pork, cured, ham, center slice, separable lean and fat, unheated",20.17,12.9,0.05,203.0,0.0,1386.0,4.572
168280,"Pork, cured, ham, extra lean (approximately 4% fat), canned, roasted",21.16,4.88,0.52,136.0,0.0,1135.0,1.6
168279,"Pork, cured, ham, extra lean (approximately 4% fat), canned, unheated",18.49,4.56,0.0,120.0,0.0,1255.0,1.51
167886,"Pork, cured, ham, extra lean and regular, canned, roasted",20.94,8.43,0.49,167.0,0.0,1068.0,2.81
167885,"Pork, cured, ham, extra lean and regular, canned, unheated",17.97,7.46,0.0,144.0,0.0,1276.0,2.45
168110,"Pork, cured, ham, low sodium, lean and fat, cooked",22.3,8.3,0.3,172.0,0.0,969.0,2.781
167873,"Pork, cured, ham, patties, unheated",12.78,28.19,1.69,315.0,0.0,1088.0,10.13
168281,"Pork, cured, ham, regular (approximately 13% fat), canned, roasted",20.53,15.2,0.42,226.0,0.0,941.0,5.04
168356,"Pork, cured, ham, rump, bone-in, separable lean and fat, heated, roasted",23.95,8.88,0.64,177.0,0.0,826.0,2.85
168367,"Pork, cured, ham, rump, bone-in, separable lean and fat, unheated",22.27,9.38,0.52,176.0,0.0,722.0,3.008
169173,"Pork, cured, ham, rump, bone-in, separable lean only, heated, roasted",26.02,3.07,0.68,132.0,0.0,846.0,0.917
169174,"Pork, cured, ham, rump, bone-in, separable lean only, unheated",24.46,2.92,0.32,125.0,0.0,737.0,0.874
169155,"Pork, cured, ham, separable fat, boneless, heated",8.77,51.57,2.0,507.0,0.0,677.0,17.048
169156,"Pork, cured, ham, separable fat, boneless, unheated",7.5,53.0,1.87,515.0,0.0,616.0,17.433
168357,"Pork, cured, ham, shank, bone-in, separable lean and fat, heated, roasted",24.39,9.35,0.64,191.0,0.0,810.0,3.018
168358,"Pork, cured, ham, shank, bone-in, separable lean and fat, unheated",21.61,9.85,0.41,177.0,0.0,816.0,3.18
169175,"Pork, cured, ham, shank, bone-in, separable lean only, heated, roasted",26.49,3.68,0.68,139.0,0.0,828.0,1.134
169176,"Pork, cured, ham, shank, bone-in, separable lean only, unheated",23.79,3.19,0.18,125.0,0.0,846.0,0.981
168359,"Pork, cured, ham, slice, bone-in, separable lean and fat, heated, pan-broil",25.48,8.48,0.7,181.0,0.0,852.0,2.75
169177,"Pork, cured, ham, slice, bone-in, separable lean and fat, unheated",22.45,9.17,0.21,173.0,0.0,744.0,2.945
169158,"Pork, cured, ham, slice, bone-in, separable lean only, heated, pan-broil",27.18,4.09,0.74,148.0,0.0,870.0,1.253
168360,"Pork, cured, ham, slice, bone-in, separable lean only, unheated",24.36,3.59,0.0,130.0,0.0,760.0,1.099
167874,"Pork, cured, ham, steak, boneless, extra lean, unheated",19.56,4.25,0.0,122.0,0.0,1269.0,1.44
167875,"Pork, cured, ham, whole, separable lean and fat, unheated",18.49,18.52,0.06,246.0,0.0,1284.0,6.62
168284,"Pork, cured, ham, whole, separable lean only, roasted",25.05,5.5,0.0,157.0,0.0,1327.0,1.84
167876,"Pork, cured, ham, whole, separable lean only, unheated",22.32,5.71,0.05,147.0,0.0,1516.0,1.92
168287,"Pork, cured, salt pork, raw",5.05,80.5,0.0,748.0,0.0,2684.0,29.38
167878,"Pork, cured, separable fat (from ham and arm picnic), roasted",7.64,61.86,0.0,591.0,0.0,624.0,22.69
167877,"Pork, cured, separable fat (from ham and arm picnic), unheated",5.68,61.41,0.09,579.0,0.0,505.0,22.52
167879,"Pork, cured, shoulder, arm picnic, separable lean and fat, roasted",20.43,21.35,0.0,280.0,0.0,1072.0,7.67
167880,"Pork, cured, shoulder, arm picnic, separable lean only, roasted",24.94,7.04,0.0,170.0,0.0,1231.0,2.36
168289,"Pork, cured, shoulder, blade roll, separable lean and fat, roasted",17.28,23.48,0.37,287.0,0.0,973.0,8.38
168288,"Pork, cured, shoulder, blade roll, separable lean and fat, unheated",16.47,21.98,0.0,269.0,0.0,1250.0,7.939
167811,"Pork, fresh, backfat, raw",2.92,88.69,0.0,812.0,0.0,11.0,32.21
168300,"Pork, fresh, backribs, separable lean and fat, cooked, roasted",23.01,21.51,0.0,292.0,0.0,94.0,7.8
168299,"Pork, fresh, backribs, separable lean and fat, raw",19.07,16.33,0.0,224.0,0.0,87.0,5.783
167812,"Pork, fresh, belly, raw",9.34,53.01,0.0,518.0,0.0,32.0,19.33
168380,"Pork, fresh, blade, (chops), boneless, separable lean and fat, cooked, broiled",24.73,11.13,0.83,202.0,0.0,58.0,3.28
168219,"Pork, fresh, carcass, separable lean and fat, raw",13.91,35.07,0.0,376.0,0.0,42.0,12.44
168218,"Pork, fresh, composite of separable fat, with added solution, cooked",10.06,60.42,0.32,585.0,0.0,125.0,21.382
169179,"Pork, fresh, composite of separable fat, with added solution, raw",9.27,52.33,0.0,508.0,0.0,81.0,18.488
167810,"Pork, fresh, composite of trimmed leg, loin, shoulder, and spareribs, (includes cuts to be cured), separable lean and fat, raw",18.22,14.79,0.0,211.0,0.0,57.0,4.918
167855,"Pork, fresh, composite of trimmed retail cuts (leg, loin, and shoulder), separable lean only, cooked",27.51,9.21,0.0,201.0,0.0,55.0,3.092
168220,"Pork, fresh, composite of trimmed retail cuts (leg, loin, shoulder), separable lean only, raw",21.2,4.86,0.0,134.0,0.0,59.0,1.625
168297,"Pork, fresh, composite of trimmed retail cuts (leg, loin, shoulder, and spareribs), separable lean and fat, cooked",26.36,13.89,0.0,238.0,0.0,57.0,4.893
167888,"Pork, fresh, composite of trimmed retail cuts (leg, loin, shoulder, and spareribs), separable lean and fat, raw",18.95,14.95,0.0,216.0,0.0,55.0,5.28
167906,"Pork, fresh, composite of trimmed retail cuts (loin and shoulder blade), separable lean and fat, cooked",26.07,13.66,0.0,235.0,0.0,55.0,4.703
168316,"Pork, fresh, composite of trimmed retail cuts (loin and shoulder blade), separable lean and fat, raw",20.08,10.14,0.0,177.0,0.0,54.0,3.106
167908,"Pork, fresh, composite of trimmed retail cuts (loin and shoulder blade), separable lean only, cooked",29.47,9.44,0.0,211.0,0.0,57.0,3.34
167907,"Pork, fresh, composite of trimmed retail cuts (loin and shoulder blade), separable lean only, raw",21.23,5.88,0.0,144.0,0.0,54.0,2.03
168361,"Pork, fresh, enhanced, loin, tenderloin, separable lean only, raw",20.39,2.09,0.0,106.0,0.0,243.0,0.671
167903,"Pork, fresh, ground, cooked",25.69,20.77,0.0,297.0,0.0,73.0,7.72
167902,"Pork, fresh, ground, raw",16.88,21.19,0.0,263.0,0.0,56.0,7.87
167815,"Pork, fresh, leg (ham), rump half, separable lean and fat, cooked, roasted",27.03,10.32,0.0,209.0,0.0,77.0,3.369
167814,"Pork, fresh, leg (ham), rump half, separable lean and fat, raw",20.27,10.63,0.0,182.0,0.0,73.0,3.526
167817,"Pork, fresh, leg (ham), rump half, separable lean only, cooked, roasted",28.86,4.62,0.0,165.0,0.0,80.0,1.451
167816,"Pork, fresh, leg (ham), rump half, separable lean only, raw (Includes foods for USDA's Food Distribution Program)",21.81,2.93,0.0,120.0,0.0,76.0,0.947
168227,"Pork, fresh, leg (ham), shank half, separable lean and fat, cooked, roasted",25.96,13.42,0.0,232.0,0.0,81.0,4.609
168226,"Pork, fresh, leg (ham), shank half, separable lean and fat, raw",19.87,11.96,0.0,193.0,0.0,84.0,3.942
168229,"Pork, fresh, leg (ham), shank half, separable lean only, cooked, roasted",28.69,5.83,0.0,175.0,0.0,84.0,1.837
168228,"Pork, fresh, leg (ham), shank half, separable lean only, raw",21.66,2.95,0.0,119.0,0.0,90.0,0.917
168223,"Pork, fresh, leg (ham), whole, separable lean and fat, cooked, roasted",26.83,17.61,0.0,273.0,0.0,60.0,6.47
168222,"Pork, fresh, leg (ham), whole, separable lean and fat, raw",17.43,18.87,0.0,245.0,0.0,47.0,6.54
168225,"Pork, fresh, leg (ham), whole, separable lean only, cooked, roasted",29.41,9.44,0.0,211.0,0.0,64.0,3.3
168224,"Pork, fresh, leg (ham), whole, separable lean only, raw",20.48,5.41,0.0,136.0,0.0,55.0,1.87
167822,"Pork, fresh, loin, blade (chops or roasts), bone-in, separable lean and fat, raw",19.56,12.27,0.0,194.0,0.0,69.0,4.27
168234,"Pork, fresh, loin, blade (chops or roasts), bone-in, separable lean only, raw",21.22,5.84,0.0,143.0,0.0,73.0,1.974
168381,"Pork, fresh, loin, blade (chops or roasts), boneless, separable lean and fat only, raw",20.54,7.94,0.76,157.0,0.0,64.0,2.767
169194,"Pork, fresh, loin, blade (chops or roasts), boneless, separable lean only, raw",21.35,3.78,0.82,123.0,0.0,65.0,1.384
167823,"Pork, fresh, loin, blade (chops), bone-in, separable lean and fat, cooked, braised",26.54,15.71,0.0,255.0,0.0,69.0,4.487
167824,"Pork, fresh, loin, blade (chops), bone-in, separable lean and fat, cooked, broiled",23.72,14.35,0.0,231.0,0.0,74.0,4.339
167884,"Pork, fresh, loin, blade (chops), bone-in, separable lean and fat, cooked, pan-fried",25.02,16.56,0.0,256.0,0.0,85.0,4.266
168235,"Pork, fresh, loin, blade (chops), bone-in, separable lean only, cooked, braised",28.02,11.29,0.0,222.0,0.0,70.0,2.59
168236,"Pork, fresh, loin, blade (chops), bone-in, separable lean only, cooked, broiled",24.99,9.56,0.0,193.0,0.0,76.0,2.322
167868,"Pork, fresh, loin, blade (chops), bone-in, separable lean only, cooked, pan-fried",26.38,12.14,0.0,222.0,0.0,88.0,2.557
169196,"Pork, fresh, loin, blade (chops), boneless, separable lean only, boneless, cooked, broiled",26.14,6.74,0.89,169.0,0.0,58.0,1.638
167825,"Pork, fresh, loin, blade (roasts), bone-in, separable lean and fat, cooked, roasted",24.29,16.71,0.0,254.0,0.0,76.0,5.9
168237,"Pork, fresh, loin, blade (roasts), bone-in, separable lean only, cooked, roasted",25.7,11.89,0.0,217.0,0.0,78.0,3.934
169198,"Pork, fresh, loin, blade (roasts), boneless, separable lean and fat, cooked, roasted",26.48,10.32,0.0,199.0,0.0,67.0,3.706
169195,"Pork, fresh, loin, blade (roasts), boneless, separable lean only, cooked, roasted",27.58,7.14,0.0,175.0,0.0,68.0,2.56
167826,"Pork, fresh, loin, center loin (chops), bone-in, separable lean and fat, cooked, braised",28.21,13.51,0.0,242.0,0.0,73.0,4.934
167827,"Pork, fresh, loin, center loin (chops), bone-in, separable lean and fat, cooked, broiled",25.61,11.06,0.0,209.0,0.0,55.0,3.518
168292,"Pork, fresh, loin, center loin (chops), bone-in, separable lean and fat, cooked, pan-fried",27.63,13.32,0.0,238.0,0.0,94.0,4.867
168238,"Pork, fresh, loin, center loin (chops), bone-in, separable lean and fat, raw",20.71,9.03,0.0,170.0,0.0,55.0,2.993
168239,"Pork, fresh, loin, center loin (chops), bone-in, separable lean only, cooked, braised",30.2,7.86,0.0,200.0,0.0,75.0,2.671
168240,"Pork, fresh, loin, center loin (chops), bone-in, separable lean only, cooked, broiled",26.76,7.29,0.0,180.0,0.0,56.0,2.156
167882,"Pork, fresh, loin, center loin (chops), bone-in, separable lean only, cooked, pan-fried",29.56,7.66,0.0,195.0,0.0,99.0,2.597
167829,"Pork, fresh, loin, center loin (chops), bone-in, separable lean only, raw",21.99,3.71,0.0,127.0,0.0,58.0,1.098
168298,"Pork, fresh, loin, center loin (chops), boneless, separable lean and fat, cooked, pan-broiled",26.68,13.6,0.0,229.0,0.0,86.0,4.89
168286,"Pork, fresh, loin, center loin (chops), boneless, separable lean and fat, raw",21.14,12.96,0.0,201.0,0.0,82.0,4.413
168285,"Pork, fresh, loin, center loin (chops), boneless, separable lean only, cooked, pan-broiled",30.02,4.65,0.0,162.0,0.0,91.0,1.658
168263,"Pork, fresh, loin, center loin (chops), boneless, separable lean only, raw",23.75,3.09,0.0,123.0,0.0,87.0,0.801
167828,"Pork, fresh, loin, center loin (roasts), bone-in, separable lean and fat, cooked, roasted",27.01,12.8,0.0,231.0,0.0,83.0,4.859
168241,"Pork, fresh, loin, center loin (roasts), bone-in, separable lean only, cooked, roasted",28.58,7.95,0.0,194.0,0.0,86.0,2.932
168242,"Pork, fresh, loin, center rib (chops or roasts), bone-in, separable lean and fat, raw",20.28,11.04,0.0,186.0,0.0,56.0,2.365
167833,"Pork, fresh, loin, center rib (chops or roasts), bone-in, separable lean only, raw",21.79,4.8,0.0,136.0,0.0,60.0,1.617
167889,"Pork, fresh, loin, center rib (chops or roasts), boneless, separable lean and fat, raw",19.9,14.01,0.0,211.0,0.0,42.0,4.86
168302,"Pork, fresh, loin, center rib (chops or roasts), boneless, separable lean only, raw",21.8,6.48,0.0,152.0,0.0,45.0,2.24
167830,"Pork, fresh, loin, center rib (chops), bone-in, separable lean and fat, cooked, braised",26.66,16.28,0.0,261.0,0.0,70.0,5.435
167831,"Pork, fresh, loin, center rib (chops), bone-in, separable lean and fat, cooked, broiled",24.42,13.04,0.0,222.0,0.0,55.0,4.486
168293,"Pork, fresh, loin, center rib (chops), bone-in, separable lean and fat, cooked, pan-fried",26.81,15.71,0.0,256.0,0.0,84.0,5.056
168243,"Pork, fresh, loin, center rib (chops), bone-in, separable lean only, cooked, braised",29.03,9.32,0.0,208.0,0.0,72.0,2.389
168244,"Pork, fresh, loin, center rib (chops), bone-in, separable lean only, cooked, broiled",25.79,8.36,0.0,186.0,0.0,57.0,2.816
167883,"Pork, fresh, loin, center rib (chops), bone-in, separable lean only, cooked, pan-fried",28.84,9.73,0.0,211.0,0.0,88.0,2.563
167890,"Pork, fresh, loin, center rib (chops), boneless, separable lean and fat, cooked, braised",26.29,15.79,0.0,255.0,0.0,40.0,6.12
167891,"Pork, fresh, loin, center rib (chops), boneless, separable lean and fat, cooked, broiled",27.63,15.76,0.0,260.0,0.0,62.0,5.79
167892,"Pork, fresh, loin, center rib (chops), boneless, separable lean and fat, cooked, pan-fried",25.82,18.05,0.0,273.0,0.0,50.0,6.72
168303,"Pork, fresh, loin, center rib (chops), boneless, separable lean only, cooked, braised",27.95,10.14,0.0,211.0,0.0,41.0,3.96
168304,"Pork, fresh, loin, center rib (chops), boneless, separable lean only, cooked, broiled",29.46,10.05,0.0,216.0,0.0,65.0,3.57
167893,"Pork, fresh, loin, center rib (chops), boneless, separable lean only, cooked, pan-fried",27.68,11.8,0.0,224.0,0.0,52.0,4.3
167832,"Pork, fresh, loin, center rib (roasts), bone-in, separable lean and fat, cooked, roasted",26.99,14.68,0.0,248.0,0.0,91.0,5.442
168245,"Pork, fresh, loin, center rib (roasts), bone-in, separable lean only, cooked, roasted",28.82,9.21,0.0,206.0,0.0,95.0,3.254
168301,"Pork, fresh, loin, center rib (roasts), boneless, separable lean and fat, cooked, roasted",26.99,15.15,0.0,252.0,0.0,48.0,5.35
167894,"Pork, fresh, loin, center rib (roasts), boneless, separable lean only, cooked, roasted",28.81,10.13,0.0,214.0,0.0,50.0,3.54
169200,"Pork, fresh, loin, country-style ribs, separable lean and fat, bone-in, cooked, broiled",25.58,17.56,0.0,260.0,0.0,81.0,5.311
167897,"Pork, fresh, loin, country-style ribs, separable lean and fat, bone-in, cooked, roasted",21.75,29.46,0.0,359.0,0.0,52.0,10.689
169199,"Pork, fresh, loin, country-style ribs, separable lean and fat, boneless, cooked, broiled",26.28,15.73,0.0,247.0,0.0,58.0,4.408
169201,"Pork, fresh, loin, country-style ribs, separable lean and fat, boneless, cooked, roasted",26.4,18.31,0.0,270.0,0.0,70.0,6.581
167896,"Pork, fresh, loin, country-style ribs, separable lean and fat, cooked, braised",26.49,17.71,0.0,273.0,0.0,58.0,6.302
167895,"Pork, fresh, loin, country-style ribs, separable lean and fat, raw",19.34,11.82,0.0,189.0,0.0,63.0,2.37
168378,"Pork, fresh, loin, country-style ribs, separable lean only, bone-in, cooked, broiled",27.83,11.65,0.0,216.0,0.0,84.0,3.096
168307,"Pork, fresh, loin, country-style ribs, separable lean only, bone-in, cooked, roasted",29.2,11.38,0.0,227.0,0.0,91.0,3.766
169197,"Pork, fresh, loin, country-style ribs, separable lean only, boneless, cooked, broiled",27.83,11.65,0.0,216.0,0.0,58.0,2.831
168379,"Pork, fresh, loin, country-style ribs, separable lean only, boneless, cooked, roasted",29.2,11.38,0.0,219.0,0.0,72.0,4.079
168306,"Pork, fresh, loin, country-style ribs, separable lean only, cooked, braised",27.74,14.26,0.0,247.0,0.0,60.0,5.086
168305,"Pork, fresh, loin, country-style ribs, separable lean only, raw",20.76,5.64,0.0,140.0,0.0,67.0,2.012
168246,"Pork, fresh, loin, sirloin (chops or roasts), bone-in, separable lean and fat, raw",20.48,8.96,0.0,168.0,0.0,57.0,2.978
167837,"Pork, fresh, loin, sirloin (chops or roasts), bone-in, separable lean only, raw",21.65,4.02,0.0,129.0,0.0,59.0,
168308,"Pork, fresh, loin, sirloin (chops or roasts), boneless, separable lean and fat, raw",22.49,4.05,0.0,133.0,0.0,63.0,1.393
167901,"Pork, fresh, loin, sirloin (chops or roasts), boneless, separable lean only, raw",22.81,2.59,0.0,121.0,0.0,63.0,0.906
167834,"Pork, fresh, loin, sirloin (chops), bone-in, separable lean and fat, cooked, braised",28.81,12.31,0.0,234.0,0.0,58.0,4.294
167835,"Pork, fresh, loin, sirloin (chops), bone-in, separable lean and fat, cooked, broiled",26.96,11.82,0.0,222.0,0.0,86.0,4.045
167838,"Pork, fresh, loin, sirloin (chops), bone-in, separable lean only, cooked, braised",31.0,6.9,0.0,195.0,0.0,58.0,2.327
168247,"Pork, fresh, loin, sirloin (chops), bone-in, separable lean only, cooked, broiled",29.29,5.45,0.0,174.0,0.0,89.0,1.718
167898,"Pork, fresh, loin, sirloin (chops), boneless, separable lean and fat, cooked, braised",28.41,5.47,0.0,171.0,0.0,56.0,1.87
167899,"Pork, fresh, loin, sirloin (chops), boneless, separable lean and fat, cooked, broiled",28.19,5.53,0.0,170.0,0.0,65.0,1.785
168309,"Pork, fresh, loin, sirloin (chops), boneless, separable lean only, cooked, braised",28.75,4.5,0.0,163.0,0.0,56.0,1.517
168310,"Pork, fresh, loin, sirloin (chops), boneless, separable lean only, cooked, broiled",28.6,4.36,0.0,161.0,0.0,66.0,1.357
167836,"Pork, fresh, loin, sirloin (roasts), bone-in, separable lean and fat, cooked, roasted",26.64,12.87,0.0,230.0,0.0,57.0,4.113
168248,"Pork, fresh, loin, sirloin (roasts), bone-in, separable lean only, cooked, roasted",27.78,9.44,0.0,204.0,0.0,59.0,2.871
167900,"Pork, fresh, loin, sirloin (roasts), boneless, separable lean and fat, cooked, roasted",29.62,7.32,0.0,192.0,0.0,66.0,2.528
168311,"Pork, fresh, loin, sirloin (roasts), boneless, separable lean only, cooked, roasted",30.39,5.31,0.0,178.0,0.0,66.0,1.798
167904,"Pork, fresh, loin, tenderloin, separable lean and fat, cooked, broiled",29.86,8.11,0.0,201.0,0.0,64.0,2.93
167905,"Pork, fresh, loin, tenderloin, separable lean and fat, cooked, roasted",26.04,3.96,0.0,147.0,0.0,57.0,1.358
168312,"Pork, fresh, loin, tenderloin, separable lean and fat, raw",20.65,3.53,0.0,120.0,0.0,52.0,1.181
169185,"Pork, fresh, loin, tenderloin, separable lean and fat, with added solution, cooked, roasted",21.5,3.7,0.31,121.0,0.0,230.0,1.27
169184,"Pork, fresh, loin, tenderloin, separable lean and fat, with added solution, raw",20.16,3.14,0.0,114.0,0.0,239.0,1.045
168313,"Pork, fresh, loin, tenderloin, separable lean only, cooked, broiled",30.42,6.33,0.0,187.0,0.0,65.0,2.24
168250,"Pork, fresh, loin, tenderloin, separable lean only, cooked, roasted",26.17,3.51,0.0,143.0,0.0,57.0,1.198
168249,"Pork, fresh, loin, tenderloin, separable lean only, raw",20.95,2.17,0.0,109.0,0.0,53.0,0.698
169180,"Pork, fresh, loin, tenderloin, separable lean only, with added solution, cooked, roasted",21.61,3.15,0.31,116.0,0.0,231.0,1.077
167840,"Pork, fresh, loin, top loin (chops), boneless, separable lean and fat, cooked, braised",29.2,8.31,0.0,200.0,0.0,66.0,3.218
167841,"Pork, fresh, loin, top loin (chops), boneless, separable lean and fat, cooked, broiled",26.62,9.14,0.0,196.0,0.0,44.0,3.164
167887,"Pork, fresh, loin, top loin (chops), boneless, separable lean and fat, cooked, pan-fried",29.36,7.86,0.0,196.0,0.0,86.0,3.058
167839,"Pork, fresh, loin, top loin (chops), boneless, separable lean and fat, raw",21.55,6.94,0.0,155.0,0.0,48.0,2.45
169183,"Pork, fresh, loin, top loin (chops), boneless, separable lean and fat, with added solution, cooked, broiled",28.33,9.42,0.02,198.0,0.0,302.0,3.268
167913,"Pork, fresh, loin, top loin (chops), boneless, separable lean and fat, with added solution, cooked, pan-broiled",28.35,7.66,0.0,190.0,0.0,205.0,2.725
169182,"Pork, fresh, loin, top loin (chops), boneless, separable lean and fat, with added solution, raw",19.45,10.26,0.0,171.0,0.0,251.0,2.53
168252,"Pork, fresh, loin, top loin (chops), boneless, separable lean only, cooked, braised",30.54,4.34,0.0,170.0,0.0,67.0,1.657
168253,"Pork, fresh, loin, top loin (chops), boneless, separable lean only, cooked, broiled",27.58,6.08,0.0,173.0,0.0,45.0,2.077
168294,"Pork, fresh, loin, top loin (chops), boneless, separable lean only, cooked, pan-fried",30.46,4.62,0.0,172.0,0.0,87.0,1.784
168251,"Pork, fresh, loin, top loin (chops), boneless, separable lean only, raw",22.41,3.42,0.0,127.0,0.0,49.0,1.208
168364,"Pork, fresh, loin, top loin (chops), boneless, separable lean only, with added solution, cooked, broiled",29.65,5.73,0.0,170.0,0.0,315.0,1.957
167912,"Pork, fresh, loin, top loin (chops), boneless, separable lean only, with added solution, cooked, pan-broiled",28.95,5.0,0.0,169.0,0.0,209.0,1.797
169181,"Pork, fresh, loin, top loin (chops), boneless, separable lean only, with added solution, raw",21.09,3.48,0.22,117.0,0.0,278.0,1.052
167842,"Pork, fresh, loin, top loin (roasts), boneless, separable lean and fat, cooked, roasted",26.45,8.82,0.0,192.0,0.0,46.0,2.839
168314,"Pork, fresh, loin, top loin (roasts), boneless, separable lean and fat, raw",21.34,8.33,0.0,166.0,0.0,47.0,2.76
168254,"Pork, fresh, loin, top loin (roasts), boneless, separable lean only, cooked, roasted",27.23,6.28,0.0,173.0,0.0,47.0,1.927
168315,"Pork, fresh, loin, top loin (roasts), boneless, separable lean only, raw",22.39,4.06,0.0,132.0,0.0,49.0,1.248
167819,"Pork, fresh, loin, whole, separable lean and fat, cooked, braised",27.23,13.62,0.0,239.0,0.0,48.0,5.11
167820,"Pork, fresh, loin, whole, separable lean and fat, cooked, broiled",27.32,13.92,0.0,242.0,0.0,62.0,5.23
167821,"Pork, fresh, loin, whole, separable lean and fat, cooked, roasted",27.09,14.65,0.0,248.0,0.0,59.0,5.37
167818,"Pork, fresh, loin, whole, separable lean and fat, raw",19.74,12.58,0.0,198.0,0.0,50.0,4.36
168231,"Pork, fresh, loin, whole, separable lean only, cooked, braised",28.57,9.12,0.0,204.0,0.0,50.0,3.38
168232,"Pork, fresh, loin, whole, separable lean only, cooked, broiled",28.57,9.8,0.0,210.0,0.0,64.0,3.64
168233,"Pork, fresh, loin, whole, separable lean only, cooked, roasted",28.62,9.63,0.0,209.0,0.0,58.0,3.51
168230,"Pork, fresh, loin, whole, separable lean only, raw",21.43,5.66,0.0,143.0,0.0,52.0,1.95
168221,"Pork, fresh, separable fat, cooked",7.06,66.1,0.0,626.0,0.0,56.0,23.856
167813,"Pork, fresh, separable fat, raw",9.25,65.7,0.0,632.0,0.0,47.0,21.979
167850,"Pork, fresh, shoulder, (Boston butt), blade (steaks), separable lean and fat, cooked, braised",25.07,17.69,0.0,267.0,0.0,58.0,6.584
167849,"Pork, fresh, shoulder, (Boston butt), blade (steaks), separable lean and fat, raw",17.42,12.36,0.0,186.0,0.0,61.0,4.348
168366,"Pork, fresh, shoulder, (Boston butt), blade (steaks), separable lean and fat, with added solution, cooked, braised",25.84,16.94,0.03,263.0,0.0,151.0,6.288
168365,"Pork, fresh, shoulder, (Boston butt), blade (steaks), separable lean and fat,with added solution, raw",17.19,11.12,0.16,169.0,0.0,155.0,3.912
168261,"Pork, fresh, shoulder, (Boston butt), blade (steaks), separable lean only, cooked, braised",26.57,13.2,0.0,233.0,0.0,60.0,5.023
168260,"Pork, fresh, shoulder, (Boston butt), blade (steaks), separable lean only, raw",18.73,5.71,0.0,132.0,0.0,65.0,1.998
168362,"Pork, fresh, shoulder, (Boston butt), blade (steaks), separable lean only, with added solution cooked, braised",27.58,12.14,0.0,227.0,0.0,154.0,4.62
168363,"Pork, fresh, shoulder, (Boston butt), blade (steaks), separable lean only, with added solution, raw",18.29,5.36,0.18,122.0,0.0,165.0,1.873
168256,"Pork, fresh, shoulder, arm picnic, separable lean and fat, cooked, braised",24.88,14.33,0.0,235.0,0.0,96.0,4.854
168257,"Pork, fresh, shoulder, arm picnic, separable lean and fat, cooked, roasted",23.47,24.01,0.0,317.0,0.0,70.0,8.78
168255,"Pork, fresh, shoulder, arm picnic, separable lean and fat, raw",18.71,12.51,0.0,193.0,0.0,84.0,4.14
167847,"Pork, fresh, shoulder, arm picnic, separable lean only, cooked, braised",26.76,8.87,0.0,194.0,0.0,100.0,2.85
167848,"Pork, fresh, shoulder, arm picnic, separable lean only, cooked, roasted",26.68,12.62,0.0,228.0,0.0,80.0,4.3
168258,"Pork, fresh, shoulder, arm picnic, separable lean only, raw",20.26,3.77,0.0,120.0,0.0,90.0,1.206
168259,"Pork, fresh, shoulder, blade, boston (roasts), separable lean and fat, cooked, roasted",23.11,18.86,0.0,269.0,0.0,67.0,6.97
167852,"Pork, fresh, shoulder, blade, boston (roasts), separable lean only, cooked, roasted",24.21,14.3,0.0,232.0,0.0,88.0,5.19
167851,"Pork, fresh, shoulder, blade, boston (steaks), separable lean and fat, cooked, broiled",25.58,16.61,0.0,259.0,0.0,69.0,5.95
168262,"Pork, fresh, shoulder, blade, boston (steaks), separable lean only, cooked, broiled",26.74,12.54,0.0,227.0,0.0,74.0,4.45
167844,"Pork, fresh, shoulder, whole, separable lean and fat, cooked, roasted",23.28,21.39,0.0,292.0,0.0,68.0,7.86
167843,"Pork, fresh, shoulder, whole, separable lean and fat, raw",17.18,17.99,0.0,236.0,0.0,65.0,6.24
167846,"Pork, fresh, shoulder, whole, separable lean only, cooked, roasted",25.33,13.54,0.0,230.0,0.0,75.0,4.79
167845,"Pork, fresh, shoulder, whole, separable lean only, raw",19.55,7.14,0.0,148.0,0.0,76.0,2.47
167854,"Pork, fresh, spareribs, separable lean and fat, cooked, braised",29.06,30.3,0.0,397.0,0.0,93.0,11.12
169178,"Pork, fresh, spareribs, separable lean and fat, cooked, roasted",20.89,30.86,0.0,361.0,0.0,91.0,9.242
167853,"Pork, fresh, spareribs, separable lean and fat, raw",15.47,23.4,0.0,277.0,0.0,81.0,7.529
168265,"Pork, fresh, variety meats and by-products, brain, cooked, braised",12.14,9.51,0.0,138.0,0.0,91.0,2.15
168264,"Pork, fresh, variety meats and by-products, brain, raw",10.28,9.21,0.0,127.0,0.0,120.0,2.079
167856,"Pork, fresh, variety meats and by-products, chitterlings, cooked, simmered",12.49,20.32,0.0,233.0,0.0,18.0,9.52
168266,"Pork, fresh, variety meats and by-products, chitterlings, raw",7.64,16.61,0.0,182.0,0.0,24.0,7.619
167858,"Pork, fresh, variety meats and by-products, ears, frozen, cooked, simmered",15.95,10.8,0.2,166.0,0.0,167.0,3.86
167857,"Pork, fresh, variety meats and by-products, ears, frozen, raw",22.45,15.1,0.6,234.0,0.0,191.0,5.39
168290,"Pork, fresh, variety meats and by-products, feet, cooked, simmered",21.94,16.05,0.0,238.0,0.0,73.0,4.343
167859,"Pork, fresh, variety meats and by-products, feet, raw",23.16,12.59,0.0,212.0,0.0,132.0,3.57
168268,"Pork, fresh, variety meats and by-products, heart, cooked, braised",23.6,5.05,0.4,148.0,0.0,35.0,1.34
168267,"Pork, fresh, variety meats and by-products, heart, raw",17.27,4.36,1.33,118.0,0.0,56.0,1.16
168269,"Pork, fresh, variety meats and by-products, jowl, raw",6.38,69.61,0.0,655.0,0.0,25.0,25.26
167860,"Pork, fresh, variety meats and by-products, kidneys, cooked, braised",25.4,4.7,0.0,151.0,0.0,80.0,1.51
168270,"Pork, fresh, variety meats and by-products, kidneys, raw",16.46,3.25,0.0,100.0,0.0,121.0,1.04
167861,"Pork, fresh, variety meats and by-products, leaf fat, raw",1.76,94.16,0.0,857.0,0.0,5.0,45.23
167863,"Pork, fresh, variety meats and by-products, liver, cooked, braised",26.02,4.4,3.76,165.0,0.0,49.0,1.41
167862,"Pork, fresh, variety meats and by-products, liver, raw",21.39,3.65,2.47,134.0,0.0,87.0,1.17
168271,"Pork, fresh, variety meats and by-products, lungs, cooked, braised",16.6,3.1,0.0,99.0,0.0,81.0,1.09
167864,"Pork, fresh, variety meats and by-products, lungs, raw",14.08,2.72,0.0,85.0,0.0,153.0,0.96
168272,"Pork, fresh, variety meats and by-products, mechanically separated, raw",15.03,26.54,0.0,304.0,0.0,50.0,9.82
168274,"Pork, fresh, variety meats and by-products, pancreas, cooked, braised",28.5,10.8,0.0,219.0,0.0,42.0,3.73
168273,"Pork, fresh, variety meats and by-products, pancreas, raw",18.56,13.24,0.0,199.0,0.0,44.0,4.58
167866,"Pork, fresh, variety meats and by-products, spleen, cooked, braised",28.2,3.2,0.0,149.0,0.0,107.0,1.06
167865,"Pork, fresh, variety meats and by-products, spleen, raw",17.86,2.59,0.0,100.0,0.0,98.0,0.86
168323,"Pork, fresh, variety meats and by-products, stomach, cooked, simmered",21.4,7.26,0.09,157.0,0.0,40.0,2.99
167867,"Pork, fresh, variety meats and by-products, stomach, raw",16.85,10.14,0.0,159.0,0.0,75.0,4.025
167881,"Pork, fresh, variety meats and by-products, tail, cooked, simmered",17.0,35.8,0.0,396.0,0.0,25.0,12.45
168291,"Pork, fresh, variety meats and by-products, tail, raw",17.75,33.5,0.0,378.0,0.0,63.0,11.64
168276,"Pork, fresh, variety meats and by-products, tongue, cooked, braised",24.1,18.6,0.0,271.0,0.0,109.0,6.449
168275,"Pork, fresh, variety meats and by-products, tongue, raw",16.3,17.2,0.0,225.0,0.0,110.0,5.96
169191,"Pork, ground, 72% lean / 28% fat, cooked, crumbles",22.83,32.93,1.39,393.0,0.0,94.0,11.345
168373,"Pork, ground, 72% lean / 28% fat, cooked, pan-broiled",22.59,31.42,1.08,377.0,0.0,91.0,10.804
169192,"Pork, ground, 84% lean / 16% fat, cooked, crumbles",26.69,20.04,0.58,289.0,0.0,89.0,6.631
168374,"Pork, ground, 84% lean / 16% fat, cooked, pan-broiled",27.14,21.39,0.0,301.0,0.0,89.0,7.453
168372,"Pork, ground, 84% lean / 16% fat, raw",17.99,16.0,0.44,218.0,0.0,68.0,4.93
169193,"Pork, ground, 96% lean / 4% fat, cooked, crumbles",30.55,7.15,0.0,187.0,0.0,84.0,1.951
168375,"Pork, ground, 96% lean / 4% fat, cooked, pan-broiled",31.69,6.2,0.57,185.0,0.0,88.0,1.86
169190,"Pork, ground, 96% lean / 4% fat, raw",21.1,4.0,0.21,121.0,0.0,67.0,1.42
168368,"Pork, loin, leg cap steak, boneless, separable lean and fat, cooked, broiled",27.57,4.41,0.0,158.0,0.0,76.0,1.358
169082,"Pork, oriental style, dehydrated",11.8,62.4,1.4,615.0,0.0,685.0,23.056
169157,"Pork, pickled pork hocks",19.11,10.54,0.0,171.0,0.0,1050.0,3.231
169189,"Pork, shoulder, petite tender, boneless, separable lean and fat, cooked, broiled",27.47,4.23,0.0,155.0,0.0,53.0,1.322
170253,"Potato chips, without salt, reduced fat",7.1,20.8,67.8,487.0,6.1,8.0,4.16
168446,Potato flour,6.9,0.34,83.1,357.0,5.9,55.0,0.09
170092,Potato pancakes,6.08,14.76,27.81,268.0,3.3,764.0,2.496
170048,"Potato puffs, frozen, oven-heated",2.13,9.05,27.29,192.0,2.0,463.0,1.657
170047,"Potato puffs, frozen, unprepared",1.93,8.71,24.8,178.0,2.3,428.0,1.418
173343,Potato salad with egg,1.96,9.4,16.18,157.0,1.3,329.0,1.437
169269,"Potato salad, home-prepared",2.68,8.2,11.17,143.0,1.3,529.0,1.429
171608,"Potato soup, instant, dry mix",9.2,3.1,76.14,343.0,7.6,2400.0,0.613
168443,"Potato wedges, frozen (Includes foods for USDA's Food Distribution Program)",2.7,2.2,25.46,129.0,2.0,49.0,0.55
170030,"Potatoes, Russet, flesh and skin, baked",2.63,0.13,21.44,95.0,2.3,14.0,0.032
170448,"Potatoes, au gratin, dry mix, prepared with water, whole milk and butter",2.3,4.12,12.84,93.0,0.9,439.0,2.586
170447,"Potatoes, au gratin, dry mix, unprepared",8.9,3.7,74.31,314.0,4.1,2095.0,2.323
170442,"Potatoes, au gratin, home-prepared from recipe using butter",5.06,7.59,11.26,134.0,1.8,433.0,4.733
170524,"Potatoes, au gratin, home-prepared from recipe using margarine",5.06,7.59,11.27,132.0,1.8,433.0,3.53
170111,"Potatoes, baked, flesh and skin, with salt",2.5,0.13,21.15,93.0,2.2,10.0,0.034
170093,"Potatoes, baked, flesh and skin, without salt",2.5,0.13,21.15,93.0,2.2,10.0,0.034
170112,"Potatoes, baked, flesh, with salt",1.96,0.1,21.55,93.0,1.5,241.0,0.026
170033,"Potatoes, baked, flesh, without salt",1.96,0.1,21.55,93.0,1.5,5.0,0.026
170113,"Potatoes, baked, skin only, with salt",4.29,0.1,46.06,198.0,7.9,257.0,0.026
170034,"Potatoes, baked, skin, without salt",4.29,0.1,46.06,198.0,7.9,21.0,0.026
170114,"Potatoes, boiled, cooked in skin, flesh, with salt",1.87,0.1,20.13,87.0,2.0,240.0,0.026
170438,"Potatoes, boiled, cooked in skin, flesh, without salt",1.87,0.1,20.13,87.0,1.8,4.0,0.026
170519,"Potatoes, boiled, cooked in skin, skin, with salt",2.86,0.1,17.2,78.0,3.3,250.0,0.026
170439,"Potatoes, boiled, cooked in skin, skin, without salt",2.86,0.1,17.21,78.0,3.3,14.0,0.026
170520,"Potatoes, boiled, cooked without skin, flesh, with salt",1.71,0.1,20.01,86.0,2.0,241.0,0.026
170440,"Potatoes, boiled, cooked without skin, flesh, without salt",1.71,0.1,20.01,86.0,1.8,5.0,0.026
170444,"Potatoes, canned, drained solids",1.41,0.21,13.61,60.0,2.3,219.0,0.054
169084,"Potatoes, canned, drained solids, no salt added",1.4,0.2,13.6,60.0,2.4,5.0,0.051
170443,"Potatoes, canned, solids and liquids",1.2,0.11,9.89,44.0,1.4,217.0,0.029
170026,"Potatoes, flesh and skin, raw",2.05,0.09,17.49,77.0,2.1,6.0,0.025
169264,"Potatoes, french fried, all types, salt added in processing, frozen, home-prepared, oven heated",2.75,5.48,25.55,158.0,2.0,324.0,0.848
168442,"Potatoes, french fried, all types, salt added in processing, frozen, unprepared",2.24,4.66,24.81,147.0,1.9,332.0,1.005
170523,"Potatoes, french fried, all types, salt not added in processing, frozen, as purchased",2.24,4.66,24.81,147.0,1.9,23.0,0.94
170118,"Potatoes, french fried, all types, salt not added in processing, frozen, oven-heated",2.66,5.22,28.71,168.0,2.6,32.0,1.029
169265,"Potatoes, french fried, cottage-cut, salt not added in processing, frozen, as purchased",2.42,5.78,23.98,153.0,3.0,32.0,2.743
169266,"Potatoes, french fried, cottage-cut, salt not added in processing, frozen, oven-heated",3.44,8.2,34.03,218.0,3.2,45.0,3.894
170436,"Potatoes, french fried, crinkle or regular cut, salt added in processing, frozen, as purchased",2.34,4.99,23.96,146.0,2.0,349.0,1.249
170437,"Potatoes, french fried, crinkle or regular cut, salt added in processing, frozen, oven-heated",2.51,5.13,27.5,161.0,2.3,391.0,1.082
168948,"Potatoes, french fried, cross cut, frozen, unprepared",2.7,10.0,22.95,187.0,2.3,393.0,2.59
170451,"Potatoes, french fried, shoestring, salt added in processing, frozen, as purchased",2.16,6.24,25.59,163.0,2.3,323.0,1.371
170452,"Potatoes, french fried, shoestring, salt added in processing, frozen, oven-heated",2.9,6.76,31.66,194.0,2.8,400.0,1.267
168947,"Potatoes, french fried, steak cut, salt not added in processing, frozen, unprepared",2.4,3.42,24.31,134.0,2.4,30.0,0.88
168444,"Potatoes, french fried, steak fries, salt added in processing, frozen, as purchased",2.19,3.39,23.51,130.0,1.9,317.0,0.688
168445,"Potatoes, french fried, steak fries, salt added in processing, frozen, oven-heated",2.57,3.76,26.98,148.0,2.6,373.0,0.737
168946,"Potatoes, french fried, wedge cut, frozen, unprepared",2.56,7.47,22.22,162.0,2.4,380.0,1.843
170117,"Potatoes, frozen, french fried, par fried, cottage-cut, prepared, heated in oven, with salt",3.44,8.2,34.03,218.0,3.2,281.0,3.894
169268,"Potatoes, frozen, french fried, par fried, extruded, prepared, heated in oven, without salt",3.55,18.71,39.68,333.0,3.2,613.0,5.96
169267,"Potatoes, frozen, french fried, par fried, extruded, unprepared",2.83,14.95,30.15,260.0,2.9,490.0,4.544
170116,"Potatoes, frozen, whole, cooked, boiled, drained, with salt",1.98,0.13,13.93,63.0,1.4,256.0,0.034
170049,"Potatoes, frozen, whole, cooked, boiled, drained, without salt",1.98,0.13,14.52,65.0,1.4,20.0,0.034
170044,"Potatoes, hash brown, frozen, plain, prepared, pan fried in canola oil",2.65,11.59,28.51,219.0,3.2,15.0,0.934
170043,"Potatoes, hash brown, frozen, plain, unprepared",2.06,0.62,17.72,82.0,1.4,22.0,0.163
170046,"Potatoes, hash brown, frozen, with butter sauce, prepared",2.46,8.79,24.13,178.0,3.8,101.0,3.373
170045,"Potatoes, hash brown, frozen, with butter sauce, unprepared",1.87,6.66,18.28,135.0,2.9,77.0,2.556
170036,"Potatoes, hash brown, home-prepared",3.0,12.52,35.11,265.0,3.2,342.0,1.883
167605,"Potatoes, hash brown, refrigerated, prepared, pan-fried in canola oil",3.24,10.3,33.99,242.0,3.6,77.0,0.805
167604,"Potatoes, hash brown, refrigerated, unprepared",1.75,0.08,19.16,84.0,1.8,42.0,
170445,"Potatoes, mashed, dehydrated, flakes without milk, dry form",8.34,0.41,81.17,354.0,6.6,77.0,0.169
170041,"Potatoes, mashed, dehydrated, granules with milk, dry form",10.9,1.1,77.7,357.0,6.6,82.0,0.461
170039,"Potatoes, mashed, dehydrated, granules without milk, dry form",8.22,0.54,85.51,372.0,7.1,67.0,0.138
170446,"Potatoes, mashed, dehydrated, prepared from flakes without milk, whole milk and butter added",1.77,5.13,10.87,97.0,0.8,164.0,3.191
169372,"Potatoes, mashed, dehydrated, prepared from flakes without milk, whole milk and margarine added",1.9,5.6,15.02,113.0,2.3,332.0,1.46
170042,"Potatoes, mashed, dehydrated, prepared from granules with milk, water and margarine added",2.13,4.8,16.13,116.0,1.3,172.0,0.955
170040,"Potatoes, mashed, dehydrated, prepared from granules without milk, whole milk and butter added",2.05,4.96,14.36,108.0,2.2,257.0,3.056
170493,"Potatoes, mashed, home-prepared, whole milk added",1.91,0.57,17.57,83.0,1.5,302.0,0.302
168555,"Potatoes, mashed, home-prepared, whole milk and butter added",1.86,4.22,16.81,113.0,1.5,317.0,2.613
170037,"Potatoes, mashed, home-prepared, whole milk and margarine added",1.96,4.2,16.94,113.0,1.5,333.0,0.745
168554,"Potatoes, mashed, prepared from granules, without milk, whole milk and margarine",2.05,4.93,14.4,108.0,2.2,263.0,1.284
169768,"Potatoes, mashed, ready-to-eat",1.97,5.01,13.29,106.0,1.9,298.0,2.632
170094,"Potatoes, microwaved, cooked in skin, flesh and skin, without salt",2.44,0.1,24.24,105.0,2.3,8.0,0.026
170522,"Potatoes, microwaved, cooked in skin, flesh, with salt",2.1,0.1,23.28,100.0,1.6,243.0,0.026
170441,"Potatoes, microwaved, cooked in skin, flesh, without salt",2.1,0.1,23.28,100.0,1.6,7.0,0.026
170035,"Potatoes, microwaved, cooked in skin, skin, without salt",4.39,0.1,29.63,132.0,5.5,16.0,0.026
170521,"Potatoes, microwaved, cooked, in skin, flesh and skin, with salt",2.44,0.1,24.24,105.0,2.3,244.0,0.026
170115,"Potatoes, microwaved, cooked, in skin, skin with salt",4.39,0.1,29.63,132.0,5.5,252.0,0.026
170454,"Potatoes, o'brien, frozen, prepared",2.22,13.21,21.86,204.0,1.7,43.0,3.313
170453,"Potatoes, o'brien, frozen, unprepared",1.83,0.14,17.47,76.0,1.9,33.0,0.032
170498,"Potatoes, o'brien, home-prepared",2.35,1.28,15.47,81.0,,217.0,0.797
170032,"Potatoes, raw, skin",2.57,0.1,12.44,58.0,2.5,10.0,0.026
170435,"Potatoes, red, flesh and skin, baked",2.3,0.15,19.59,87.0,1.8,12.0,0.04
170029,"Potatoes, red, flesh and skin, raw",1.89,0.14,15.9,70.0,1.7,18.0,0.035
170031,"Potatoes, roasted, salt added in processing, frozen, unprepared",2.22,1.81,26.15,127.0,2.6,298.0,0.167
170027,"Potatoes, russet, flesh and skin, raw (Includes foods for USDA's Food Distribution Program)",2.14,0.08,18.07,79.0,1.3,5.0,0.026
170450,"Potatoes, scalloped, dry mix, prepared with water, whole milk and butter",2.12,4.3,12.77,93.0,1.1,341.0,2.633
170449,"Potatoes, scalloped, dry mix, unprepared",7.77,4.59,73.93,358.0,8.6,1578.0,1.2
170038,"Potatoes, scalloped, home-prepared with butter",2.87,3.68,10.78,88.0,1.9,335.0,2.255
170525,"Potatoes, scalloped, home-prepared with margarine",2.87,3.68,10.78,88.0,1.9,335.0,1.377
170434,"Potatoes, white, flesh and skin, baked",2.1,0.15,21.08,92.0,2.1,7.0,0.04
170028,"Potatoes, white, flesh and skin, raw",1.68,0.1,15.71,69.0,2.4,16.0,0.026
169764,"Potatoes, yellow fleshed, french fried, frozen, unprepared",2.47,5.84,25.01,162.0,2.2,300.0,1.427
168945,"Potatoes, yellow fleshed, hash brown, shredded, salt added in processing, frozen, unprepared",2.04,0.07,17.98,81.0,2.0,330.0,0.01
169763,"Potatoes, yellow fleshed, roasted, salt added in processing, frozen, unprepared",1.99,1.85,23.44,119.0,2.6,338.0,0.153
169773,"Potsticker or wonton, pork and vegetable, frozen, unprepared",8.28,5.52,13.28,136.0,1.4,441.0,1.724
174581,Poultry salad sandwich spread,11.64,13.52,7.41,200.0,0.0,653.0,3.45
171104,"Poultry, mechanically deboned, from backs and necks with skin, raw",11.39,24.73,0.0,272.0,0.0,40.0,7.45
171105,"Poultry, mechanically deboned, from backs and necks without skin, raw",13.79,15.48,0.0,199.0,0.0,51.0,4.71
171106,"Poultry, mechanically deboned, from mature hens, raw",14.72,19.98,0.0,243.0,0.0,40.0,4.73
168996,"Prairie Turnips, boiled (Northern Plains Indians)",1.64,0.32,29.99,129.0,7.2,4.0,
169818,"Prairie Turnips, raw (Northern Plains Indians)",2.62,0.36,35.67,156.0,8.0,5.0,
169064,"Pretzels, soft",8.2,3.1,69.39,338.0,1.7,203.0,0.695
174790,"Pretzels, soft, unsalted",8.2,3.1,71.04,345.0,1.7,252.0,0.695
169817,"Prickly pears, broiled (Northern Plains Indians)",0.39,0.31,21.57,91.0,,,
167750,"Prickly pears, raw",0.73,0.51,9.57,41.0,3.6,5.0,0.067
169816,"Prickly pears, raw (Northern Plains Indians)",0.12,0.11,10.17,42.0,5.3,4.0,
173460,"Protein supplement, milk based, Muscle Milk Light, powder",50.0,12.0,22.0,396.0,2.0,250.0,1.087
173459,"Protein supplement, milk based, Muscle Milk, powder",45.71,17.14,18.5,411.0,7.1,329.0,1.553
167753,"Prune juice, canned",0.61,0.03,17.45,71.0,1.0,4.0,0.003
167780,Prune puree,2.1,0.2,65.1,257.0,3.3,23.0,0.016
168159,"Prunes, canned, heavy syrup pack, solids and liquids",0.87,0.2,27.8,105.0,3.8,3.0,0.016
168161,"Prunes, dehydrated (low-moisture), stewed",1.23,0.24,29.7,113.0,,2.0,0.02
168160,"Prunes, dehydrated (low-moisture), uncooked",3.7,0.73,89.07,339.0,,5.0,0.059
168832,"Pudding, lemon, dry mix, regular, prepared with sugar, egg yolk and water",0.65,1.12,24.2,109.0,0.0,63.0,0.382
168146,"Puddings, all flavors except chocolate, low calorie, instant, dry mix",0.81,0.9,84.66,350.0,0.8,3750.0,0.099
167741,"Puddings, all flavors except chocolate, low calorie, regular, dry mix",1.6,0.1,86.04,351.0,0.9,1765.0,0.018
169648,"Puddings, banana, dry mix, instant",0.0,0.6,92.7,367.0,0.0,1499.0,0.09
167588,"Puddings, banana, dry mix, instant, prepared with 2% milk",2.76,1.7,19.74,105.0,0.0,296.0,0.971
169649,"Puddings, banana, dry mix, instant, prepared with whole milk",2.62,2.8,19.76,115.0,0.0,290.0,1.562
168866,"Puddings, banana, dry mix, instant, with added oil",0.0,4.4,89.0,386.0,0.0,1499.0,0.79
169650,"Puddings, banana, dry mix, regular",0.0,0.4,93.0,366.0,0.3,788.0,0.09
167589,"Puddings, banana, dry mix, regular, prepared with 2% milk",2.9,1.73,18.43,101.0,0.0,164.0,1.015
168825,"Puddings, banana, dry mix, regular, prepared with whole milk",2.74,2.89,18.44,111.0,0.0,158.0,1.634
170241,"Puddings, banana, dry mix, regular, with added oil",0.0,5.0,88.4,387.0,0.3,788.0,0.9
168143,"Puddings, chocolate flavor, low calorie, instant, dry mix",5.3,2.4,78.2,356.0,6.1,2838.0,0.984
167740,"Puddings, chocolate flavor, low calorie, regular, dry mix",10.08,3.0,74.42,365.0,10.1,3326.0,1.578
168779,"Puddings, chocolate, dry mix, instant",2.3,1.9,87.9,378.0,3.6,1771.0,0.825
167998,"Puddings, chocolate, dry mix, instant, prepared with 2% milk",3.15,1.92,18.89,105.0,0.4,284.0,1.064
169600,"Puddings, chocolate, dry mix, instant, prepared with whole milk",3.1,3.1,18.8,111.0,1.0,284.0,1.83
169603,"Puddings, chocolate, dry mix, regular",2.6,2.1,89.3,362.0,4.5,479.0,1.234
168780,"Puddings, chocolate, dry mix, regular, prepared with 2% milk",3.28,2.06,19.76,111.0,0.8,102.0,1.289
169604,"Puddings, chocolate, dry mix, regular, prepared with whole milk",3.16,3.15,19.64,120.0,0.8,98.0,1.81
168778,"Puddings, chocolate, ready-to-eat",2.09,4.6,23.01,142.0,0.0,152.0,1.263
168799,"Puddings, chocolate, ready-to-eat, fat free",1.93,0.3,20.87,93.0,0.3,154.0,0.0
168826,"Puddings, coconut cream, dry mix, instant",0.9,10.0,83.5,415.0,4.0,1040.0,10.0
168781,"Puddings, coconut cream, dry mix, instant, prepared with 2% milk",2.9,2.3,19.2,107.0,0.1,246.0,1.37
168827,"Puddings, coconut cream, dry mix, instant, prepared with whole milk",2.9,3.5,19.1,117.0,0.1,246.0,2.1
168828,"Puddings, coconut cream, dry mix, regular",1.0,11.36,81.84,434.0,1.6,682.0,11.364
169615,"Puddings, coconut cream, dry mix, regular, prepared with 2% milk",3.1,2.5,17.8,104.0,0.2,163.0,1.8
168829,"Puddings, coconut cream, dry mix, regular, prepared with whole milk",3.0,3.8,17.7,114.0,0.2,162.0,2.57
169654,"Puddings, lemon, dry mix, instant",0.0,0.7,95.4,378.0,0.0,1332.0,0.1
168786,"Puddings, lemon, dry mix, instant, prepared with 2% milk",2.76,1.71,20.2,107.0,0.0,268.0,0.974
168830,"Puddings, lemon, dry mix, instant, prepared with whole milk",2.7,2.9,20.1,115.0,0.0,267.0,1.74
168831,"Puddings, lemon, dry mix, regular",0.1,0.5,91.8,363.0,0.1,506.0,
170242,"Puddings, lemon, dry mix, regular, with added oil, potassium, sodium",0.1,1.5,90.3,366.0,0.1,849.0,0.27
168783,"Puddings, rice, dry mix",2.7,0.1,91.2,376.0,0.7,366.0,
169611,"Puddings, rice, dry mix, prepared with 2% milk",3.29,1.63,20.81,111.0,0.1,109.0,0.967
169605,"Puddings, rice, dry mix, prepared with whole milk",3.25,2.82,20.68,121.0,0.1,108.0,1.682
168782,"Puddings, rice, ready-to-eat",3.23,2.15,18.39,108.0,0.3,97.0,1.208
169606,"Puddings, tapioca, dry mix",0.1,0.1,94.3,369.0,0.2,477.0,
169612,"Puddings, tapioca, dry mix, prepared with 2% milk",2.88,1.67,19.56,105.0,0.0,121.0,0.991
169607,"Puddings, tapioca, dry mix, prepared with whole milk",2.84,2.89,19.43,115.0,0.0,120.0,1.724
170243,"Puddings, tapioca, dry mix, with no added salt",0.1,0.1,94.3,369.0,0.2,8.0,
169614,"Puddings, tapioca, ready-to-eat",1.95,3.88,21.69,130.0,0.0,145.0,0.962
168798,"Puddings, tapioca, ready-to-eat, fat free",1.44,0.35,21.31,94.0,0.0,187.0,0.122
168784,"Puddings, vanilla, dry mix, instant",0.0,0.6,92.9,377.0,0.0,1400.0,0.432
168785,"Puddings, vanilla, dry mix, instant, prepared with whole milk",2.7,2.9,19.7,114.0,0.0,286.0,1.74
169609,"Puddings, vanilla, dry mix, regular",0.3,0.4,93.5,379.0,0.6,613.0,0.09
168788,"Puddings, vanilla, dry mix, regular, prepared with 2% milk",2.94,1.73,18.53,101.0,0.0,159.0,1.017
169610,"Puddings, vanilla, dry mix, regular, prepared with whole milk",2.8,2.9,18.92,113.0,0.1,156.0,1.643
170644,"Puddings, vanilla, dry mix, regular, with added oil",0.3,1.1,92.4,369.0,0.0,754.0,0.2
169608,"Puddings, vanilla, ready-to-eat",1.45,3.78,22.6,130.0,0.0,172.0,1.016
168797,"Puddings, vanilla, ready-to-eat, fat free",2.02,0.0,20.16,89.0,0.0,191.0,0.0
172790,"Puff pastry, frozen, ready-to-bake",7.3,38.1,45.1,551.0,1.5,249.0,9.643
172738,"Puff pastry, frozen, ready-to-bake, baked",7.4,38.5,45.7,558.0,1.5,253.0,5.502
173344,Pulled pork in barbecue sauce,13.19,4.42,18.74,168.0,1.2,666.0,1.416
167754,"Pummelo, raw",0.76,0.04,9.62,38.0,1.0,1.0,
169271,"Pumpkin flowers, cooked, boiled, drained, without salt",1.09,0.08,3.3,15.0,0.9,6.0,0.041
169270,"Pumpkin flowers, raw",1.03,0.07,3.28,15.0,,5.0,0.036
170120,"Pumpkin leaves, cooked, boiled, drained, with salt",2.72,0.22,3.39,21.0,2.7,244.0,0.114
168447,"Pumpkin leaves, cooked, boiled, drained, without salt",2.72,0.22,3.39,21.0,2.7,8.0,0.114
169272,"Pumpkin leaves, raw",3.15,0.4,2.33,19.0,,11.0,0.207
169273,"Pumpkin pie mix, canned",1.09,0.13,26.39,104.0,8.3,208.0,0.065
170527,"Pumpkin, canned, with salt",1.1,0.28,8.09,34.0,2.9,241.0,0.146
168450,"Pumpkin, canned, without salt",1.1,0.28,8.09,34.0,2.9,5.0,0.146
170526,"Pumpkin, cooked, boiled, drained, with salt",0.72,0.07,4.31,18.0,1.1,237.0,0.037
168449,"Pumpkin, cooked, boiled, drained, without salt",0.72,0.07,4.9,20.0,1.1,1.0,0.037
170119,"Pumpkin, flowers, cooked, boiled, drained, with salt",1.09,0.08,3.18,15.0,0.9,242.0,0.041
168448,"Pumpkin, raw",1.0,0.1,6.5,26.0,0.5,1.0,0.052
170121,"Purslane, cooked, boiled, drained, with salt",1.49,0.19,3.55,18.0,,280.0,
169275,"Purslane, cooked, boiled, drained, without salt",1.49,0.19,3.55,18.0,,44.0,
169274,"Purslane, raw",2.03,0.36,3.39,20.0,,45.0,
172829,"Quail, breast, meat only, raw",22.59,2.99,0.0,123.0,0.0,55.0,0.87
169902,"Quail, cooked, total edible",25.1,14.1,0.0,227.0,0.0,52.0,3.955
172418,"Quail, meat and skin, raw",19.63,12.05,0.0,192.0,0.0,53.0,3.38
172419,"Quail, meat only, raw",21.76,4.53,0.0,134.0,0.0,51.0,1.32
168163,"Quinces, raw",0.4,0.1,15.3,57.0,1.9,4.0,0.01
168917,"Quinoa, cooked",4.4,1.92,21.3,120.0,2.8,7.0,0.231
168874,"Quinoa, uncooked",14.12,6.07,64.16,368.0,7.0,5.0,0.706
173347,"RICE-A-RONI, chicken flavor, unprepared",10.64,1.04,76.08,356.0,1.2,884.0,0.389
168564,"Radicchio, raw",1.43,0.25,4.48,23.0,0.9,22.0,0.06
170095,"Radish seeds, sprouted, raw",3.81,2.53,3.6,43.0,,6.0,0.767
169889,"Radishes, hawaiian style, pickled",1.1,0.3,5.2,28.0,2.2,789.0,0.092
170122,"Radishes, oriental, cooked, boiled, drained, with salt",0.67,0.24,3.43,17.0,1.6,249.0,0.073
168452,"Radishes, oriental, cooked, boiled, drained, without salt",0.67,0.24,3.43,17.0,1.6,13.0,0.073
168453,"Radishes, oriental, dried",7.9,0.72,63.37,271.0,23.9,278.0,0.218
168451,"Radishes, oriental, raw",0.6,0.1,4.1,18.0,1.6,21.0,0.03
169276,"Radishes, raw",0.68,0.1,3.4,16.0,1.6,39.0,0.032
170081,"Radishes, white icicle, raw",1.1,0.1,2.63,14.0,1.4,16.0,0.03
168165,"Raisins, dark, seedless (Includes foods for USDA's Food Distribution Program)",3.3,0.25,79.32,299.0,4.5,26.0,0.094
168164,"Raisins, golden, seedless",3.28,0.2,80.02,301.0,3.3,24.0,0.065
168166,"Raisins, seeded",2.52,0.54,78.47,296.0,6.8,28.0,0.178
168167,"Rambutan, canned, syrup pack",0.65,0.21,20.87,82.0,0.9,11.0,
167756,"Raspberries, canned, red, heavy syrup pack, solids and liquids",0.83,0.12,23.36,91.0,3.3,3.0,0.005
167757,"Raspberries, frozen, red, sweetened",0.7,0.16,26.16,103.0,4.4,1.0,0.005
168209,"Raspberries, frozen, red, unsweetened",1.15,0.81,12.55,56.0,4.3,4.0,0.064
167808,"Raspberries, puree, seedless",1.02,0.87,7.99,41.0,0.9,4.0,0.064
167809,"Raspberries, puree, with seeds",1.1,0.97,11.51,55.0,4.3,4.0,0.062
167755,"Raspberries, raw",1.2,0.65,11.94,52.0,6.5,1.0,0.019
168997,"Raspberries, wild (Northern Plains Indians)",1.12,0.28,13.85,62.0,7.5,4.0,
168217,Raspberry juice concentrate,3.04,1.34,53.19,221.0,1.1,10.0,0.056
172113,"Ravioli, cheese with tomato sauce, frozen, not prepared, includes regular and light entrees",4.52,2.61,17.31,111.0,1.4,280.0,1.191
173328,"Ravioli, cheese-filled, canned",2.48,1.45,13.64,77.0,1.3,306.0,0.723
173329,"Ravioli, meat-filled, with tomato sauce or meat sauce, canned",3.24,3.41,13.26,97.0,1.5,283.0,1.46
172213,Reddi Wip Fat Free Whipped Topping,3.0,5.0,25.0,149.0,0.4,72.0,2.869
172465,"Refried beans, canned, fat-free",5.34,0.45,13.5,79.0,4.7,350.0,0.093
172438,"Refried beans, canned, traditional style",4.98,2.01,13.55,90.0,3.7,370.0,0.631
174298,"Refried beans, canned, traditional, reduced sodium",4.98,2.01,13.55,89.0,3.7,138.0,0.631
174296,"Refried beans, canned, vegetarian",5.28,0.87,13.5,83.0,4.7,430.0,0.142
168789,"Rennin, chocolate, dry mix, prepared with 2% milk",3.24,2.06,13.47,85.0,0.5,52.0,1.231
169617,"Rennin, chocolate, dry mix, prepared with whole milk",3.2,3.34,13.34,96.0,0.5,51.0,1.999
168790,"Rennin, vanilla, dry mix, prepared with 2% milk",3.06,1.77,12.34,77.0,0.0,46.0,1.061
168793,"Rennin, vanilla, dry mix, prepared with whole milk",3.03,3.07,12.21,89.0,0.0,46.0,1.846
168072,"Restaurant, Chinese, beef and vegetables",7.08,5.3,7.29,105.0,1.5,409.0,0.978
167678,"Restaurant, Chinese, chicken and vegetables",8.18,4.56,5.38,95.0,0.9,413.0,0.77
168083,"Restaurant, Chinese, chicken chow mein",6.76,2.8,8.29,85.0,1.0,311.0,0.49
167667,"Restaurant, Chinese, egg rolls, assorted",8.28,11.94,27.29,250.0,2.6,468.0,2.116
167668,"Restaurant, Chinese, fried rice, without meat",4.05,2.96,32.79,174.0,1.1,387.0,0.54
167675,"Restaurant, Chinese, general tso's chicken",12.9,16.36,23.99,295.0,0.9,435.0,2.76
167676,"Restaurant, Chinese, kung pao chicken",9.76,6.98,6.87,129.0,1.5,402.0,1.352
167674,"Restaurant, Chinese, lemon chicken",11.87,13.55,20.61,252.0,1.0,252.0,2.033
167679,"Restaurant, Chinese, orange chicken",14.46,12.68,22.46,262.0,0.8,553.0,2.422
168087,"Restaurant, Chinese, sesame chicken",14.33,14.25,26.88,293.0,0.7,482.0,2.41
168080,"Restaurant, Chinese, shrimp and vegetables",5.9,4.05,4.52,78.0,1.4,375.0,0.633
168081,"Restaurant, Chinese, sweet and sour chicken",10.1,12.65,23.86,250.0,1.0,246.0,1.933
168082,"Restaurant, Chinese, sweet and sour pork",8.91,15.66,23.34,270.0,1.0,304.0,2.68
168084,"Restaurant, Chinese, vegetable chow mein, without meat or noodles",1.34,1.68,5.74,43.0,1.2,344.0,0.293
167677,"Restaurant, Chinese, vegetable lo mein, without meat",4.77,2.35,20.16,121.0,1.3,430.0,0.464
169038,"Restaurant, Italian, cheese ravioli with marinara sauce",7.07,5.7,18.5,154.0,1.2,306.0,2.556
168062,"Restaurant, Italian, chicken parmesan without pasta",16.17,10.64,10.92,204.0,0.9,536.0,2.55
169850,"Restaurant, Italian, lasagna with meat",10.83,10.69,11.36,185.0,1.5,466.0,4.941
167680,"Restaurant, Italian, spaghetti with meat sauce",5.79,3.59,16.4,121.0,1.6,230.0,1.062
169033,"Restaurant, Italian, spaghetti with pomodoro sauce (no meat)",3.9,1.89,17.77,104.0,1.7,191.0,0.366
168064,"Restaurant, Latino, Arroz con frijoles negros (rice and black beans)",4.64,3.85,24.4,151.0,3.4,420.0,0.729
168066,"Restaurant, Latino, Arroz con grandules (rice and pigeonpeas)",3.5,4.98,30.75,182.0,1.4,583.0,0.763
168065,"Restaurant, Latino, Arroz con habichuelas colorados (Rice And Red Beans)",3.96,3.46,23.74,142.0,2.6,370.0,0.502
168070,"Restaurant, Latino, arepa (unleavened cornmeal bread)",5.48,5.38,37.14,219.0,2.6,270.0,2.902
168063,"Restaurant, Latino, arroz con leche (rice pudding)",3.2,3.69,24.92,146.0,0.5,106.0,1.899
168068,"Restaurant, Latino, black bean soup",5.1,2.57,14.79,103.0,4.9,311.0,0.535
168071,"Restaurant, Latino, bunuelos (fried yeast bread)",8.02,26.24,48.57,462.0,1.5,418.0,6.834
167659,"Restaurant, Latino, chicken and rice, entree, prepared",12.02,5.06,20.03,174.0,1.2,518.0,1.101
167660,"Restaurant, Latino, empanadas, beef, prepared",11.31,18.37,31.19,335.0,2.0,440.0,5.156
167661,"Restaurant, Latino, pupusas con frijoles (pupusas, bean)",5.59,9.01,31.49,229.0,5.8,305.0,2.188
167662,"Restaurant, Latino, pupusas con queso (pupusas, cheese)",11.72,13.25,22.39,256.0,2.9,400.0,6.479
167663,"Restaurant, Latino, pupusas del cerdo (pupusas, pork)",11.51,10.43,23.02,232.0,2.6,426.0,3.166
167664,"Restaurant, Latino, tamale, corn",3.48,7.21,26.68,186.0,3.2,277.0,2.629
168067,"Restaurant, Latino, tamale, pork",7.35,9.04,15.75,174.0,2.4,473.0,2.692
168069,"Restaurant, Latino, tripe soup",8.61,2.58,4.07,74.0,,411.0,1.045
169855,"Restaurant, Mexican, cheese enchilada",11.24,18.47,15.45,273.0,1.9,528.0,8.365
169035,"Restaurant, Mexican, cheese quesadilla",15.93,23.08,24.11,368.0,1.7,701.0,11.559
169856,"Restaurant, Mexican, cheese tamales",8.99,11.99,17.97,216.0,2.2,503.0,3.983
167666,"Restaurant, Mexican, refried beans",6.91,6.77,16.79,156.0,8.0,376.0,1.84
167658,"Restaurant, Mexican, soft taco with ground beef, cheese and lettuce",12.56,10.81,17.92,219.0,1.5,509.0,4.486
167665,"Restaurant, Mexican, spanish rice",3.28,5.29,31.16,185.0,1.2,528.0,1.005
169837,"Restaurant, family style, chicken fingers, from kid's menu",18.68,17.45,18.77,307.0,1.1,809.0,3.199
169847,"Restaurant, family style, chicken tenders",18.88,16.63,19.29,302.0,0.9,800.0,2.946
169028,"Restaurant, family style, chili with meat and beans",12.56,9.79,4.57,157.0,1.4,381.0,4.023
169026,"Restaurant, family style, coleslaw",0.88,11.78,12.35,159.0,1.9,221.0,1.909
169846,"Restaurant, family style, fish fillet, battered or breaded, fried",13.49,10.79,16.89,219.0,0.9,561.0,1.876
169836,"Restaurant, family style, french fries",3.49,14.04,37.2,289.0,3.9,357.0,2.489
169015,"Restaurant, family style, fried mozzarella sticks",14.75,18.33,25.14,325.0,2.0,861.0,6.848
169848,"Restaurant, family style, hash browns",2.49,8.99,26.59,197.0,2.7,468.0,1.689
169839,"Restaurant, family style, macaroni & cheese, from kids' menu",5.42,6.06,18.8,151.0,1.1,361.0,2.147
169027,"Restaurant, family style, onion rings",4.89,19.28,40.72,356.0,2.6,692.0,3.415
169838,"Restaurant, family style, shrimp, breaded and fried",12.67,18.67,22.29,308.0,1.5,1125.0,3.361
169016,"Restaurant, family style, sirloin steak",29.8,8.48,0.0,195.0,,339.0,3.143
169029,"Restaurant, family style, spaghetti and meatballs",7.84,8.52,15.51,170.0,1.5,351.0,3.104
168169,"Rhubarb, frozen, cooked, with sugar",0.39,0.05,31.2,116.0,2.0,1.0,0.014
168168,"Rhubarb, frozen, uncooked",0.55,0.11,5.1,21.0,1.8,2.0,0.029
167758,"Rhubarb, raw",0.9,0.2,4.54,21.0,1.8,4.0,0.053
168022,"Rhubarb, wild, leaves (Alaska Native)",4.2,0.5,9.9,61.0,,,
173006,Rice and Wheat cereal bar,9.09,9.09,72.73,409.0,1.8,428.0,0.0
168950,"Rice and vermicelli mix, beef flavor, prepared with 80% margarine",2.82,3.2,22.03,129.0,0.6,364.0,0.682
168949,"Rice and vermicelli mix, beef flavor, unprepared",10.84,1.27,76.02,359.0,1.6,1337.0,0.31
173348,"Rice and vermicelli mix, chicken flavor, prepared with 80% margarine",2.65,3.45,23.54,136.0,0.7,377.0,0.746
168952,"Rice and vermicelli mix, rice pilaf flavor, prepared with 80% margarine",2.94,3.7,25.67,148.0,0.6,430.0,0.744
168951,"Rice and vermicelli mix, rice pilaf flavor, unprepared",10.42,1.37,76.31,359.0,1.2,1303.0,0.307
173339,"Rice bowl with chicken, frozen entree, prepared (includes fried, teriyaki, and sweet and sour varieties)",5.65,1.56,22.46,126.0,0.7,333.0,0.327
169713,"Rice bran, crude",13.35,20.85,49.69,316.0,21.0,5.0,4.171
168107,"Rice cake, cracker (include hain mini rice cakes)",7.1,4.3,81.1,392.0,4.2,71.0,0.875
173161,Rice crackers,10.0,5.0,82.64,416.0,0.0,233.0,0.0
168898,"Rice flour, brown",7.23,2.78,76.48,363.0,4.6,8.0,0.557
169714,"Rice flour, white, unenriched",5.95,1.42,80.13,366.0,2.4,0.0,0.386
169778,"Rice mix, cheese flavor, dry mix, unprepared",8.77,3.51,73.88,362.0,1.8,1193.0,1.754
168964,"Rice mix, white and wild, flavored, unprepared",3.49,2.57,26.28,142.0,0.8,443.0,1.071
168914,"Rice noodles, cooked",1.79,0.2,24.01,108.0,1.0,19.0,0.023
169742,"Rice noodles, dry",5.95,0.56,80.18,364.0,1.6,182.0,0.153
169704,"Rice, brown, long-grain, cooked (Includes foods for USDA's Food Distribution Program)",2.74,0.97,25.58,123.0,1.6,4.0,0.26
169703,"Rice, brown, long-grain, raw (Includes foods for USDA's Food Distribution Program)",7.54,3.2,76.25,367.0,3.6,5.0,0.591
168875,"Rice, brown, medium-grain, cooked (Includes foods for USDA's Food Distribution Program)",2.32,0.83,23.51,112.0,1.8,1.0,0.165
169706,"Rice, brown, medium-grain, raw (Includes foods for USDA's Food Distribution Program)",7.5,2.68,76.17,362.0,3.4,4.0,0.536
173263,"Rice, brown, parboiled, cooked, UNCLE BENS",3.09,0.85,31.33,147.0,1.7,4.0,0.213
168876,"Rice, brown, parboiled, dry, UNCLE BEN'S",7.6,2.75,78.68,370.0,3.5,6.0,0.481
169711,"Rice, white, glutinous, unenriched, cooked",2.02,0.19,21.09,97.0,1.0,5.0,0.039
168883,"Rice, white, glutinous, unenriched, uncooked",6.81,0.55,81.68,370.0,2.8,7.0,0.111
169708,"Rice, white, long-grain, parboiled, enriched, cooked",2.91,0.37,26.05,123.0,0.9,2.0,0.074
169707,"Rice, white, long-grain, parboiled, enriched, dry",7.51,1.03,80.89,374.0,1.8,2.0,0.294
169759,"Rice, white, long-grain, parboiled, unenriched, cooked",2.91,0.37,26.05,123.0,0.9,2.0,0.074
169758,"Rice, white, long-grain, parboiled, unenriched, dry",7.51,1.03,80.89,374.0,1.8,2.0,0.294
169709,"Rice, white, long-grain, precooked or instant, enriched, dry",7.82,0.94,82.32,380.0,1.9,10.0,0.152
169710,"Rice, white, long-grain, precooked or instant, enriched, prepared",2.18,0.5,26.76,124.0,0.6,4.0,0.017
169753,"Rice, white, long-grain, regular, cooked, enriched, with salt",2.69,0.28,28.17,130.0,0.4,382.0,0.077
168935,"Rice, white, long-grain, regular, cooked, unenriched, with salt",2.69,0.28,28.17,130.0,0.4,382.0,0.077
168878,"Rice, white, long-grain, regular, enriched, cooked",2.69,0.28,28.17,130.0,0.4,1.0,0.077
168877,"Rice, white, long-grain, regular, raw, enriched",7.13,0.66,79.95,365.0,1.3,5.0,0.18
169756,"Rice, white, long-grain, regular, raw, unenriched",7.13,0.66,79.95,365.0,1.3,5.0,0.18
169757,"Rice, white, long-grain, regular, unenriched, cooked without salt",2.69,0.28,28.17,130.0,0.4,1.0,0.077
168930,"Rice, white, medium-grain, cooked, unenriched",2.38,0.21,28.59,130.0,,0.0,0.057
168880,"Rice, white, medium-grain, enriched, cooked",2.38,0.21,28.59,130.0,0.3,0.0,0.057
168879,"Rice, white, medium-grain, raw, enriched",6.61,0.58,79.34,360.0,1.4,1.0,0.158
169760,"Rice, white, medium-grain, raw, unenriched",6.61,0.58,79.34,360.0,,1.0,0.158
168932,"Rice, white, short-grain, cooked, unenriched",2.36,0.19,28.73,130.0,,0.0,0.051
168882,"Rice, white, short-grain, enriched, cooked",2.36,0.19,28.73,130.0,,0.0,0.051
168881,"Rice, white, short-grain, enriched, uncooked",6.5,0.52,79.15,358.0,2.8,1.0,0.14
168931,"Rice, white, short-grain, raw, unenriched",6.5,0.52,79.15,358.0,,1.0,0.14
169712,"Rice, white, steamed, Chinese restaurant",3.2,0.27,33.88,151.0,0.9,5.0,
174597,Roast beef spread,15.27,16.28,3.73,223.0,0.2,724.0,6.4
174570,"Roast beef, deli style, prepackaged, sliced",18.62,3.69,0.64,115.0,0.0,853.0,1.318
175027,"Rolls, dinner, egg",9.5,6.4,52.0,307.0,3.7,566.0,1.577
175028,"Rolls, dinner, oat bran",9.5,4.6,40.2,236.0,4.1,413.0,0.619
172793,"Rolls, dinner, plain, commercially prepared (includes brown-and-serve)",10.86,6.47,52.04,310.0,2.0,467.0,1.375
172810,"Rolls, dinner, plain, prepared from recipe, made with low fat (2%) milk",8.5,7.3,53.4,316.0,1.9,415.0,1.795
175029,"Rolls, dinner, rye",10.3,3.4,53.1,286.0,4.9,650.0,0.605
174107,"Rolls, dinner, sweet",10.04,7.37,53.58,321.0,3.1,253.0,3.516
175030,"Rolls, dinner, wheat",8.6,6.3,46.0,273.0,3.8,524.0,1.497
172794,"Rolls, dinner, whole-wheat",8.7,4.7,51.1,266.0,7.5,521.0,0.836
172795,"Rolls, french",8.6,4.3,50.2,277.0,3.2,574.0,0.962
171861,"Rolls, gluten-free, white, made with brown rice flour, tapioca starch, and potato starch",7.99,6.4,55.1,310.0,3.6,707.0,
171863,"Rolls, gluten-free, white, made with brown rice flour, tapioca starch, and sorghum flour",5.65,8.2,40.24,257.0,2.9,544.0,
171862,"Rolls, gluten-free, white, made with rice flour, rice starch, and corn starch",3.34,2.65,50.47,239.0,5.1,593.0,0.215
171864,"Rolls, gluten-free, whole grain, made with tapioca starch and brown rice flour",11.8,11.6,44.29,329.0,11.2,507.0,1.381
174089,"Rolls, hamburger or hot dog, wheat/cracked wheat",11.69,3.61,47.31,269.0,4.2,463.0,0.746
174090,"Rolls, hamburger or hot dog, whole wheat",12.38,4.38,44.93,269.0,6.1,477.0,0.921
172797,"Rolls, hamburger or hotdog, mixed-grain",9.6,6.0,44.6,263.0,3.8,458.0,1.39
172796,"Rolls, hamburger or hotdog, plain",9.77,3.91,50.12,279.0,1.8,494.0,0.842
174094,"Rolls, hamburger, whole grain white, calcium-fortified",9.3,3.49,46.5,255.0,2.3,512.0,1.163
175031,"Rolls, hard (includes kaiser)",9.9,4.3,52.7,293.0,2.3,544.0,0.606
168126,"Rolls, pumpernickel",10.8,2.8,51.87,276.0,5.4,492.0,0.495
168998,"Rose Hips, wild (Northern Plains Indians)",1.6,0.34,38.22,162.0,24.1,4.0,
168171,"Rose-apples, raw",0.6,0.3,5.7,25.0,,0.0,
168170,"Roselle, raw",0.96,0.64,11.31,49.0,,6.0,
173473,"Rosemary, fresh",3.31,5.86,20.7,131.0,14.1,26.0,2.838
167783,"Rowal, raw",2.3,2.0,23.9,111.0,6.2,4.0,0.245
167805,"Ruby Red grapefruit juice blend (grapefruit, grape, apple), OCEAN SPRAY, bottled, with added vitamin C",0.5,0.1,10.53,44.0,0.2,8.0,0.008
167597,"Rudi's, Gluten-Free Bakery, Original Sandwich Bread",3.13,10.7,52.83,320.0,3.5,528.0,0.339
172831,"Ruffed Grouse, breast meat, skinless, raw",25.94,0.88,0.0,112.0,0.0,50.0,0.13
170528,"Rutabagas, cooked, boiled, drained, with salt",0.93,0.18,6.84,30.0,1.8,254.0,0.029
168455,"Rutabagas, cooked, boiled, drained, without salt",0.93,0.18,6.84,30.0,1.8,5.0,0.029
168454,"Rutabagas, raw",1.08,0.16,8.62,37.0,2.3,12.0,0.027
168885,"Rye flour, dark",15.91,2.22,68.63,325.0,23.8,2.0,0.269
168887,"Rye flour, light",9.82,1.33,76.68,357.0,8.0,2.0,0.15
168886,"Rye flour, medium",10.88,1.52,75.43,349.0,11.8,2.0,0.18
168884,Rye grain,10.34,1.63,75.86,338.0,15.1,2.0,0.197
167946,"SCHIFF,TIGER'S MILK BAR",16.8,14.29,56.46,387.0,2.3,168.0,2.073
175230,SILK Banana-Strawberry soy yogurt,2.35,1.18,17.06,88.0,0.6,15.0,0.0
173780,SILK Black Cherry soy yogurt,2.35,1.18,17.06,88.0,0.6,12.0,0.0
173781,SILK Blueberry soy yogurt,2.35,1.18,17.06,88.0,0.6,15.0,0.0
173776,"SILK Chai, soymilk",2.47,1.44,7.82,53.0,0.0,41.0,0.206
173770,"SILK Chocolate, soymilk",2.06,1.44,9.47,58.0,0.8,41.0,0.206
175224,"SILK Coffee, soymilk",2.06,1.44,10.29,62.0,0.0,41.0,0.206
175232,SILK French Vanilla Creamer,0.0,6.67,20.0,133.0,0.0,67.0,0.0
173782,SILK Hazelnut Creamer,0.0,6.67,20.0,133.0,0.0,67.0,0.0
175229,SILK Key Lime soy yogurt,2.35,1.18,17.65,88.0,0.6,15.0,0.0
173773,"SILK Light Chocolate, soymilk",2.06,0.62,9.05,49.0,0.8,41.0,0.0
173771,"SILK Light Plain, soymilk",2.47,0.82,3.29,29.0,0.4,49.0,0.0
173772,"SILK Light Vanilla, soymilk",2.47,0.82,4.12,33.0,0.4,39.0,0.0
173777,"SILK Mocha, soymilk",2.06,1.44,9.05,58.0,0.0,41.0,0.206
173775,"SILK Nog, soymilk",2.46,1.64,12.3,74.0,0.0,61.0,0.0
175231,SILK Original Creamer,0.0,6.67,6.67,100.0,0.0,67.0,0.0
173779,SILK Peach soy yogurt,2.35,1.18,18.82,94.0,0.6,15.0,0.0
175227,SILK Plain soy yogurt,2.64,1.76,9.69,66.0,0.4,13.0,0.22
175218,"SILK Plain, soymilk",2.88,1.65,3.29,41.0,0.4,49.0,0.206
175222,"SILK Plus Fiber, soymilk",2.47,1.44,5.76,41.0,2.1,39.0,0.206
175220,"SILK Plus Omega-3 DHA, soymilk",2.88,2.06,3.29,45.0,0.4,49.0,0.206
175221,"SILK Plus for Bone Health, soymilk",2.47,1.44,4.53,41.0,0.8,39.0,0.206
173778,SILK Raspberry soy yogurt,2.35,1.18,17.65,88.0,0.6,15.0,0.0
175228,SILK Strawberry soy yogurt,2.35,1.18,18.24,94.0,0.6,15.0,0.0
175223,"SILK Unsweetened, soymilk",2.88,1.65,1.65,33.0,0.4,35.0,0.206
175225,SILK Vanilla soy yogurt (family size),2.64,1.76,13.66,79.0,0.4,13.0,0.22
175226,SILK Vanilla soy yogurt (single serving size),2.94,1.76,14.71,88.0,0.6,12.0,0.0
175219,"SILK Vanilla, soymilk",2.47,1.44,4.12,41.0,0.4,39.0,0.206
173774,"SILK Very Vanilla, soymilk",2.47,1.65,7.82,53.0,0.4,58.0,0.206
171577,"SMART SOUP, French Lentil",2.9,1.06,9.5,53.0,2.9,131.0,0.0
171578,"SMART SOUP, Greek Minestrone",1.7,0.53,8.4,40.0,2.7,138.0,0.0
171181,"SMART SOUP, Indian Bean Masala",3.3,0.88,10.5,57.0,2.6,92.0,0.18
171182,"SMART SOUP, Moroccan Chick Pea",2.0,1.06,9.7,51.0,3.1,148.0,0.18
171576,"SMART SOUP, Santa Fe Corn Chowder",2.0,0.71,11.2,55.0,2.0,131.0,0.0
171183,"SMART SOUP, Thai Coconut Curry",0.8,1.06,6.5,36.0,1.0,141.0,0.35
171184,"SMART SOUP, Vietnamese Carrot Lemongrass",1.3,1.06,8.2,44.0,1.5,145.0,0.35
170312,"SUBWAY, B.L.T. sub on white bread with bacon, lettuce and tomato",10.06,6.41,26.66,205.0,1.6,354.0,1.917
170307,"SUBWAY, SUBWAY CLUB sub on white bread with lettuce and tomato",10.66,2.42,20.36,146.0,1.4,348.0,0.57
170712,"SUBWAY, black forest ham sub on white bread with lettuce and tomato",9.12,2.53,22.91,151.0,1.3,396.0,0.626
170315,"SUBWAY, cold cut sub on white bread with lettuce and tomato",10.52,10.04,20.43,214.0,1.2,575.0,3.554
170708,"SUBWAY, meatball marinara sub on white bread (no toppings)",9.77,8.45,26.01,219.0,2.1,437.0,3.124
170314,"SUBWAY, oven roasted chicken sub on white bread with lettuce and tomato",10.84,3.15,21.35,157.0,1.2,268.0,0.724
170713,"SUBWAY, roast beef sub on white bread with lettuce and tomato",12.17,2.73,20.34,155.0,0.7,329.0,0.972
170310,"SUBWAY, steak & cheese sub on white bread with American cheese, lettuce and tomato",12.29,5.34,21.49,183.0,1.2,444.0,2.032
170705,"SUBWAY, sweet onion chicken teriyaki sub on white bread with lettuce, tomato and sweet onion sauce",10.91,2.37,22.54,155.0,1.2,305.0,0.505
170316,"SUBWAY, tuna sub on white bread with lettuce and tomato",12.33,12.04,15.95,221.0,0.7,329.0,2.192
170711,"SUBWAY, turkey breast sub on white bread with lettuce and tomato",9.12,2.31,22.42,147.0,1.3,317.0,0.476
168007,"Sage Valley, Gluten Free Vanilla Sandwich Cookies",3.13,22.15,71.88,499.0,1.0,212.0,5.918
168109,"Salad Dressing, coleslaw, reduced fat",0.0,20.0,40.0,329.0,0.4,1600.0,2.98
171037,"Salad Dressing, mayonnaise, light, SMART BALANCE, Omega Plus light",1.53,34.18,9.39,333.0,0.2,848.0,3.288
167700,"Salad Dressing, mayonnaise-like, fat-free",0.2,2.7,15.5,84.0,1.9,788.0,0.6
171004,"Salad dressing, KRAFT MIRACLE WHIP FREE Nonfat Dressing",0.2,2.7,15.5,84.0,1.9,788.0,0.6
171003,"Salad dressing, KRAFT Mayo Fat Free Mayonnaise Dressing",0.2,0.0,15.8,64.0,2.0,750.0,0.0
171002,"Salad dressing, KRAFT Mayo Light Mayonnaise",0.6,32.9,8.5,334.0,0.1,633.0,5.0
167704,"Salad dressing, bacon and tomato",1.8,35.0,2.0,326.0,0.2,905.0,5.435
173562,"Salad dressing, blue or roquefort cheese dressing, commercial, regular",1.37,51.1,4.77,484.0,0.4,642.0,8.275
167699,"Salad dressing, blue or roquefort cheese dressing, fat-free",1.52,1.01,25.6,115.0,1.8,814.0,0.45
167692,"Salad dressing, blue or roquefort cheese dressing, light",2.1,2.7,13.2,86.0,0.0,939.0,0.628
169876,"Salad dressing, blue or roquefort cheese, low calorie",5.1,7.2,2.9,99.0,0.0,939.0,2.575
169895,"Salad dressing, buttermilk, lite",1.25,12.42,21.33,202.0,1.1,1120.0,1.25
169055,"Salad dressing, caesar dressing, regular",2.17,57.85,3.3,542.0,0.5,1209.0,8.789
171045,"Salad dressing, caesar, fat-free",1.47,0.23,30.73,131.0,0.2,1265.0,0.096
169877,"Salad dressing, caesar, low calorie",0.3,4.4,18.6,110.0,0.1,1148.0,0.703
169056,"Salad dressing, coleslaw",0.85,34.53,22.4,404.0,0.0,850.0,5.343
171414,"Salad dressing, french dressing, commercial, regular",0.87,39.07,18.79,419.0,2.4,661.0,6.093
171020,"Salad dressing, french dressing, commercial, regular, without salt",0.77,44.81,15.58,459.0,0.0,0.0,5.648
171420,"Salad dressing, french dressing, fat-free",0.2,0.27,32.14,132.0,2.2,853.0,0.037
167693,"Salad dressing, french dressing, reduced calorie",0.4,13.0,27.0,227.0,0.0,804.0,1.872
171404,"Salad dressing, french dressing, reduced fat",0.58,11.52,31.22,222.0,1.5,838.0,0.842
171021,"Salad dressing, french dressing, reduced fat, without salt",0.58,13.46,29.28,233.0,1.1,30.0,1.099
171419,"Salad dressing, french, cottonseed, oil, home recipe",0.1,70.2,3.4,631.0,0.0,658.0,18.2
171416,"Salad dressing, french, home recipe",0.1,70.2,3.4,631.0,0.0,658.0,12.6
169057,"Salad dressing, green goddess, regular",1.9,43.33,7.36,427.0,0.1,867.0,5.978
171417,"Salad dressing, home recipe, vinegar and oil",0.0,50.1,2.5,449.0,0.0,1.0,9.1
171034,"Salad dressing, honey mustard dressing, reduced calorie",0.98,10.0,28.26,207.0,0.8,701.0,0.833
171043,"Salad dressing, honey mustard, regular",0.87,40.83,23.33,464.0,0.4,512.0,5.0
171405,"Salad dressing, italian dressing, commercial, reduced fat",0.39,6.68,9.99,102.0,0.0,891.0,0.833
171019,"Salad dressing, italian dressing, commercial, regular",0.41,21.12,12.12,240.0,0.0,993.0,2.948
171022,"Salad dressing, italian dressing, commercial, regular, without salt",0.38,28.37,10.43,292.0,0.0,30.0,4.474
173590,"Salad dressing, italian dressing, fat-free",0.97,0.87,8.75,47.0,0.6,1129.0,0.295
168096,"Salad dressing, italian dressing, reduced calorie",0.3,20.0,6.7,200.0,0.2,1074.0,2.88
171023,"Salad dressing, italian dressing, reduced fat, without salt",0.47,6.38,4.57,76.0,0.0,30.0,0.451
168112,"Salad dressing, mayonnaise and mayonnaise-type, low calorie",0.9,19.0,23.9,263.0,0.0,837.0,2.962
171403,"Salad dressing, mayonnaise type, regular, with salt",0.65,21.6,14.78,250.0,0.0,653.0,3.396
171407,"Salad dressing, mayonnaise, imitation, milk cream",2.1,5.1,11.1,97.0,0.0,504.0,2.8
171406,"Salad dressing, mayonnaise, imitation, soybean",0.3,19.2,16.0,232.0,0.0,497.0,3.3
171408,"Salad dressing, mayonnaise, imitation, soybean without cholesterol",0.1,47.7,15.8,482.0,0.0,353.0,7.5
173594,"Salad dressing, mayonnaise, light",0.37,22.22,9.23,238.0,0.0,827.0,3.446
171009,"Salad dressing, mayonnaise, regular",0.96,74.85,0.57,680.0,0.0,635.0,11.703
171010,"Salad dressing, mayonnaise, soybean and safflower oil, with salt",1.1,79.4,2.7,717.0,0.0,568.0,8.6
171418,"Salad dressing, mayonnaise, soybean oil, without salt",1.1,79.4,2.7,717.0,0.0,30.0,11.8
171444,"Salad dressing, mayonnaise-type, light",0.65,10.0,16.4,158.0,0.0,833.0,1.484
168093,"Salad dressing, peppercorn dressing, commercial, regular",1.2,61.4,3.5,564.0,0.0,1103.0,10.527
171044,"Salad dressing, poppyseed, creamy",0.92,33.33,23.73,399.0,0.3,933.0,6.061
173591,"Salad dressing, ranch dressing, fat-free",0.25,1.92,26.51,119.0,0.1,897.0,0.447
173593,"Salad dressing, ranch dressing, reduced fat",1.25,12.42,21.33,196.0,1.1,1120.0,1.25
173592,"Salad dressing, ranch dressing, regular",1.32,44.54,5.9,430.0,0.0,901.0,6.964
171005,"Salad dressing, russian dressing",0.69,26.18,31.9,355.0,0.7,1133.0,2.39
171007,"Salad dressing, russian dressing, low calorie",0.5,4.0,27.6,141.0,0.3,868.0,0.6
171006,"Salad dressing, sesame seed dressing, regular",3.1,45.2,8.6,443.0,1.0,1000.0,6.2
171036,"Salad dressing, spray-style dressing, assorted flavors",0.16,10.75,16.6,165.0,0.3,1102.0,1.643
169875,"Salad dressing, sweet and sour",0.1,0.0,3.7,15.0,0.0,208.0,0.0
172356,"Salad dressing, thousand island dressing, fat-free",0.55,1.45,29.27,132.0,3.3,788.0,0.198
171008,"Salad dressing, thousand island dressing, reduced fat",0.83,11.32,24.06,195.0,1.2,955.0,0.746
171402,"Salad dressing, thousand island, commercial, regular",1.09,35.06,14.64,379.0,0.8,962.0,5.092
174603,"Salami, Italian, pork",21.7,37.0,1.2,425.0,0.0,1890.0,13.1
172966,"Salami, Italian, pork and beef, dry, sliced, 50% less sodium",21.8,26.4,6.4,350.0,0.0,936.0,9.75
172935,"Salami, cooked, beef",12.6,22.2,1.9,261.0,0.0,1140.0,9.865
172936,"Salami, cooked, beef and pork",21.85,25.9,2.4,336.0,0.0,1740.0,9.316
172937,"Salami, cooked, turkey",19.2,9.21,1.55,172.0,0.1,1107.0,2.783
172938,"Salami, dry or hard, pork",22.58,33.72,1.6,407.0,0.0,2260.0,11.89
174582,"Salami, dry or hard, pork, beef",21.07,31.65,0.72,378.0,0.0,1756.0,11.418
174598,"Salami, pork, beef, less sodium",15.01,30.5,15.38,396.0,0.2,623.0,10.58
168965,"Salisbury steak with gravy, frozen",6.98,10.47,6.78,149.0,1.0,509.0,3.982
173721,"Salmon nuggets, breaded, frozen, heated",12.69,11.72,13.96,212.0,0.0,173.0,1.57
173722,"Salmon nuggets, cooked as purchased, unheated",11.97,10.43,11.85,189.0,0.0,167.0,1.497
169813,"Salmon, red (sockeye), filets with skin, smoked (Alaska Native)",60.62,11.43,0.0,345.0,0.0,51.0,2.593
173723,"Salmon, sockeye, canned, drained solids, without skin and bones",26.33,5.87,0.0,158.0,0.0,386.0,1.211
175174,"Salmon, sockeye, canned, total can contents",20.63,7.17,0.0,153.0,0.0,433.0,1.46
168048,"Salmonberries, raw (Alaska Native)",0.85,0.33,10.05,47.0,1.9,14.0,
169277,"Salsify, (vegetable oyster), raw",3.3,0.2,18.6,82.0,3.3,20.0,
170529,"Salsify, cooked, boiled, drained, with salt",2.73,0.17,15.36,68.0,3.1,252.0,
169278,"Salsify, cooked, boiled, drained, without salt",2.73,0.17,15.36,68.0,3.1,16.0,0.041
173468,"Salt, table",0.0,0.0,0.0,0.0,0.0,38758.0,0.0
169069,"Sandwich spread, meatless",8.0,9.0,9.0,149.0,3.3,630.0,1.425
174583,"Sandwich spread, pork, beef",7.66,17.34,11.94,235.0,0.2,1013.0,5.977
171409,"Sandwich spread, with chopped pickle, regular, unspecified oils",0.9,34.0,22.4,389.0,0.4,1000.0,5.1
167759,"Sapodilla, raw",0.44,1.1,19.96,83.0,5.3,12.0,0.194
167760,"Sapote, mamey, raw",1.45,0.46,32.1,124.0,5.4,7.0,0.169
171603,"Sauce, alfredo mix, dry",15.32,36.35,36.52,535.0,2.0,2590.0,13.18
174523,"Sauce, barbecue",0.82,0.63,40.77,172.0,0.9,1027.0,0.045
171828,"Sauce, barbecue, BULL'S-EYE, original",0.91,0.67,39.95,170.0,1.0,1012.0,0.101
171829,"Sauce, barbecue, KC MASTERPIECE, original",1.0,0.52,37.92,160.0,1.4,613.0,
174544,"Sauce, barbecue, KRAFT, original",0.74,0.62,40.77,172.0,0.4,1242.0,0.038
171830,"Sauce, barbecue, OPEN PIT, original",0.44,1.41,29.45,132.0,0.5,1517.0,
171827,"Sauce, barbecue, SWEET BABY RAY'S, original",0.95,0.43,46.08,192.0,1.3,765.0,0.037
171584,"Sauce, cheese sauce mix, dry",7.68,18.33,60.52,438.0,1.0,3202.0,8.44
171191,"Sauce, cheese, ready-to-serve",6.71,13.29,6.83,174.0,0.5,828.0,6.01
171605,"Sauce, chili, peppers, hot, immature green, canned",0.7,0.1,5.0,20.0,1.9,25.0,0.013
174067,"Sauce, cocktail, ready-to-serve",1.36,1.05,28.22,128.0,1.8,1262.0,0.0
171823,"Sauce, duck, ready-to-serve",0.36,0.13,60.66,245.0,0.6,712.0,0.051
174074,"Sauce, enchilada, red, mild, ready to serve",0.62,0.91,4.87,30.0,0.5,547.0,0.111
174531,"Sauce, fish, ready-to-serve",5.06,0.01,3.64,35.0,0.0,7851.0,0.003
172886,"Sauce, hoisin, ready-to-serve",3.31,3.39,44.08,220.0,2.8,1615.0,0.568
174525,"Sauce, homemade, white, medium",3.84,10.63,9.17,147.0,0.2,354.0,2.854
174526,"Sauce, homemade, white, thick",3.99,13.83,11.61,186.0,0.3,373.0,3.416
171833,"Sauce, horseradish",1.09,50.89,10.05,503.0,1.0,730.0,8.233
171186,"Sauce, hot chile, sriracha",1.93,0.93,19.16,93.0,2.2,2124.0,
171187,"Sauce, hot chile, sriracha, CHA! BY TEXAS PETE",2.02,0.98,22.73,108.0,2.1,2903.0,
171188,"Sauce, hot chile, sriracha, TUONG OT SRIRACHA",1.86,0.9,15.87,79.0,2.2,1540.0,
174529,"Sauce, oyster, ready-to-serve",1.35,0.25,10.92,51.0,0.3,2733.0,0.043
171192,"Sauce, pasta, spaghetti/marinara, ready-to-serve",1.39,1.61,7.43,50.0,1.8,437.0,0.218
171597,"Sauce, pasta, spaghetti/marinara, ready-to-serve, low sodium",1.41,1.48,8.06,51.0,1.8,30.0,0.17
171575,"Sauce, peanut, made from coconut, water, sugar, peanuts",2.02,6.34,28.46,179.0,1.1,319.0,3.53
174070,"Sauce, peanut, made from peanut butter, water, soy sauce",6.31,16.02,22.02,257.0,1.8,1338.0,2.907
171604,"Sauce, peppers, hot, chili, mature red, canned",0.9,0.6,3.9,21.0,0.7,25.0,0.08
171581,"Sauce, pesto, BUITONI, pesto with basil, ready-to-serve, refrigerated",9.83,37.6,10.09,418.0,1.8,603.0,7.07
171582,"Sauce, pesto, CLASSICO, basil pesto, ready-to-serve",4.16,36.38,6.93,372.0,2.1,1028.0,6.718
171185,"Sauce, pesto, MEZZETTA, NAPA VALLEY BISTRO, basil pesto, ready-to-serve",6.69,49.88,5.12,496.0,1.3,897.0,8.007
171579,"Sauce, pesto, ready-to-serve, refrigerated",9.83,37.6,10.09,418.0,1.8,603.0,7.07
171580,"Sauce, pesto, ready-to-serve, shelf stable",5.0,42.42,6.14,426.0,1.7,998.0,7.362
172880,"Sauce, pizza, canned, ready-to-serve",2.18,1.15,8.66,54.0,2.0,348.0,0.46
172879,"Sauce, plum, ready-to-serve",0.89,1.04,42.81,184.0,0.7,538.0,0.153
174527,"Sauce, ready-to-serve, pepper or hot",0.51,0.37,1.75,11.0,0.3,2643.0,0.052
174528,"Sauce, ready-to-serve, pepper, TABASCO",1.29,0.76,0.8,12.0,0.6,633.0,0.106
174524,"Sauce, salsa, ready-to-serve",1.52,0.17,6.64,29.0,1.9,711.0,0.021
171824,"Sauce, salsa, verde, ready-to-serve",1.13,0.89,6.36,38.0,1.9,906.0,0.0
171174,"Sauce, sofrito, prepared from recipe",12.8,18.2,5.46,237.0,1.7,1145.0,
171825,"Sauce, steak, tomato based",1.25,0.23,22.04,95.0,1.5,1647.0,0.0
174543,"Sauce, sweet and sour, prepared-from-recipe",1.84,0.58,16.72,79.0,0.4,347.0,0.144
174066,"Sauce, sweet and sour, ready-to-serve",0.27,0.02,38.22,154.0,0.1,539.0,0.0
171826,"Sauce, tartar, ready-to-serve",1.0,16.7,13.3,211.0,0.5,667.0,3.333
171167,"Sauce, teriyaki, ready-to-serve",5.93,0.02,15.56,89.0,0.1,3833.0,0.0
172890,"Sauce, teriyaki, ready-to-serve, reduced sodium",5.93,0.02,15.58,89.0,0.1,1778.0,0.0
171595,"Sauce, tomato chili sauce, bottled, with salt",2.5,0.3,19.79,92.0,2.4,1338.0,0.045
174542,"Sauce, white, thin, prepared-from-recipe, with butter",3.95,2.56,8.29,72.0,0.1,184.0,1.6
171610,"Sauce, worcestershire",0.0,0.0,19.17,77.0,0.0,1300.0,0.0
169279,"Sauerkraut, canned, solids and liquids",0.91,0.14,4.28,19.0,2.9,661.0,0.034
171617,"Sausage, Berliner, pork, beef",15.27,17.2,2.59,230.0,0.0,1297.0,6.08
174586,"Sausage, Italian, pork, mild, cooked, pan-fried",18.4,26.4,1.86,324.0,0.0,801.0,9.028
171631,"Sausage, Italian, pork, mild, raw",13.9,24.26,2.97,290.0,0.0,563.0,8.615
172952,"Sausage, Italian, sweet, links",16.13,8.42,2.1,149.0,0.0,570.0,3.257
174604,"Sausage, Italian, turkey, smoked",15.05,8.75,4.65,158.0,0.9,928.0,3.401
174588,"Sausage, New england brand, pork, beef",17.27,7.58,4.83,161.0,0.0,1220.0,2.56
172953,"Sausage, Polish, beef with chicken, hot",17.6,19.4,3.6,259.0,0.0,1540.0,8.01
172954,"Sausage, Polish, pork and beef, smoked",12.07,26.56,1.98,301.0,0.0,848.0,9.207
172942,"Sausage, Vienna, canned, chicken, beef, pork",10.5,19.4,2.6,230.0,0.0,879.0,7.125
170606,"Sausage, beef, cured, cooked, smoked",14.11,26.91,2.42,312.0,0.0,1131.0,11.44
174618,"Sausage, beef, fresh, cooked",18.21,27.98,0.35,332.0,0.0,813.0,10.905
174616,"Sausage, breakfast sausage, beef, pre-cooked, unprepared",12.9,28.22,4.61,327.0,0.0,904.0,11.298
173880,"Sausage, chicken or turkey, Italian style,  lower sodium",21.43,4.46,14.25,183.0,0.0,446.0,0.893
174605,"Sausage, chicken, beef, pork, skinless, smoked",13.6,14.3,8.1,216.0,0.0,1034.0,4.8
169781,"Sausage, egg and cheese breakfast biscuit",9.54,22.13,21.57,324.0,2.0,591.0,8.595
174269,"Sausage, meatless",20.28,18.16,8.09,255.0,2.8,888.0,2.926
174579,"Sausage, pork and beef, fresh, cooked",13.8,36.25,2.7,396.0,0.0,929.0,12.96
172955,"Sausage, pork and beef, with cheddar cheese, smoked",12.89,25.84,2.13,296.0,0.0,848.0,9.482
171632,"Sausage, pork and turkey, pre-cooked",12.05,30.64,3.63,342.0,0.0,876.0,9.881
173859,"Sausage, pork, chorizo, link or ground, raw",13.63,25.1,3.78,296.0,0.0,788.0,8.595
173883,"Sausage, pork, turkey, and beef, reduced sodium",10.71,26.79,0.11,284.0,0.1,679.0,10.714
174584,"Sausage, smoked link sausage, pork",11.98,28.23,0.94,309.0,0.0,827.0,9.313
174585,"Sausage, smoked link sausage, pork and beef",12.0,28.73,2.42,320.0,0.0,911.0,9.769
172939,"Sausage, smoked link sausage, pork and beef (nonfat dry milk added)",13.28,27.61,1.92,313.0,0.0,1173.0,9.72
174599,"Sausage, summer, pork and beef, sticks, with cheddar cheese",19.43,37.91,1.82,426.0,0.2,1483.0,10.47
167694,"Sausage, turkey and pork, fresh, bulk, patty or link, cooked",22.7,23.0,0.7,307.0,0.0,878.0,7.95
174600,"Sausage, turkey, breakfast links, mild, raw",15.91,10.39,3.18,174.0,0.0,714.0,2.821
173871,"Sausage, turkey, fresh, cooked",23.89,10.44,0.0,196.0,0.0,665.0,2.266
174617,"Sausage, turkey, fresh, raw",18.79,8.08,0.47,155.0,0.0,593.0,1.963
174606,"Sausage, turkey, hot, smoked",15.05,8.75,4.65,158.0,0.3,916.0,3.401
172948,"Sausage, turkey, pork, and beef, low fat, smoked",8.0,2.5,11.54,101.0,0.6,796.0,0.85
174580,"Sausage, turkey, reduced fat, brown and serve, cooked",17.0,10.3,10.92,204.0,0.3,721.0,2.871
168008,"Schar, Gluten-Free, Classic White Rolls",3.34,2.65,50.47,239.0,5.1,593.0,0.215
168009,"Schar, Gluten-Free, Wheat-Free, Classic White Bread",3.81,4.47,46.13,240.0,5.1,441.0,0.977
170795,"School Lunch, chicken nuggets, whole grain breaded",15.67,12.9,22.86,270.0,2.2,511.0,2.83
170794,"School Lunch, chicken patty, whole grain breaded",17.64,13.93,12.5,246.0,2.3,467.0,2.642
170305,"School Lunch, pizza, BIG DADDY'S LS 16"" 51% Whole Grain Rolled Edge Cheese Pizza, frozen",13.89,8.81,27.1,243.0,2.7,400.0,4.14
170701,"School Lunch, pizza, BIG DADDY'S LS 16"" 51% Whole Grain Rolled Edge Turkey Pepperoni Pizza, frozen",13.63,9.33,27.35,248.0,4.1,450.0,3.99
170704,"School Lunch, pizza, TONY'S Breakfast Pizza Sausage, frozen",10.39,10.04,26.99,240.0,2.0,600.0,3.47
170702,"School Lunch, pizza, TONY'S SMARTPIZZA Whole Grain 4x6 Cheese Pizza 50/50 Cheese, frozen",12.08,7.51,29.27,233.0,3.8,400.0,2.79
170703,"School Lunch, pizza, TONY'S SMARTPIZZA Whole Grain 4x6 Pepperoni Pizza 50/50 Cheese, frozen",12.14,8.19,28.84,238.0,4.1,470.0,2.81
170779,"School Lunch, pizza, cheese topping, thick crust, whole grain, frozen, cooked",14.62,9.27,28.08,254.0,2.9,421.0,4.358
170792,"School Lunch, pizza, cheese topping, thin crust, whole grain, frozen, cooked",12.72,7.91,31.31,247.0,4.0,421.0,4.0
170781,"School Lunch, pizza, pepperoni topping, thick crust, whole grain, frozen, cooked",14.35,9.82,28.3,259.0,4.3,474.0,4.219
170780,"School Lunch, pizza, pepperoni topping, thin crust, whole grain, frozen, cooked",12.78,8.62,31.24,254.0,4.3,495.0,2.81
170793,"School Lunch, pizza, sausage topping, thick crust, whole grain, frozen, cooked",13.26,9.07,30.58,257.0,4.0,433.0,4.219
170782,"School Lunch, pizza, sausage topping, thin crust, whole grain, frozen, cooked",12.63,7.83,32.24,250.0,3.9,457.0,3.488
172969,"Scrapple, pork",8.06,13.87,14.06,213.0,0.3,482.0,4.732
167618,"Sea cucumber, yane (Alaska Native)",13.0,0.4,0.0,56.0,,,
169825,"Sea lion, Steller, fat (Alaska Native)",0.9,94.0,0.0,850.0,,,
169002,"Sea lion, Steller, heart (Alaska Native)",17.0,3.3,1.0,102.0,,115.0,
169001,"Sea lion, Steller, kidney (Alaska Native)",18.1,1.7,1.4,93.0,,231.0,0.3
169000,"Sea lion, Steller, liver (Alaska Native)",22.9,5.0,0.0,137.0,,88.0,1.3
169003,"Sea lion, Steller, meat (Alaska Native)",25.85,1.88,0.0,120.0,,62.0,
169824,"Sea lion, Steller, meat with fat (Alaska Native)",22.1,14.65,5.55,242.0,,80.0,2.9
168020,"Seal, bearded (Oogruk), meat, dried (Alaska Native)",82.6,2.3,0.0,351.0,0.0,,0.6
168051,"Seal, bearded (Oogruk), meat, dried, in oil (Alaska Native)",35.31,25.08,0.0,367.0,0.0,120.0,3.92
168053,"Seal, bearded (Oogruk), meat, low quadrant, raw (Alaska Native)",23.63,10.17,0.0,186.0,0.0,57.0,
167650,"Seal, bearded (Oogruk), meat, partially dried (Alaska Native)",62.38,2.31,0.0,270.0,,130.0,
167610,"Seal, bearded (Oogruk), meat, raw (Alaska Native)",26.7,0.4,0.0,110.0,,,
168026,"Seal, ringed, liver (Alaska Native)",18.6,3.3,2.9,116.0,,,1.17
168025,"Seal, ringed, meat (Alaska Native)",28.4,3.2,0.0,142.0,,110.0,0.82
173476,"Seasoning mix, dry, chili, original",10.82,7.3,56.56,335.0,10.8,4616.0,0.0
172242,"Seasoning mix, dry, sazon, coriander & annatto",0.0,0.0,0.0,0.0,0.0,17000.0,0.0
172243,"Seasoning mix, dry, taco, original",4.5,0.0,58.0,322.0,13.3,7203.0,0.0
167602,"Seaweed, Canadian Cultivated EMI-TSUNOMATA, dry",15.34,1.39,46.24,259.0,36.7,4331.0,0.45
167603,"Seaweed, Canadian Cultivated EMI-TSUNOMATA, rehydrated",1.86,0.17,5.62,31.0,4.5,526.0,0.05
170090,"Seaweed, agar, dried",6.21,0.3,80.88,306.0,7.7,102.0,0.061
169280,"Seaweed, agar, raw",0.54,0.03,6.75,26.0,0.5,9.0,0.006
168456,"Seaweed, irishmoss, raw",1.51,0.16,12.29,49.0,1.3,67.0,0.033
168457,"Seaweed, kelp, raw",1.68,0.56,9.57,43.0,1.3,233.0,0.247
168458,"Seaweed, laver, raw",5.81,0.28,5.11,35.0,0.3,48.0,0.061
170495,"Seaweed, spirulina, dried",57.47,7.72,23.9,290.0,3.6,1048.0,2.65
170091,"Seaweed, spirulina, raw",5.92,0.39,2.42,26.0,0.4,98.0,0.135
170496,"Seaweed, wakame, raw",3.03,0.64,9.14,45.0,0.5,872.0,0.13
170145,"Seeds, breadfruit seeds, boiled",5.3,2.3,32.0,168.0,4.8,23.0,0.621
170144,"Seeds, breadfruit seeds, raw",7.4,5.59,29.24,191.0,5.2,25.0,1.509
170595,"Seeds, breadfruit seeds, roasted",6.2,2.7,40.1,207.0,6.0,28.0,0.729
170553,"Seeds, breadnut tree seeds, dried",8.62,1.68,79.39,367.0,14.9,53.0,0.454
170552,"Seeds, breadnut tree seeds, raw",5.97,0.99,46.28,217.0,,31.0,0.267
170554,"Seeds, chia seeds, dried",16.54,30.74,42.12,486.0,34.4,16.0,3.33
170146,"Seeds, cottonseed flour, low fat (glandless)",49.83,1.41,36.1,332.0,,35.0,0.31
170555,"Seeds, cottonseed flour, partially defatted (glandless)",40.96,6.2,40.54,359.0,3.0,35.0,1.588
170596,"Seeds, cottonseed kernels, roasted (glandless)",32.59,36.29,21.9,506.0,5.5,25.0,9.699
170147,"Seeds, cottonseed meal, partially defatted (glandless)",49.1,4.77,38.43,367.0,,37.0,1.207
169414,"Seeds, flaxseed",18.29,42.16,28.88,534.0,27.3,30.0,3.663
170148,"Seeds, hemp seed, hulled",31.56,48.75,8.67,553.0,4.0,5.0,4.6
170149,"Seeds, lotus seeds, dried",15.41,1.97,64.47,332.0,,5.0,0.33
168591,"Seeds, lotus seeds, raw",4.13,0.53,17.28,89.0,,1.0,0.088
170556,"Seeds, pumpkin and squash seed kernels, dried",30.23,49.05,10.71,559.0,6.0,7.0,8.659
169415,"Seeds, pumpkin and squash seed kernels, roasted, with salt added",29.84,49.05,14.71,574.0,6.5,256.0,8.544
170557,"Seeds, pumpkin and squash seed kernels, roasted, without salt",29.84,49.05,14.71,574.0,6.5,18.0,8.544
168601,"Seeds, pumpkin and squash seeds, whole, roasted, with salt added",18.55,19.4,53.75,446.0,18.4,2541.0,3.67
170188,"Seeds, pumpkin and squash seeds, whole, roasted, without salt",18.55,19.4,53.75,446.0,18.4,18.0,3.67
170558,"Seeds, safflower seed kernels, dried",16.18,38.45,34.29,517.0,,3.0,3.682
170559,"Seeds, safflower seed meal, partially defatted",35.62,2.39,48.73,342.0,,3.0,0.207
170191,"Seeds, sesame butter, paste",18.08,50.87,24.05,586.0,5.5,12.0,7.124
169410,"Seeds, sesame butter, tahini, from raw and stone ground kernels",17.81,48.0,26.19,570.0,9.3,74.0,6.722
170189,"Seeds, sesame butter, tahini, from roasted and toasted kernels (most common type)",17.0,53.76,21.19,595.0,9.3,115.0,7.529
169406,"Seeds, sesame butter, tahini, from unroasted kernels (non-chemically removed seed coat)",17.95,56.44,17.89,607.0,9.3,1.0,7.904
168604,"Seeds, sesame butter, tahini, type of kernels unspecified",17.4,53.01,21.5,592.0,4.7,35.0,7.423
170192,"Seeds, sesame flour, high-fat",30.78,37.1,26.62,526.0,,41.0,5.196
170560,"Seeds, sesame flour, low-fat",50.14,1.75,35.51,333.0,,39.0,0.201
170153,"Seeds, sesame flour, partially defatted",40.32,11.89,35.14,382.0,,41.0,1.634
170561,"Seeds, sesame meal, partially defatted",16.96,48.0,26.04,567.0,,39.0,6.722
169412,"Seeds, sesame seed kernels, dried (decorticated)",20.45,61.21,11.73,631.0,11.6,47.0,9.055
169416,"Seeds, sesame seed kernels, toasted, with salt added (decorticated)",16.96,48.0,26.04,567.0,16.9,588.0,6.722
170152,"Seeds, sesame seed kernels, toasted, without salt added (decorticated)",16.96,48.0,26.04,567.0,16.9,39.0,6.722
170150,"Seeds, sesame seeds, whole, dried",17.73,49.67,23.45,573.0,11.8,11.0,6.957
170151,"Seeds, sesame seeds, whole, roasted and toasted",16.96,48.0,25.74,565.0,14.0,11.0,6.722
168587,"Seeds, sisymbrium sp. seeds, whole, dried",12.14,4.6,58.26,318.0,,92.0,0.902
168595,"Seeds, sunflower seed butter, with salt added (Includes foods for USDA's Food Distribution Program)",17.28,55.2,23.32,617.0,5.7,331.0,4.678
170155,"Seeds, sunflower seed butter, without salt",17.28,55.2,23.32,617.0,5.7,3.0,4.678
170156,"Seeds, sunflower seed flour, partially defatted",48.06,1.61,35.83,326.0,5.2,3.0,0.138
169417,"Seeds, sunflower seed kernels from shell, dry roasted, with salt added",19.33,49.8,15.31,546.0,9.0,6008.0,5.219
170562,"Seeds, sunflower seed kernels, dried",20.78,51.46,20.0,584.0,8.6,9.0,4.455
169418,"Seeds, sunflower seed kernels, dry roasted, with salt added",19.33,49.8,24.07,582.0,9.0,655.0,5.219
170563,"Seeds, sunflower seed kernels, dry roasted, without salt",19.33,49.8,24.07,582.0,11.1,3.0,5.219
168593,"Seeds, sunflower seed kernels, oil roasted, with salt added",20.06,51.3,22.89,592.0,10.6,303.0,7.068
170564,"Seeds, sunflower seed kernels, oil roasted, without salt",20.06,51.3,22.89,592.0,10.6,3.0,7.068
168594,"Seeds, sunflower seed kernels, toasted, with salt added",17.21,56.8,20.59,619.0,11.5,613.0,5.953
170154,"Seeds, sunflower seed kernels, toasted, without salt",17.21,56.8,20.59,619.0,11.5,3.0,5.953
169407,"Seeds, watermelon seed kernels, dried",28.33,47.37,15.31,557.0,,99.0,9.779
169715,"Semolina, enriched",12.68,1.05,72.83,360.0,3.9,1.0,0.15
168933,"Semolina, unenriched",12.68,1.05,72.83,360.0,3.9,1.0,0.15
169368,"Sesbania flower, cooked, steamed, with salt",1.14,0.05,5.1,21.0,,247.0,
169281,"Sesbania flower, cooked, steamed, without salt",1.14,0.05,5.23,22.0,,11.0,
168459,"Sesbania flower, raw",1.28,0.04,6.73,27.0,,15.0,
173226,"Shake, fast food, vanilla",3.37,6.52,19.59,148.0,0.9,81.0,3.962
170082,"Shallots, freeze-dried",12.3,0.5,80.7,348.0,15.7,59.0,0.084
170499,"Shallots, raw",2.5,0.1,16.8,72.0,3.2,12.0,0.017
167577,"Sherbet, orange",1.1,2.0,30.4,144.0,1.3,46.0,1.16
172329,"Shortening bread, soybean (hydrogenated) and cottonseed",0.0,100.0,0.0,884.0,0.0,0.0,22.0
172330,"Shortening cake mix, soybean (hydrogenated) and cottonseed (hydrogenated)",0.0,100.0,0.0,884.0,0.0,0.0,27.2
173568,"Shortening confectionery, coconut (hydrogenated) and or palm kernel (hydrogenated)",0.0,100.0,0.0,884.0,0.0,0.0,91.3
173567,"Shortening frying (heavy duty), beef tallow and cottonseed",0.0,100.0,0.0,900.0,0.0,0.0,44.9
172331,"Shortening frying (heavy duty), palm (hydrogenated)",0.0,100.0,0.0,884.0,0.0,0.0,47.5
172333,"Shortening frying (heavy duty), soybean (hydrogenated), linoleic (less than 1%)",0.0,100.0,0.0,884.0,0.0,0.0,21.1
172332,Shortening household soybean (hydrogenated) and palm,0.0,100.0,0.0,884.0,0.0,0.0,25.02
173566,"Shortening industrial, lard and vegetable oil",0.0,100.0,0.0,900.0,0.0,0.0,35.7
173569,"Shortening industrial, soybean (hydrogenated) and cottonseed",0.0,100.0,0.0,884.0,0.0,0.0,25.6
172334,"Shortening, confectionery, fractionated palm",0.0,100.0,0.0,884.0,0.0,0.0,65.5
172327,"Shortening, household, lard and vegetable oil",0.0,100.0,0.0,900.0,0.0,0.0,40.3
171011,"Shortening, household, soybean (partially hydrogenated)-cottonseed (partially hydrogenated)",0.0,100.0,0.0,884.0,0.0,0.0,25.0
173606,"Shortening, industrial, soy (partially hydrogenated ) and corn for frying",0.0,100.0,0.0,884.0,0.0,0.0,17.416
173607,"Shortening, industrial, soy (partially hydrogenated ) for baking and confections",0.0,100.0,0.0,884.0,0.0,0.0,18.788
173597,"Shortening, industrial, soy (partially hydrogenated), pourable liquid fry shortening",0.0,100.0,0.0,884.0,0.0,0.0,18.358
173579,"Shortening, multipurpose, soybean (hydrogenated) and palm (hydrogenated)",0.0,100.0,0.0,884.0,0.0,0.0,30.423
173575,"Shortening, special purpose for baking, soybean (hydrogenated) palm and cottonseed",0.0,100.0,0.0,884.0,0.0,0.0,28.843
173574,"Shortening, special purpose for cakes and frostings, soybean (hydrogenated)",0.0,100.0,0.0,884.0,0.0,0.0,20.001
173584,"Shortening, vegetable, household, composite",0.0,99.97,0.0,884.0,0.0,4.0,24.98
167654,"Smelt, dried (Alaska Native)",56.19,17.9,0.0,386.0,0.0,420.0,3.59
173159,"Snack, BALANCE, original bar",28.0,12.0,48.73,415.0,3.1,253.0,1.149
174803,"Snack, Mixed Berry Bar",13.16,10.53,58.84,383.0,7.9,447.0,3.846
173156,"Snack, Pretzel, hard chocolate coated",7.05,17.64,70.07,467.0,3.5,494.0,8.611
168853,"Snack, potato chips, made from dried potatoes, plain",4.62,35.28,55.38,545.0,2.9,529.0,8.643
174799,"Snacks, CLIF BAR, mixed flavors",14.71,5.88,65.44,346.0,7.4,195.0,1.471
168811,"Snacks, FARLEY CANDY, FARLEY Fruit Snacks, with vitamins A, C, and E",4.4,0.0,80.9,341.0,,36.0,
174789,"Snacks, FRITOLAY, SUNCHIPS, Multigrain Snack, Harvest Cheddar flavor",8.08,22.22,64.7,491.0,8.1,705.0,2.892
174784,"Snacks, FRITOLAY, SUNCHIPS, Multigrain Snack, original flavor",7.95,21.11,67.26,491.0,8.8,423.0,2.166
174788,"Snacks, FRITOLAY, SUNCHIPS, multigrain, French onion flavor",8.68,22.15,65.49,496.0,7.8,467.0,2.469
168808,"Snacks, GENERAL MILLS, BETTY CROCKER Fruit Roll Ups, berry flavored, with vitamin C",0.1,3.5,85.2,373.0,,317.0,0.99
169688,"Snacks, KELLOGG, KELLOGG'S Low Fat Granola Bar, Crunchy Almond/Brown Sugar",8.0,7.4,78.0,390.0,6.2,291.0,1.1
169687,"Snacks, KELLOGG, KELLOGG'S RICE KRISPIES TREATS Squares",3.4,9.0,80.5,417.0,0.0,351.0,1.4
168862,"Snacks, KELLOGG, KELLOGG'S, NUTRI-GRAIN Cereal Bars, fruit",4.22,8.67,67.61,365.0,3.0,354.0,1.442
167950,"Snacks, KRAFT, CORNNUTS, plain",8.5,15.64,71.86,446.0,6.9,564.0,2.43
167964,"Snacks, M&M MARS, COMBOS Snacks Cheddar Cheese Pretzel",9.85,16.92,66.5,463.0,3.6,1117.0,9.656
173135,"Snacks, M&M MARS, KUDOS Whole Grain Bar, M&M's milk chocolate",3.78,11.95,73.01,415.0,2.4,341.0,6.802
169689,"Snacks, M&M MARS, KUDOS Whole Grain Bar, chocolate chip",4.47,13.02,72.31,420.0,2.6,246.0,4.701
173133,"Snacks, M&M MARS, KUDOS Whole Grain Bars, peanut butter",5.88,20.78,64.69,463.0,2.6,268.0,10.411
173151,"Snacks, NUTRI-GRAIN FRUIT AND NUT BAR",9.38,10.93,66.72,403.0,7.5,195.0,1.93
174806,"Snacks, Pretzels, gluten- free made with cornstarch and potato flour",3.52,6.67,78.62,389.0,3.3,1567.0,3.307
169635,"Snacks, SUNKIST, SUNKIST Fruit Roll, strawberry, with vitamins A, C, and E",0.6,1.0,82.7,342.0,7.7,111.0,
173150,"Snacks, bagel chips, plain",12.34,15.14,66.36,451.0,4.1,233.0,6.835
168849,"Snacks, banana chips",2.3,33.6,58.4,519.0,7.7,6.0,28.97
167536,"Snacks, beef jerky, chopped and formed",33.2,25.6,11.0,410.0,1.8,1785.0,10.85
168850,"Snacks, beef sticks, smoked",21.5,49.6,5.4,550.0,,1531.0,20.8
173155,"Snacks, brown rice chips",8.2,2.8,81.5,384.0,4.2,326.0,0.642
174798,"Snacks, candy bits, yogurt covered with vitamin C",0.0,7.5,86.9,415.0,0.2,75.0,1.389
174779,"Snacks, candy rolls, yogurt-covered, fruit flavored with high vitamin C",0.46,6.53,74.64,359.0,3.3,8.0,5.096
168857,"Snacks, corn cakes",8.1,2.4,83.4,387.0,1.9,488.0,0.42
170647,"Snacks, corn cakes, very low sodium",8.1,2.4,83.4,387.0,,28.0,0.42
167538,"Snacks, corn-based, extruded, chips, barbecue-flavor",7.0,32.7,56.2,523.0,5.2,763.0,4.46
170245,"Snacks, corn-based, extruded, chips, barbecue-flavor, made with enriched masa flour",7.0,32.7,56.2,523.0,,763.0,4.46
167537,"Snacks, corn-based, extruded, chips, plain",6.17,33.36,57.27,539.0,4.0,514.0,4.331
168127,"Snacks, corn-based, extruded, chips, unsalted",6.6,33.4,57.4,557.0,4.4,15.0,4.344
167539,"Snacks, corn-based, extruded, cones, plain",5.8,26.9,62.9,510.0,1.1,1022.0,22.75
167948,"Snacks, corn-based, extruded, onion-flavor",7.7,22.6,65.1,499.0,3.9,950.0,4.34
167949,"Snacks, corn-based, extruded, puffs or twists, cheese-flavor",5.46,36.54,54.54,567.0,0.8,928.0,3.749
170244,"Snacks, corn-based, extruded, puffs or twists, cheese-flavor, unenriched",5.76,35.76,54.1,558.0,2.2,896.0,5.512
169672,"Snacks, cornnuts, barbecue-flavor",9.0,14.3,71.7,436.0,8.4,600.0,2.58
169673,"Snacks, crisped rice bar, almond",7.0,20.4,64.6,458.0,3.6,234.0,3.77
167951,"Snacks, crisped rice bar, chocolate chip",5.1,13.5,73.0,404.0,2.2,278.0,5.24
167540,"Snacks, fruit leather, pieces",1.0,2.68,82.82,359.0,0.0,199.0,0.65
169636,"Snacks, fruit leather, pieces, with vitamin C",0.1,3.5,85.2,373.0,3.5,317.0,0.99
167541,"Snacks, fruit leather, rolls",0.1,3.0,85.8,371.0,0.0,317.0,0.672
174801,"Snacks, granola bar, GENERAL MILLS NATURE VALLEY, SWEET&SALTY NUT, peanut",9.14,22.86,61.14,487.0,2.9,414.0,6.857
173153,"Snacks, granola bar, GENERAL MILLS, NATURE VALLEY, CHEWY TRAIL MIX",5.71,11.43,72.27,415.0,3.8,185.0,1.435
174802,"Snacks, granola bar, GENERAL MILLS, NATURE VALLEY, with yogurt coating",5.71,11.43,74.29,423.0,4.4,271.0,1.372
174793,"Snacks, granola bar, KASHI GOLEAN, chewy, mixed flavors",16.67,7.69,63.42,390.0,7.7,321.0,3.227
173144,"Snacks, granola bar, KASHI GOLEAN, crunchy, mixed flavors",17.88,9.23,59.58,393.0,5.9,486.0,4.687
174794,"Snacks, granola bar, KASHI TLC Bar, chewy, mixed flavors",18.57,15.71,53.26,429.0,11.4,293.0,1.213
174797,"Snacks, granola bar, KASHI TLC Bar, crunchy, mixed flavors",15.0,15.0,62.78,446.0,10.0,400.0,1.436
173154,"Snacks, granola bar, QUAKER, DIPPS, all flavors",7.52,20.42,64.96,480.0,3.2,269.0,8.693
174800,"Snacks, granola bar, QUAKER, chewy, 90 Calorie Bar",4.17,8.33,79.17,408.0,4.2,313.0,2.083
173145,"Snacks, granola bar, chewy, reduced sugar, all flavors",5.55,12.5,69.4,412.0,3.1,312.0,5.008
168861,"Snacks, granola bar, fruit-filled, nonfat",5.9,0.9,77.6,342.0,7.4,16.0,0.2
169863,"Snacks, granola bar, with coconut, chocolate coated",5.2,32.2,55.2,531.0,6.2,152.0,22.72
174795,"Snacks, granola bars, QUAKER OATMEAL TO GO, all flavors",6.67,6.67,75.47,389.0,4.6,367.0,1.299
167543,"Snacks, granola bars, hard, almond",7.7,25.5,62.0,495.0,4.8,256.0,12.51
167952,"Snacks, granola bars, hard, chocolate chip",7.3,16.3,72.1,438.0,4.4,344.0,11.41
169681,"Snacks, granola bars, hard, peanut butter",9.8,23.8,62.3,483.0,2.9,283.0,3.2
167542,"Snacks, granola bars, hard, plain",10.1,19.8,64.4,471.0,5.3,294.0,2.37
173148,"Snacks, granola bars, soft, almond, confectioners coating",8.6,20.0,60.13,455.0,4.3,486.0,5.668
167545,"Snacks, granola bars, soft, coated, milk chocolate coating, chocolate chip",5.8,24.9,63.8,466.0,3.4,200.0,14.22
167547,"Snacks, granola bars, soft, coated, milk chocolate coating, peanut butter",10.2,31.1,53.4,508.0,2.8,193.0,17.01
169674,"Snacks, granola bars, soft, uncoated, chocolate chip",5.65,16.57,70.2,418.0,3.8,291.0,6.061
169675,"Snacks, granola bars, soft, uncoated, chocolate chip, graham and marshmallow",6.1,15.5,70.8,427.0,4.0,316.0,9.18
169676,"Snacks, granola bars, soft, uncoated, nut and raisin",8.0,20.4,63.6,454.0,5.6,254.0,9.54
167955,"Snacks, granola bars, soft, uncoated, peanut butter",10.5,15.8,64.4,426.0,4.3,409.0,3.65
167548,"Snacks, granola bars, soft, uncoated, peanut butter and chocolate chip",9.8,20.0,62.2,432.0,4.2,328.0,5.59
167954,"Snacks, granola bars, soft, uncoated, plain",7.4,17.2,67.3,443.0,4.6,278.0,7.25
167544,"Snacks, granola bars, soft, uncoated, raisin",7.6,17.8,66.4,448.0,4.2,282.0,9.57
173146,"Snacks, granola bites, mixed flavors",7.17,17.5,66.27,451.0,5.7,167.0,9.888
167958,"Snacks, oriental mix, rice-based",17.31,25.58,51.62,506.0,13.2,413.0,3.785
173157,"Snacks, peas, roasted, wasabi-flavored",14.11,14.11,62.2,432.0,3.8,300.0,5.29
173147,"Snacks, pita chips, salted",11.79,15.2,68.26,457.0,3.8,854.0,1.342
173142,"Snacks, plantain chips, salted",2.28,29.59,63.84,531.0,3.5,202.0,8.337
167959,"Snacks, popcorn, air-popped",12.94,4.54,77.78,387.0,14.5,8.0,0.637
170246,"Snacks, popcorn, air-popped (Unsalted)",12.0,4.2,77.9,382.0,15.1,4.0,0.57
167550,"Snacks, popcorn, cakes",9.7,3.1,80.1,384.0,2.9,288.0,0.48
167551,"Snacks, popcorn, caramel-coated, with peanuts",6.4,7.8,80.7,400.0,3.8,177.0,1.04
167552,"Snacks, popcorn, caramel-coated, without peanuts",3.8,12.8,79.1,431.0,5.2,206.0,3.61
167960,"Snacks, popcorn, cheese-flavor",9.3,33.2,51.6,526.0,9.9,889.0,6.41
169861,"Snacks, popcorn, home-prepared, oil-popped, unsalted",9.0,28.1,58.1,500.0,10.0,3.0,5.05
173131,"Snacks, popcorn, microwave, 94% fat free",10.72,6.1,76.04,402.0,13.6,571.0,1.184
174778,"Snacks, popcorn, microwave, low fat",12.6,9.5,72.0,424.0,14.2,629.0,1.415
174785,"Snacks, popcorn, microwave, regular (butter) flavor, made with partially hydrogenated oil",7.5,34.02,55.16,557.0,10.0,764.0,7.216
167549,"Snacks, popcorn, oil-popped, microwave, regular flavor, no trans fat",7.29,43.55,45.06,583.0,8.1,909.0,6.82
170247,"Snacks, popcorn, oil-popped, white popcorn, salt added",9.0,28.1,57.2,500.0,10.0,884.0,4.89
168851,"Snacks, pork skins, barbecue-flavor",57.9,31.8,1.6,538.0,,2667.0,11.56
167961,"Snacks, pork skins, plain",61.3,31.3,0.0,544.0,0.0,1818.0,11.37
167962,"Snacks, potato chips, barbecue-flavor",6.51,31.06,55.92,487.0,3.8,545.0,4.002
169682,"Snacks, potato chips, cheese-flavor",8.5,27.2,57.7,496.0,5.2,458.0,8.6
169686,"Snacks, potato chips, fat free, salted",9.64,0.6,83.76,379.0,7.5,643.0,0.15
169684,"Snacks, potato chips, fat-free, made with olestra",7.74,0.7,65.0,274.0,6.8,554.0,0.24
174805,"Snacks, potato chips, lightly salted",6.72,35.39,53.54,560.0,4.2,187.0,5.49
174804,"Snacks, potato chips, made from dried potatoes (preformed), multigrain",5.3,24.74,65.34,505.0,2.7,544.0,6.307
169678,"Snacks, potato chips, made from dried potatoes, cheese-flavor",7.0,37.0,50.6,551.0,3.4,600.0,9.57
168864,"Snacks, potato chips, made from dried potatoes, fat-free, made with olestra",5.06,0.93,56.0,253.0,7.3,429.0,0.355
167553,"Snacks, potato chips, made from dried potatoes, reduced fat",4.56,26.14,64.76,502.0,3.2,450.0,6.759
167554,"Snacks, potato chips, made from dried potatoes, sour-cream and onion-flavor",6.6,37.0,51.3,547.0,1.2,541.0,9.47
170248,"Snacks, potato chips, plain, made with partially hydrogenated soybean oil, salted",7.0,34.6,52.9,536.0,4.8,594.0,5.43
170648,"Snacks, potato chips, plain, made with partially hydrogenated soybean oil, unsalted",7.0,34.6,52.9,536.0,4.8,8.0,5.43
169677,"Snacks, potato chips, plain, salted",6.39,33.98,53.83,532.0,3.1,527.0,3.4
170649,"Snacks, potato chips, plain, unsalted",7.0,34.6,52.9,536.0,4.8,8.0,10.96
169683,"Snacks, potato chips, reduced fat",7.1,20.8,66.9,471.0,5.9,571.0,4.16
167963,"Snacks, potato chips, sour-cream-and-onion-flavor",8.1,33.9,51.5,531.0,5.2,549.0,8.89
169046,"Snacks, potato chips, white, restructured, baked",5.0,18.2,71.4,469.0,4.8,536.0,2.631
168854,"Snacks, potato sticks",6.7,34.4,53.3,522.0,3.4,633.0,8.88
167556,"Snacks, pretzels, hard, confectioner's coating, chocolate-flavor",7.5,16.7,70.9,457.0,2.4,569.0,7.68
170249,"Snacks, pretzels, hard, plain, made with enriched flour, unsalted",9.1,3.5,79.2,381.0,2.8,250.0,0.75
170650,"Snacks, pretzels, hard, plain, made with unenriched flour, salted",9.1,3.5,79.2,381.0,2.8,1715.0,0.75
170651,"Snacks, pretzels, hard, plain, made with unenriched flour, unsalted",9.1,3.5,79.2,381.0,2.8,289.0,0.75
167555,"Snacks, pretzels, hard, plain, salted",10.04,2.93,80.39,384.0,3.4,1240.0,0.391
167965,"Snacks, pretzels, hard, whole-wheat including both salted and unsalted",11.1,2.6,81.3,362.0,7.7,203.0,0.56
167967,"Snacks, rice cakes, brown rice, buckwheat",9.0,3.5,80.1,380.0,3.8,116.0,0.64
170251,"Snacks, rice cakes, brown rice, buckwheat, unsalted",9.0,3.5,80.1,380.0,,4.0,0.64
169679,"Snacks, rice cakes, brown rice, corn",8.4,3.2,81.2,385.0,2.9,167.0,0.63
169680,"Snacks, rice cakes, brown rice, multigrain",8.5,3.5,80.1,387.0,3.0,252.0,0.56
170252,"Snacks, rice cakes, brown rice, multigrain, unsalted",8.5,3.5,80.1,387.0,,4.0,0.56
170250,"Snacks, rice cakes, brown rice, plain, unsalted",8.2,2.8,81.5,387.0,4.2,26.0,0.57
168855,"Snacks, rice cakes, brown rice, rye",8.1,3.8,79.9,386.0,4.0,110.0,0.58
167557,"Snacks, rice cakes, brown rice, sesame seed",7.6,3.8,81.5,392.0,5.4,227.0,0.54
170652,"Snacks, rice cakes, brown rice, sesame seed, unsalted",7.6,3.8,81.5,392.0,,4.0,0.54
167966,"Snacks, rice cracker brown rice, plain",8.2,2.8,81.5,387.0,4.2,166.0,0.57
168856,"Snacks, sesame sticks, wheat-based, salted",10.9,36.7,46.5,541.0,2.8,1488.0,6.48
170653,"Snacks, sesame sticks, wheat-based, unsalted",10.9,36.7,46.5,541.0,,29.0,6.48
173160,"Snacks, shrimp cracker",7.14,17.86,59.09,426.0,5.6,571.0,5.357
173140,"Snacks, soy chips or crisps, salted",26.5,7.35,53.15,385.0,3.5,842.0,1.102
174783,"Snacks, sweet potato chips, unsalted",2.94,32.35,56.82,532.0,8.8,35.0,2.941
168865,"Snacks, taro chips",2.3,24.9,68.1,498.0,7.2,342.0,6.43
168137,"Snacks, tortilla chips, light (baked with less oil)",8.7,15.2,73.4,465.0,5.7,400.0,2.837
168863,"Snacks, tortilla chips, low fat, made with olestra, nacho cheese",8.44,3.53,65.22,318.0,6.4,705.0,1.054
170254,"Snacks, tortilla chips, low fat, unsalted",11.0,5.7,80.1,416.0,5.3,15.0,0.85
167559,"Snacks, tortilla chips, nacho cheese",7.36,27.42,60.81,519.0,5.1,691.0,3.876
170256,"Snacks, tortilla chips, nacho-flavor, made with enriched masa flour",7.8,25.6,62.3,511.0,5.3,708.0,4.9
168858,"Snacks, tortilla chips, nacho-flavor, reduced fat",8.7,15.2,71.6,445.0,4.8,1003.0,2.91
167558,"Snacks, tortilla chips, plain, white corn, salted",7.1,20.68,67.78,472.0,5.4,328.0,2.811
167560,"Snacks, tortilla chips, ranch-flavor",7.19,24.63,62.74,501.0,4.0,519.0,3.539
167970,"Snacks, tortilla chips, taco-flavor",7.9,24.2,63.1,480.0,5.3,787.0,4.64
168116,"Snacks, tortilla chips, unsalted, white corn",7.79,23.36,65.32,503.0,5.3,15.0,2.458
167561,"Snacks, trail mix, regular",13.8,29.4,44.9,462.0,,229.0,5.55
170654,"Snacks, trail mix, regular, unsalted",13.8,29.4,44.9,462.0,,10.0,5.55
167969,"Snacks, trail mix, regular, with chocolate chips, salted nuts and seeds",14.2,31.9,44.9,484.0,5.0,121.0,6.09
170655,"Snacks, trail mix, regular, with chocolate chips, unsalted nuts and seeds",14.2,31.9,44.9,484.0,,27.0,6.1
167968,"Snacks, trail mix, tropical",6.3,17.1,65.6,442.0,,95.0,8.48
174791,"Snacks, vegetable chips, HAIN CELESTIAL GROUP, TERRA CHIPS",4.13,29.81,57.97,517.0,10.9,246.0,1.887
174796,"Snacks, vegetable chips, made from garden vegetables",5.32,23.3,60.43,473.0,4.7,412.0,1.762
173152,"Snacks, yucca (cassava) chips, salted",1.34,25.91,69.23,515.0,3.7,296.0,8.689
173262,"Sorghum flour, refined, unenriched",9.53,1.24,76.85,357.0,1.9,1.0,0.303
168943,"Sorghum flour, whole-grain",8.43,3.34,76.64,359.0,6.6,3.0,0.528
169716,Sorghum grain,10.62,3.46,72.09,329.0,6.7,2.0,0.61
174545,"Soup, HEALTHY CHOICE Chicken Noodle Soup, canned",3.69,0.63,5.2,41.0,0.8,195.0,0.4
172899,"Soup, HEALTHY CHOICE Chicken and Rice Soup, canned",2.53,0.55,5.71,37.0,0.8,181.0,0.17
172900,"Soup, HEALTHY CHOICE Garden Vegetable Soup, canned",2.13,0.21,10.04,51.0,1.9,195.0,0.05
171179,"Soup, SWANSON, beef broth, lower sodium",1.2,0.08,0.21,6.0,,180.0,0.03
171180,"Soup, SWANSON, vegetable broth",0.23,0.07,1.02,6.0,0.0,303.0,0.031
174533,"Soup, bean & ham, canned, reduced sodium, prepared with water or ready-to-serve",4.19,1.03,13.66,81.0,4.0,187.0,0.252
171586,"Soup, bean with bacon, condensed, single brand",6.5,2.1,18.0,117.0,4.6,672.0,0.601
171143,"Soup, bean with frankfurters, canned, condensed",7.6,5.31,16.75,142.0,4.6,831.0,1.61
172905,"Soup, bean with frankfurters, canned, prepared with equal volume water",3.99,2.79,8.8,75.0,,437.0,0.85
171144,"Soup, bean with ham, canned, chunky, ready-to-serve",5.19,3.5,11.16,95.0,4.6,400.0,1.37
171142,"Soup, bean with pork, canned, condensed",5.88,4.42,16.97,129.0,5.9,672.0,1.14
172904,"Soup, bean with pork, canned, prepared with equal volume water",2.88,2.16,8.31,63.0,2.9,349.0,0.558
171611,"Soup, beef and mushroom, low sodium, chunk style",4.3,2.3,9.58,69.0,0.2,25.0,1.621
171190,"Soup, beef and vegetables, canned, ready-to-serve",3.18,1.16,6.16,48.0,1.2,326.0,0.407
174065,"Soup, beef and vegetables, reduced sodium, canned, ready-to-serve",3.26,0.95,4.99,42.0,0.8,175.0,
174073,"Soup, beef barley, ready to serve",2.81,0.96,7.94,52.0,0.9,297.0,0.329
171548,"Soup, beef broth bouillon and consomme, canned, condensed",2.52,0.0,0.32,11.0,0.0,694.0,0.0
171538,"Soup, beef broth or bouillon canned, ready-to-serve",1.14,0.22,0.04,7.0,0.0,372.0,0.11
171560,"Soup, beef broth or bouillon, powder, dry",15.97,8.89,17.4,213.0,0.0,26000.0,4.32
172922,"Soup, beef broth or bouillon, powder, prepared with water",0.21,0.08,0.25,3.0,0.0,382.0,0.04
174557,"Soup, beef broth, bouillon, consomme, prepared with equal volume water",2.22,0.0,0.73,12.0,0.0,264.0,0.0
171561,"Soup, beef broth, cubed, dry",17.3,4.0,16.1,170.0,0.0,24000.0,1.99
172923,"Soup, beef broth, cubed, prepared with water",0.21,0.08,0.25,3.0,0.0,260.0,0.04
172889,"Soup, beef broth, less/reduced sodium, ready to serve",1.14,0.07,0.2,6.0,0.0,225.0,0.042
171175,"Soup, beef mushroom, canned, condensed",4.6,2.4,5.2,61.0,0.2,709.0,1.2
171572,"Soup, beef mushroom, canned, prepared with equal volume water",2.37,1.23,2.6,30.0,0.1,386.0,0.61
171539,"Soup, beef noodle, canned, condensed",3.85,2.46,7.16,67.0,0.6,653.0,0.91
172906,"Soup, beef noodle, canned, prepared with equal volume water",1.93,1.23,3.58,34.0,0.3,325.0,0.455
171612,"Soup, beef stroganoff, canned, chunky style, ready-to-serve",5.1,4.6,9.0,98.0,0.6,435.0,2.324
171141,"Soup, black bean, canned, condensed",4.83,1.32,15.42,91.0,6.8,970.0,0.34
172903,"Soup, black bean, canned, prepared with equal volume water",2.42,0.66,7.71,46.0,3.4,487.0,0.17
171613,"Soup, bouillon cubes and granules, low sodium, dry",16.7,13.89,64.88,438.0,0.2,1067.0,3.433
171178,"Soup, broccoli cheese, canned, condensed, commercial",2.1,5.3,7.7,87.0,1.8,661.0,1.6
171541,"Soup, cheese, canned, condensed",0.8,3.92,11.3,82.0,2.2,692.0,2.45
172894,"Soup, cheese, canned, prepared with equal volume milk",3.77,5.8,6.47,92.0,0.4,406.0,3.63
174550,"Soup, cheese, canned, prepared with equal volume water",2.19,4.24,4.26,63.0,0.4,388.0,2.7
171546,"Soup, chicken and vegetable, canned, ready-to-serve",1.97,0.73,4.68,33.0,0.9,229.0,0.121
171563,"Soup, chicken broth cubes, dry",14.6,4.7,23.5,198.0,0.0,24000.0,1.2
174566,"Soup, chicken broth cubes, dry, prepared with water",0.39,0.12,0.62,5.0,,326.0,0.03
171562,"Soup, chicken broth or bouillon, dry",16.66,13.88,18.01,267.0,0.0,23875.0,3.43
172924,"Soup, chicken broth or bouillon, dry, prepared with water",0.28,0.23,0.3,4.0,0.0,401.0,0.057
171542,"Soup, chicken broth, canned, condensed",4.42,1.04,0.75,31.0,0.0,621.0,0.31
174551,"Soup, chicken broth, canned, prepared with equal volume water",2.02,0.57,0.38,16.0,0.0,306.0,0.16
172888,"Soup, chicken broth, less/reduced sodium, ready to serve",1.36,0.0,0.38,7.0,0.0,231.0,0.0
171609,"Soup, chicken broth, low sodium, canned",2.0,0.6,1.2,16.0,0.0,30.0,0.179
174536,"Soup, chicken broth, ready-to-serve",0.64,0.21,0.44,6.0,0.0,371.0,0.013
171585,"Soup, chicken corn chowder, chunky, ready-to-serve, single brand",3.1,6.3,7.5,99.0,0.9,299.0,1.75
171147,"Soup, chicken gumbo, canned, condensed",2.1,1.14,6.67,45.0,1.6,693.0,0.26
172908,"Soup, chicken gumbo, canned, prepared with equal volume water",1.08,0.59,3.43,23.0,0.8,391.0,0.13
174522,"Soup, chicken mushroom, canned, condensed",1.61,4.84,11.95,100.0,3.2,669.0,1.246
171573,"Soup, chicken mushroom, canned, prepared with equal volume water",1.8,3.75,3.8,54.0,0.1,327.0,0.98
171543,"Soup, chicken noodle, canned, condensed",2.37,1.55,6.07,48.0,0.9,681.0,0.389
172909,"Soup, chicken noodle, canned, prepared with equal volume water",1.16,0.76,2.97,24.0,0.5,335.0,0.191
171571,"Soup, chicken noodle, dry, mix",15.42,6.51,62.32,377.0,3.2,3161.0,1.969
172925,"Soup, chicken noodle, dry, mix, prepared with water",0.84,0.55,3.67,23.0,0.1,229.0,0.122
171593,"Soup, chicken noodle, low sodium, canned, prepared with equal volume water",1.27,0.95,2.95,25.0,0.2,173.0,0.262
174064,"Soup, chicken noodle, reduced sodium, canned, ready-to-serve",3.29,1.34,3.84,41.0,0.8,186.0,0.394
171544,"Soup, chicken rice, canned, chunky, ready-to-serve",5.11,1.33,5.41,53.0,0.4,370.0,0.4
172892,"Soup, chicken vegetable with potato and cheese, chunky, ready-to-serve",1.16,4.46,5.2,65.0,0.3,416.0,1.636
171149,"Soup, chicken vegetable, canned, condensed",2.94,2.32,7.01,61.0,0.7,706.0,0.69
171545,"Soup, chicken with rice, canned, condensed",1.84,1.56,11.57,68.0,0.9,645.0,0.37
172910,"Soup, chicken with rice, canned, prepared with equal volume water",1.45,0.78,2.92,24.0,0.3,238.0,0.185
171145,"Soup, chicken, canned, chunky, ready-to-serve",5.06,2.64,6.88,71.0,0.6,354.0,0.79
171150,"Soup, chili beef, canned, condensed",5.09,2.53,18.86,117.0,2.5,788.0,1.242
172911,"Soup, chili beef, canned, prepared with equal volume water",2.49,1.24,9.23,57.0,1.2,388.0,0.608
171162,"Soup, chunky beef, canned, ready-to-serve",3.97,1.11,10.08,66.0,0.6,338.0,0.554
171148,"Soup, chunky chicken noodle, canned, ready-to-serve",3.09,1.16,4.46,41.0,0.8,306.0,0.627
171559,"Soup, chunky vegetable, canned, ready-to-serve",1.14,0.36,7.9,39.0,1.1,267.0,0.045
174071,"Soup, chunky vegetable, reduced sodium, canned, ready-to-serve",1.16,0.51,10.28,50.0,1.1,138.0,0.217
171151,"Soup, clam chowder, manhattan style, canned, chunky, ready-to-serve",3.02,1.41,7.84,56.0,1.2,417.0,0.88
171152,"Soup, clam chowder, manhattan, canned, condensed",1.74,1.76,9.74,61.0,1.2,698.0,0.305
174554,"Soup, clam chowder, manhattan, canned, prepared with equal volume water",0.85,0.86,4.77,30.0,0.6,226.0,0.149
171547,"Soup, clam chowder, new england, canned, condensed",3.17,2.06,10.32,72.0,0.7,516.0,0.959
174539,"Soup, clam chowder, new england, canned, prepared with equal volume low fat (2%) milk",3.24,2.02,7.46,61.0,0.3,273.0,1.094
174555,"Soup, clam chowder, new england, canned, prepared with equal volume water",1.55,1.01,5.05,35.0,0.3,254.0,0.468
174062,"Soup, clam chowder, new england, canned, ready-to-serve",2.61,3.94,8.28,79.0,1.0,343.0,
174063,"Soup, clam chowder, new england, reduced sodium, canned, ready-to-serve",2.33,4.23,5.68,70.0,0.8,194.0,0.701
171537,"Soup, cream of asparagus, canned, condensed",1.82,3.26,8.52,69.0,0.4,669.0,0.82
172891,"Soup, cream of asparagus, canned, prepared with equal volume milk",2.55,3.3,6.61,65.0,0.3,420.0,1.34
174549,"Soup, cream of asparagus, canned, prepared with equal volume water",0.94,1.68,4.38,35.0,0.2,402.0,0.43
171540,"Soup, cream of celery, canned, condensed",1.32,4.46,7.03,72.0,0.6,516.0,1.12
172893,"Soup, cream of celery, canned, prepared with equal volume milk",2.29,3.91,5.86,66.0,0.3,272.0,1.59
172907,"Soup, cream of celery, canned, prepared with equal volume water",0.68,2.29,3.62,37.0,0.3,254.0,0.58
171146,"Soup, cream of chicken, canned, condensed",2.38,5.77,7.16,90.0,0.0,702.0,1.697
171602,"Soup, cream of chicken, canned, condensed, reduced sodium",1.8,1.3,9.5,58.0,0.4,357.0,0.5
174537,"Soup, cream of chicken, canned, prepared with equal volume milk",3.01,4.62,6.04,77.0,0.1,362.0,1.87
174553,"Soup, cream of chicken, canned, prepared with equal volume water",1.41,3.02,3.8,48.0,0.1,347.0,0.85
174567,"Soup, cream of chicken, dry, mix, prepared with water",0.68,2.04,5.11,41.0,0.1,454.0,1.3
171155,"Soup, cream of mushroom, canned, condensed",1.35,5.3,6.8,79.0,0.7,691.0,0.964
172887,"Soup, cream of mushroom, canned, condensed, reduced sodium",1.21,1.69,8.1,52.0,0.6,383.0,0.53
174540,"Soup, cream of mushroom, canned, prepared with equal volume low fat (2%) milk",2.36,3.58,5.76,65.0,0.3,357.0,1.116
172915,"Soup, cream of mushroom, canned, prepared with equal volume water",0.66,2.59,3.33,39.0,0.3,340.0,0.472
171607,"Soup, cream of mushroom, low sodium, ready-to-serve, canned",1.0,3.7,4.53,53.0,0.2,20.0,1.005
171552,"Soup, cream of onion, canned, condensed",2.2,4.2,10.4,88.0,0.4,637.0,1.17
174541,"Soup, cream of onion, canned, prepared with equal volume milk",2.74,3.78,7.4,75.0,0.3,405.0,1.63
174559,"Soup, cream of onion, canned, prepared with equal volume water",1.13,2.16,5.2,44.0,0.4,380.0,0.6
171158,"Soup, cream of potato, canned, condensed",1.51,1.88,12.79,74.0,1.3,604.0,0.97
172897,"Soup, cream of potato, canned, prepared with equal volume milk",2.33,2.6,6.92,60.0,0.2,230.0,1.52
172917,"Soup, cream of potato, canned, prepared with equal volume water",0.72,0.97,4.7,30.0,0.2,238.0,0.5
171159,"Soup, cream of shrimp, canned, condensed",2.22,4.14,6.53,72.0,0.2,685.0,2.58
172898,"Soup, cream of shrimp, canned, prepared with equal volume low fat (2%) milk",2.78,3.23,5.64,61.0,0.1,354.0,1.93
172918,"Soup, cream of shrimp, canned, prepared with equal volume water",1.11,2.07,3.27,36.0,0.1,391.0,1.29
171166,"Soup, cream of vegetable, dry, powder",8.0,24.1,52.1,446.0,3.0,3857.0,6.03
174807,"Soup, egg drop, Chinese restaurant",1.16,0.61,4.29,27.0,0.4,370.0,0.166
168027,"Soup, fish, homemade (Alaska Native)",7.4,2.2,5.6,72.0,,30.0,0.5
174808,"Soup, hot and sour, Chinese restaurant",2.58,1.21,4.35,39.0,0.5,376.0,0.229
171549,"Soup, lentil with ham, canned, ready-to-serve",3.74,1.12,8.16,56.0,,532.0,0.45
171550,"Soup, minestrone, canned, chunky, ready-to-serve",2.13,1.17,8.64,53.0,2.4,288.0,0.62
171153,"Soup, minestrone, canned, condensed",3.48,2.05,9.17,68.0,0.8,516.0,0.44
172913,"Soup, minestrone, canned, prepared with equal volume water",1.77,1.04,4.66,34.0,0.4,254.0,0.23
174530,"Soup, minestrone, canned, reduced sodium, ready-to-serve",2.0,0.8,9.0,50.0,2.4,215.0,0.14
171154,"Soup, mushroom barley, canned, condensed",1.5,1.8,9.6,61.0,,573.0,0.35
172914,"Soup, mushroom barley, canned, prepared with equal volume water",0.77,0.93,4.8,30.0,0.3,365.0,0.18
171156,"Soup, mushroom with beef stock, canned, condensed",2.51,3.21,7.41,68.0,0.1,773.0,1.24
174558,"Soup, mushroom with beef stock, canned, prepared with equal volume water",1.29,1.65,3.81,35.0,0.3,397.0,0.64
171551,"Soup, onion, canned, condensed",3.06,1.42,6.68,46.0,0.7,516.0,0.21
171165,"Soup, onion, dry, mix",7.48,0.34,65.07,293.0,6.6,8031.0,0.089
174568,"Soup, onion, dry, mix, prepared with water",0.32,0.01,2.77,12.0,0.3,346.0,0.004
171553,"Soup, oyster stew, canned, condensed",1.72,3.13,3.32,48.0,0.0,722.0,2.04
172895,"Soup, oyster stew, canned, prepared with equal volume milk",2.51,3.24,3.99,55.0,0.0,425.0,2.06
174560,"Soup, oyster stew, canned, prepared with equal volume water",0.87,1.59,1.69,24.0,,407.0,1.04
171554,"Soup, pea, green, canned, condensed",6.54,2.23,20.18,125.0,3.9,680.0,1.07
172896,"Soup, pea, green, canned, prepared with equal volume milk",4.97,2.77,12.69,94.0,1.1,352.0,1.58
174561,"Soup, pea, green, canned, prepared with equal volume water",3.2,1.09,9.88,61.0,1.9,336.0,0.524
171592,"Soup, pea, low sodium, prepared with equal volume water",3.2,1.09,9.88,62.0,1.9,10.0,0.524
171555,"Soup, pea, split with ham, canned, chunky, ready-to-serve",4.62,1.66,11.17,77.0,1.7,301.0,0.66
171157,"Soup, pea, split with ham, canned, condensed",7.68,3.28,20.81,141.0,1.7,630.0,1.31
172916,"Soup, pea, split with ham, canned, prepared with equal volume water",4.08,1.74,11.05,75.0,0.9,398.0,0.7
171177,"Soup, ramen noodle, any flavor, dry",10.17,17.59,60.26,440.0,2.9,1855.0,8.117
171614,"Soup, ramen noodle, beef flavor, dry",10.06,17.73,60.34,441.0,3.0,1727.0,8.158
171615,"Soup, ramen noodle, chicken flavor, dry",10.22,17.52,60.23,439.0,2.9,1923.0,8.095
171822,"Soup, ramen noodle, dry, any flavor, reduced fat, reduced sodium",10.89,2.5,70.95,350.0,2.7,1200.0,0.0
174532,"Soup, shark fin, restaurant-prepared",3.2,2.0,3.8,46.0,0.0,501.0,0.501
172883,"Soup, stock, beef, home-prepared",1.97,0.09,1.2,13.0,0.0,198.0,0.035
172884,"Soup, stock, chicken, home-prepared",2.52,1.2,3.53,36.0,0.0,143.0,0.321
172885,"Soup, stock, fish, home-prepared",2.26,0.81,0.0,16.0,0.0,156.0,0.203
171160,"Soup, tomato beef with noodle, canned, condensed",3.55,3.42,16.87,112.0,1.2,731.0,1.27
172919,"Soup, tomato beef with noodle, canned, prepared with equal volume water",1.78,1.71,8.44,56.0,0.6,367.0,0.635
172881,"Soup, tomato bisque, canned, condensed",1.76,1.95,18.47,96.0,0.8,698.0,0.42
172902,"Soup, tomato bisque, canned, prepared with equal volume milk",2.51,2.63,11.73,79.0,0.2,442.0,1.25
171574,"Soup, tomato bisque, canned, prepared with equal volume water",0.92,1.02,9.6,50.0,0.2,424.0,0.22
171557,"Soup, tomato rice, canned, condensed",1.64,2.12,17.08,93.0,1.3,635.0,0.4
172920,"Soup, tomato rice, canned, prepared with equal volume water",0.82,1.06,8.54,47.0,0.7,319.0,0.2
172882,"Soup, tomato, canned, condensed",1.46,0.44,15.22,66.0,1.1,377.0,0.115
171587,"Soup, tomato, canned, condensed, reduced sodium",1.61,0.56,13.41,65.0,1.2,22.0,0.155
174546,"Soup, tomato, canned, prepared with equal volume low fat (2%) milk",2.42,1.24,9.82,55.0,0.5,206.0,0.707
171176,"Soup, tomato, canned, prepared with equal volume water, commercial",0.71,0.21,7.45,32.0,0.5,186.0,0.056
174569,"Soup, tomato, dry, mix, prepared with water",0.93,0.61,7.17,38.0,0.4,356.0,0.286
171591,"Soup, tomato, low sodium, with water",0.79,0.28,6.57,30.0,0.6,33.0,0.076
174562,"Soup, turkey noodle, canned, prepared with equal volume water",1.6,0.82,3.54,28.0,0.3,334.0,0.23
174563,"Soup, turkey vegetable, canned, prepared with equal volume water",1.28,1.26,3.58,30.0,0.2,376.0,0.37
171558,"Soup, turkey, chunky, canned, ready-to-serve",4.33,1.87,5.96,57.0,,391.0,0.52
171163,"Soup, vegetable beef, canned, condensed",4.45,1.51,8.11,63.0,1.6,706.0,0.68
174565,"Soup, vegetable beef, canned, prepared with equal volume water",2.23,0.76,4.06,31.0,0.8,349.0,0.34
171189,"Soup, vegetable beef, microwavable, ready-to-serve, single brand",6.2,0.7,3.3,44.0,1.5,376.0,0.221
171583,"Soup, vegetable broth, ready to serve",0.24,0.07,0.93,5.0,0.0,296.0,0.028
171596,"Soup, vegetable chicken, canned, prepared with water, low sodium",5.1,2.0,8.76,69.0,0.4,35.0,0.597
171594,"Soup, vegetable soup, condensed, low sodium, prepared with equal volume water",1.1,0.45,6.06,33.0,1.1,194.0,0.074
171164,"Soup, vegetable with beef broth, canned, condensed",2.42,1.56,10.7,66.0,1.3,515.0,0.36
172921,"Soup, vegetable with beef broth, canned, prepared with equal volume water",1.21,0.78,5.35,33.0,0.7,253.0,0.18
174538,"Soup, vegetable, canned, low sodium, condensed",2.2,0.9,12.11,65.0,2.1,385.0,0.147
171161,"Soup, vegetarian vegetable, canned, condensed",1.72,1.58,9.78,59.0,0.5,516.0,0.24
174564,"Soup, vegetarian vegetable, canned, prepared with equal volume water",0.86,0.79,4.89,28.0,0.3,338.0,0.12
171821,"Soup, wonton, Chinese restaurant",2.08,0.26,5.25,32.0,0.2,406.0,0.062
173444,"Sour cream, fat free",3.1,0.0,15.6,74.0,0.0,141.0,0.0
170869,"Sour cream, imitation, cultured",2.4,19.52,6.63,208.0,0.0,102.0,17.791
173443,"Sour cream, light",3.5,10.6,7.1,136.0,0.0,83.0,6.6
173442,"Sour cream, reduced fat",7.0,14.1,7.0,181.0,0.0,70.0,8.7
171259,"Sour dressing, non-butterfat, cultured, filled cream-type",3.25,16.57,4.68,178.0,0.0,48.0,13.272
168028,"Sourdock, young leaves (Alaska Native)",2.3,0.7,6.5,42.0,,,
167761,"Soursop, raw",1.0,0.3,16.84,66.0,3.3,14.0,0.051
174275,"Soy flour, defatted",51.46,1.22,33.92,327.0,17.5,20.0,0.136
174273,"Soy flour, full-fat, raw",37.81,20.65,31.92,434.0,9.6,13.0,2.987
174274,"Soy flour, full-fat, roasted",38.09,21.86,30.38,439.0,9.7,12.0,3.162
172444,"Soy flour, low-fat",49.81,8.9,30.63,372.0,16.0,9.0,1.29
172445,"Soy meal, defatted, raw",49.2,2.39,35.89,337.0,,3.0,0.268
174301,"Soy protein concentrate, produced by acid wash",63.63,0.46,25.41,328.0,5.5,900.0,0.052
172447,"Soy protein concentrate, produced by alcohol extraction",63.63,0.46,25.41,328.0,5.5,3.0,0.052
174276,Soy protein isolate,88.32,3.39,0.0,335.0,0.0,1005.0,0.422
174302,"Soy protein isolate, potassium type",88.32,0.53,2.59,321.0,0.0,50.0,0.077
174279,Soy sauce made from hydrolyzed vegetable protein,7.0,0.51,7.84,60.0,0.5,6820.0,0.04
174278,Soy sauce made from soy (tamari),10.51,0.1,5.57,60.0,0.8,5586.0,0.011
174277,Soy sauce made from soy and wheat (shoyu),8.14,0.57,4.93,53.0,0.8,5493.0,0.073
172473,"Soy sauce made from soy and wheat (shoyu), low sodium",9.05,0.3,5.59,57.0,0.7,3598.0,0.035
172474,"Soy sauce, reduced sodium, made from hydrolyzed vegetable protein",8.19,0.31,14.44,90.0,0.3,2890.0,0.02
169083,"Soybean, curd cheese",12.5,8.1,6.9,151.0,0.0,20.0,1.172
170530,"Soybeans, green, cooked, boiled, drained, with salt",12.35,6.4,11.05,141.0,4.2,250.0,0.74
169283,"Soybeans, green, cooked, boiled, drained, without salt",12.35,6.4,11.05,141.0,4.2,14.0,0.74
169282,"Soybeans, green, raw",12.95,6.8,11.05,147.0,4.2,15.0,0.786
174271,"Soybeans, mature cooked, boiled, without salt",18.21,8.97,8.36,172.0,6.0,1.0,1.297
174299,"Soybeans, mature seeds, cooked, boiled, with salt",18.21,8.97,8.36,172.0,6.0,237.0,1.297
172441,"Soybeans, mature seeds, dry roasted",43.32,21.62,28.98,449.0,8.1,2.0,3.127
174270,"Soybeans, mature seeds, raw",36.49,19.94,30.16,446.0,9.3,2.0,2.884
174300,"Soybeans, mature seeds, roasted, no salt added",38.55,25.4,30.22,469.0,17.7,4.0,3.674
172440,"Soybeans, mature seeds, roasted, salted",38.55,25.4,30.22,469.0,17.7,163.0,3.674
168460,"Soybeans, mature seeds, sprouted, cooked, steamed",8.47,4.45,6.53,81.0,0.8,10.0,0.617
169369,"Soybeans, mature seeds, sprouted, cooked, steamed, with salt",8.47,4.45,6.53,81.0,0.8,246.0,0.617
168461,"Soybeans, mature seeds, sprouted, cooked, stir-fried",13.1,7.1,9.4,125.0,0.8,14.0,0.985
169370,"Soybeans, mature seeds, sprouted, cooked, stir-fried, with salt",13.1,7.1,9.4,125.0,0.8,250.0,
169284,"Soybeans, mature seeds, sprouted, raw",13.09,6.7,9.57,122.0,1.1,14.0,0.929
173765,"Soymilk (All flavors), enhanced",2.94,1.99,3.45,45.0,0.4,50.0,0.206
173769,"Soymilk (All flavors), lowfat, with added calcium, vitamins A and D",1.65,0.62,7.2,43.0,0.8,37.0,0.0
175216,"Soymilk (all flavors), nonfat, with added calcium, vitamins A and D",2.47,0.04,4.14,28.0,0.2,57.0,0.0
175215,"Soymilk (all flavors), unsweetened, with added calcium, vitamins A and D",2.86,1.61,1.74,33.0,0.5,37.0,0.206
173767,"Soymilk, chocolate and other flavors, light, with added calcium, vitamins A and D",2.1,0.64,8.24,47.0,0.7,46.0,0.032
175217,"Soymilk, chocolate, nonfat, with added calcium, vitamins A and D",2.47,0.04,8.51,44.0,0.2,57.0,0.0
174293,"Soymilk, chocolate, unfortified",2.26,1.53,9.95,63.0,0.4,53.0,0.24
174295,"Soymilk, chocolate, with added calcium, vitamins A and D",2.26,1.53,9.95,63.0,0.4,53.0,0.24
173768,"Soymilk, original and vanilla, light, unsweetened, with added calcium, vitamins A and D",2.62,0.85,3.85,34.0,0.6,63.0,0.078
173766,"Soymilk, original and vanilla, light, with added calcium, vitamins A and D",2.38,0.77,3.51,30.0,0.3,48.0,0.005
172446,"Soymilk, original and vanilla, unfortified",3.27,1.75,6.28,54.0,0.6,51.0,0.205
172456,"Soymilk, original and vanilla, with added calcium, vitamins A and D",2.6,1.47,4.92,43.0,0.2,47.0,0.205
172089,"Spaghetti with meat sauce, frozen entree",5.05,1.01,15.24,90.0,1.8,238.0,0.35
168934,"Spaghetti, protein-fortified, cooked, enriched (n x 6.25)",8.86,0.21,30.88,164.0,2.0,5.0,0.032
168937,"Spaghetti, protein-fortified, dry, enriched (n x 6.25)",21.78,2.23,65.65,374.0,2.4,8.0,0.328
168912,"Spaghetti, spinach, cooked",4.58,0.63,26.15,130.0,,14.0,0.091
168911,"Spaghetti, spinach, dry",13.35,1.57,74.81,372.0,10.6,36.0,0.226
172099,"Spaghetti, with meatballs in tomato sauce, canned",4.37,4.11,11.45,100.0,2.7,280.0,1.459
169777,"Spanish rice mix, dry mix, prepared (with canola/vegetable oil blend or diced tomatoes and margarine)",3.27,2.38,22.74,125.0,1.5,349.0,0.387
168959,"Spanish rice mix, dry mix, unprepared",10.62,1.62,76.45,363.0,3.1,1085.0,0.395
172239,"Spearmint, dried",19.93,6.03,52.04,285.0,29.8,344.0,1.577
173475,"Spearmint, fresh",3.29,0.73,8.41,44.0,6.8,30.0,0.191
169746,"Spelt, cooked",5.5,0.85,26.44,127.0,3.9,5.0,
169745,"Spelt, uncooked",14.57,2.43,70.19,338.0,10.7,8.0,0.406
171315,"Spices, allspice, ground",6.09,8.69,72.12,263.0,21.6,77.0,2.55
171316,"Spices, anise seed",17.6,15.9,50.02,337.0,14.6,16.0,0.586
171317,"Spices, basil, dried",22.98,4.07,47.75,233.0,37.7,76.0,2.157
170917,"Spices, bay leaf",7.61,8.36,74.97,313.0,26.3,23.0,2.28
170918,"Spices, caraway seed",19.77,14.59,49.9,333.0,38.0,17.0,0.62
170919,"Spices, cardamom",10.76,6.7,68.47,311.0,28.0,18.0,0.68
170920,"Spices, celery seed",18.07,25.27,41.35,392.0,11.8,160.0,2.19
171318,"Spices, chervil, dried",23.2,3.9,49.1,237.0,11.3,83.0,0.169
171319,"Spices, chili powder",13.46,14.28,49.7,282.0,34.8,2867.0,2.462
171320,"Spices, cinnamon, ground",3.99,1.24,80.59,247.0,53.1,10.0,0.345
171321,"Spices, cloves, ground",5.97,13.0,65.53,274.0,33.9,277.0,3.952
170921,"Spices, coriander leaf, dried",21.93,4.78,52.1,279.0,10.4,211.0,0.115
170922,"Spices, coriander seed",12.37,17.77,54.99,298.0,41.9,35.0,0.99
170923,"Spices, cumin seed",17.81,22.27,44.24,375.0,10.5,168.0,1.535
170924,"Spices, curry powder",14.29,14.01,55.83,325.0,53.2,52.0,1.648
170925,"Spices, dill seed",15.98,14.54,55.17,305.0,21.1,20.0,0.73
171322,"Spices, dill weed, dried",19.96,4.36,55.82,253.0,13.6,208.0,0.234
171323,"Spices, fennel seed",15.8,14.87,52.29,345.0,39.8,88.0,0.48
171324,"Spices, fenugreek seed",23.0,6.41,58.35,323.0,24.6,67.0,1.46
171325,"Spices, garlic powder",16.55,0.73,72.73,331.0,9.0,60.0,0.249
170926,"Spices, ginger, ground",8.98,4.24,71.62,335.0,14.1,27.0,2.599
170927,"Spices, mace, ground",6.71,32.38,50.5,475.0,20.2,80.0,9.51
170928,"Spices, marjoram, dried",12.66,7.04,60.56,271.0,40.3,77.0,0.529
170929,"Spices, mustard seed, ground",26.08,36.24,28.09,508.0,12.2,13.0,1.989
171326,"Spices, nutmeg, ground",5.84,36.31,49.29,525.0,20.8,16.0,25.94
171327,"Spices, onion powder",10.41,1.04,79.12,341.0,15.2,73.0,0.219
171328,"Spices, oregano, dried",9.0,4.28,68.92,265.0,42.5,25.0,1.551
171329,"Spices, paprika",14.14,12.89,53.99,282.0,34.9,68.0,2.14
170930,"Spices, parsley, dried",26.63,5.48,50.64,292.0,26.7,452.0,1.378
170931,"Spices, pepper, black",10.39,3.26,63.95,251.0,25.3,20.0,1.392
170932,"Spices, pepper, red or cayenne",12.01,17.27,56.63,318.0,27.2,30.0,3.26
170933,"Spices, pepper, white",10.4,2.12,68.61,296.0,26.2,5.0,0.626
171330,"Spices, poppy seed",17.99,41.56,28.13,525.0,19.5,26.0,4.517
171331,"Spices, poultry seasoning",9.59,7.53,65.59,307.0,11.3,27.0,3.29
171332,"Spices, pumpkin pie spice",5.76,12.6,69.28,342.0,14.8,52.0,6.53
171333,"Spices, rosemary, dried",4.88,15.22,64.06,331.0,42.6,50.0,7.371
170934,"Spices, saffron",11.43,5.85,65.37,310.0,3.9,148.0,1.586
170935,"Spices, sage, ground",10.63,12.75,60.73,315.0,40.3,11.0,7.03
170936,"Spices, savory, ground",6.73,5.91,68.73,272.0,45.7,24.0,3.26
170937,"Spices, tarragon, dried",22.77,7.24,50.22,295.0,7.4,62.0,1.881
170938,"Spices, thyme, dried",9.11,7.43,63.94,276.0,37.0,55.0,2.73
172231,"Spices, turmeric, ground",9.68,3.25,67.14,312.0,22.7,27.0,1.838
170494,Spinach souffle,7.89,12.95,5.9,172.0,0.7,566.0,6.091
170123,"Spinach, canned, no salt added, solids and liquids",2.11,0.37,2.92,19.0,2.2,75.0,0.06
169286,"Spinach, canned, regular pack, drained solids",2.81,0.5,3.4,23.0,2.4,322.0,0.081
169285,"Spinach, canned, regular pack, solids and liquids",2.11,0.37,2.92,19.0,1.6,319.0,0.06
170531,"Spinach, cooked, boiled, drained, with salt",2.97,0.26,3.75,23.0,2.4,306.0,0.043
168463,"Spinach, cooked, boiled, drained, without salt",2.97,0.26,3.75,23.0,2.4,70.0,0.043
170124,"Spinach, frozen, chopped or leaf, cooked, boiled, drained, with salt",4.01,0.87,4.8,34.0,3.7,322.0,0.036
169288,"Spinach, frozen, chopped or leaf, cooked, boiled, drained, without salt",4.01,0.87,4.8,34.0,3.7,97.0,0.157
169287,"Spinach, frozen, chopped or leaf, unprepared (Includes foods for USDA's Food Distribution Program)",3.63,0.57,4.21,29.0,2.9,74.0,0.041
168462,"Spinach, raw",2.86,0.39,3.63,23.0,2.2,79.0,0.063
174534,"Split pea soup, canned, reduced sodium, prepared with water or ready-to serve",3.85,0.92,11.83,71.0,1.9,166.0,0.3
174535,"Split pea with ham soup, canned, reduced sodium, prepared with water or ready-to-serve",4.0,0.7,11.4,68.0,1.9,196.0,0.294
171080,"Squab, (pigeon), light meat without skin, raw",21.76,4.52,0.0,134.0,0.0,55.0,1.18
174475,"Squab, (pigeon), meat and skin, raw",18.47,23.8,0.0,294.0,0.0,54.0,8.43
171079,"Squab, (pigeon), meat only, raw",17.5,7.5,0.0,142.0,0.0,51.0,1.96
167632,"Squash, Indian, cooked, boiled (Navajo)",0.31,0.15,3.22,16.0,1.5,,
168040,"Squash, Indian, raw (Navajo)",0.52,0.2,5.64,26.0,,20.0,
170125,"Squash, summer, all varieties, cooked, boiled, drained, with salt",0.91,0.31,4.31,20.0,1.4,237.0,0.064
170488,"Squash, summer, all varieties, cooked, boiled, drained, without salt",0.91,0.31,4.31,20.0,1.4,1.0,0.064
170487,"Squash, summer, all varieties, raw",1.21,0.18,3.35,16.0,1.1,2.0,0.044
168466,"Squash, summer, crookneck and straightneck, canned, drained, solid, without salt",0.61,0.07,2.96,13.0,1.4,5.0,0.015
170126,"Squash, summer, crookneck and straightneck, cooked, boiled, drained, with salt",1.04,0.39,3.79,19.0,1.1,237.0,0.064
168465,"Squash, summer, crookneck and straightneck, cooked, boiled, drained, without salt",1.04,0.39,3.79,19.0,1.1,1.0,0.064
170532,"Squash, summer, crookneck and straightneck, frozen, cooked, boiled, drained, with salt",1.28,0.2,5.54,25.0,1.4,242.0,0.04
168468,"Squash, summer, crookneck and straightneck, frozen, cooked, boiled, drained, without salt",1.28,0.2,5.54,25.0,1.4,6.0,0.04
168467,"Squash, summer, crookneck and straightneck, frozen, unprepared",0.83,0.14,4.8,20.0,1.2,5.0,0.029
168464,"Squash, summer, crookneck and straightneck, raw",1.01,0.27,3.88,19.0,1.0,2.0,0.093
170533,"Squash, summer, scallop, cooked, boiled, drained, with salt",1.03,0.17,3.3,16.0,1.9,237.0,0.035
169290,"Squash, summer, scallop, cooked, boiled, drained, without salt",1.03,0.17,3.3,16.0,1.9,1.0,0.035
169289,"Squash, summer, scallop, raw",1.2,0.2,3.84,18.0,1.2,1.0,0.041
170534,"Squash, summer, zucchini, includes skin, cooked, boiled, drained, with salt",1.14,0.36,2.69,15.0,1.0,239.0,0.072
169292,"Squash, summer, zucchini, includes skin, cooked, boiled, drained, without salt",1.14,0.36,2.69,15.0,1.0,3.0,0.072
170535,"Squash, summer, zucchini, includes skin, frozen, cooked, boiled, drained, with salt",1.15,0.13,2.97,14.0,1.3,238.0,0.027
168470,"Squash, summer, zucchini, includes skin, frozen, cooked, boiled, drained, without salt",1.15,0.13,3.56,17.0,1.3,2.0,0.027
168469,"Squash, summer, zucchini, includes skin, frozen, unprepared",1.16,0.13,3.58,17.0,1.3,2.0,0.027
169291,"Squash, summer, zucchini, includes skin, raw",1.21,0.32,3.11,17.0,1.0,8.0,0.084
168471,"Squash, summer, zucchini, italian style, canned",1.03,0.11,6.85,29.0,,374.0,0.023
170128,"Squash, winter, acorn, cooked, baked, with salt",1.12,0.14,14.58,56.0,4.4,240.0,0.029
169293,"Squash, winter, acorn, cooked, baked, without salt",1.12,0.14,14.58,56.0,4.4,4.0,0.029
170129,"Squash, winter, acorn, cooked, boiled, mashed, with salt",0.67,0.08,8.79,34.0,2.6,239.0,0.017
169294,"Squash, winter, acorn, cooked, boiled, mashed, without salt",0.67,0.08,8.79,34.0,2.6,3.0,0.017
168472,"Squash, winter, acorn, raw",0.8,0.1,10.42,40.0,1.5,3.0,0.021
170127,"Squash, winter, all varieties, cooked, baked, with salt",0.89,0.35,8.85,37.0,2.8,237.0,0.072
170490,"Squash, winter, all varieties, cooked, baked, without salt",0.89,0.35,8.85,37.0,2.8,1.0,0.072
170489,"Squash, winter, all varieties, raw",0.95,0.13,8.59,34.0,1.5,4.0,0.027
170130,"Squash, winter, butternut, cooked, baked, with salt",0.9,0.09,10.49,40.0,3.2,240.0,0.019
169296,"Squash, winter, butternut, cooked, baked, without salt",0.9,0.09,10.49,40.0,3.2,4.0,0.019
170536,"Squash, winter, butternut, frozen, cooked, boiled, with salt",1.23,0.07,10.04,39.0,,238.0,0.014
168474,"Squash, winter, butternut, frozen, cooked, boiled, without salt",1.23,0.07,10.05,39.0,,2.0,0.014
168473,"Squash, winter, butternut, frozen, unprepared",1.76,0.1,14.41,57.0,1.3,2.0,0.021
169295,"Squash, winter, butternut, raw",1.0,0.1,11.69,45.0,2.0,4.0,0.021
170537,"Squash, winter, hubbard, baked, with salt",2.48,0.62,10.81,50.0,4.9,244.0,0.128
168476,"Squash, winter, hubbard, baked, without salt",2.48,0.62,10.81,50.0,4.9,8.0,0.128
170538,"Squash, winter, hubbard, cooked, boiled, mashed, with salt",1.48,0.37,6.46,30.0,2.9,241.0,0.076
169297,"Squash, winter, hubbard, cooked, boiled, mashed, without salt",1.48,0.37,6.46,30.0,2.9,5.0,0.076
168475,"Squash, winter, hubbard, raw",2.0,0.5,8.7,40.0,3.9,7.0,0.103
170539,"Squash, winter, spaghetti, cooked, boiled, drained, or baked, with salt",0.66,0.26,6.46,27.0,1.4,254.0,0.062
169299,"Squash, winter, spaghetti, cooked, boiled, drained, or baked, without salt",0.66,0.26,6.46,27.0,1.4,18.0,0.062
169298,"Squash, winter, spaghetti, raw",0.64,0.57,6.91,31.0,1.5,17.0,0.117
168565,"Squash, zucchini, baby, raw",2.71,0.4,3.11,21.0,1.1,3.0,0.083
167619,"Squirrel, ground, meat (Alaska Native)",19.3,3.8,0.0,111.0,,,
168060,"Steelhead trout, boiled, canned (Alaska Native)",21.11,8.26,0.0,159.0,0.0,118.0,1.53
168059,"Steelhead trout, dried, flesh (Shoshone Bannock)",77.27,8.06,0.0,382.0,0.0,2850.0,0.829
168042,"Stew, dumpling with mutton (Navajo)",8.71,3.78,8.03,101.0,,46.0,1.709
168043,"Stew, hominy with mutton (Navajo)",6.71,2.06,9.38,83.0,2.0,45.0,0.733
168991,"Stew, moose (Alaska Native)",6.6,0.5,6.0,55.0,0.5,222.0,0.01
168044,"Stew, mutton, corn, squash (Navajo)",8.62,4.34,7.27,103.0,1.7,49.0,1.735
169006,"Stew, pinto bean and hominy, badufsuki (Hopi)",1.42,0.54,5.38,32.0,1.5,45.0,0.085
167637,"Stew, steamed corn (Navajo)",8.82,3.75,10.8,112.0,2.3,104.0,1.603
168984,"Stew/soup, caribou (Alaska Native)",3.8,0.7,4.8,41.0,0.1,72.0,0.01
169819,"Stinging Nettles, blanched (Northern Plains Indians)",2.71,0.11,7.49,42.0,6.9,4.0,
168172,"Strawberries, canned, heavy syrup pack, solids and liquids",0.56,0.26,23.53,92.0,1.7,4.0,0.014
168174,"Strawberries, frozen, sweetened, sliced",0.53,0.13,25.92,96.0,1.9,3.0,0.007
168173,"Strawberries, frozen, unsweetened (Includes foods for USDA's Food Distribution Program)",0.43,0.11,9.13,35.0,2.1,2.0,0.006
167762,"Strawberries, raw",0.67,0.3,7.68,32.0,2.0,1.0,0.015
174869,"Strawberry-flavor beverage mix, powder",0.1,0.2,99.1,389.0,0.0,38.0,0.0
175032,"Strudel, apple",3.3,11.2,41.1,274.0,2.2,135.0,2.044
168478,"Succotash, (corn and limas), canned, with cream style corn",2.64,0.54,17.61,77.0,3.0,245.0,0.101
168479,"Succotash, (corn and limas), canned, with whole kernel corn, solids and liquids",2.6,0.49,13.98,63.0,2.6,221.0,0.092
170540,"Succotash, (corn and limas), cooked, boiled, drained, with salt",5.07,0.8,24.37,111.0,,253.0,0.148
168477,"Succotash, (corn and limas), cooked, boiled, drained, without salt",5.07,0.8,24.38,115.0,4.5,17.0,0.148
170131,"Succotash, (corn and limas), frozen, cooked, boiled, drained, with salt",4.31,0.89,19.95,93.0,4.1,281.0,0.166
168481,"Succotash, (corn and limas), frozen, cooked, boiled, drained, without salt",4.31,0.89,19.95,93.0,4.1,45.0,0.166
168480,"Succotash, (corn and limas), frozen, unprepared",4.31,0.89,19.94,93.0,4.0,45.0,0.166
169300,"Succotash, (corn and limas), raw",5.03,1.02,19.59,99.0,3.8,4.0,0.19
170674,"Sugar, turbinado",0.0,0.0,99.8,399.0,,3.0,
168175,"Sugar-apples, (sweetsop), raw",2.06,0.29,23.64,94.0,4.4,9.0,0.048
168833,"Sugars, brown",0.12,0.0,98.09,380.0,0.0,28.0,0.0
169655,"Sugars, granulated",0.0,0.0,99.98,387.0,0.0,1.0,0.0
169658,"Sugars, maple",0.1,0.2,90.9,354.0,0.0,11.0,0.036
169656,"Sugars, powdered",0.0,0.0,99.77,389.0,0.0,2.0,0.0
168016,"Sweet Potato puffs, frozen, unprepared",1.36,3.58,30.72,161.0,1.9,250.0,0.31
168015,"Sweet Potatoes, french fried, crosscut, frozen, unprepared",1.7,11.1,25.52,209.0,3.4,214.0,0.93
167606,"Sweet Potatoes, french fried, frozen as packaged, salt added in processing",2.16,8.92,35.58,182.0,5.7,146.0,1.157
170133,"Sweet potato leaves, cooked, steamed, with salt",2.18,0.34,7.38,35.0,1.9,249.0,0.065
169304,"Sweet potato leaves, cooked, steamed, without salt",2.18,0.34,7.38,35.0,1.9,7.0,0.065
169303,"Sweet potato leaves, raw",2.49,0.51,8.82,42.0,5.3,6.0,0.111
169305,"Sweet potato, canned, mashed",1.98,0.2,23.19,101.0,1.7,75.0,0.041
170084,"Sweet potato, canned, syrup pack, drained solids",1.28,0.32,25.36,108.0,3.0,39.0,0.069
170083,"Sweet potato, canned, syrup pack, solids and liquids",0.98,0.2,20.93,89.0,2.5,29.0,0.041
168485,"Sweet potato, canned, vacuum pack",1.65,0.2,21.12,91.0,1.8,53.0,0.041
170134,"Sweet potato, cooked, baked in skin, flesh, with salt",2.01,0.15,20.71,90.0,3.3,246.0,0.052
168483,"Sweet potato, cooked, baked in skin, flesh, without salt",2.01,0.15,20.71,90.0,3.3,36.0,0.052
168484,"Sweet potato, cooked, boiled, without skin",1.37,0.14,17.72,76.0,2.5,27.0,0.031
170541,"Sweet potato, cooked, boiled, without skin, with salt",1.37,0.14,17.72,76.0,2.5,263.0,0.04
170088,"Sweet potato, cooked, candied, home-prepared",0.89,3.54,32.12,164.0,2.1,119.0,2.171
170542,"Sweet potato, frozen, cooked, baked, with salt",1.71,0.12,23.4,100.0,1.8,244.0,0.026
169307,"Sweet potato, frozen, cooked, baked, without salt",1.71,0.12,23.4,100.0,1.8,8.0,0.025
169306,"Sweet potato, frozen, unprepared (Includes foods for USDA's Food Distribution Program)",1.71,0.18,22.22,96.0,1.7,6.0,0.039
168482,"Sweet potato, raw, unprepared (Includes foods for USDA's Food Distribution Program)",1.57,0.05,20.12,86.0,3.0,55.0,0.018
175033,"Sweet rolls, cheese",7.1,18.3,43.7,360.0,1.2,357.0,6.059
175034,"Sweet rolls, cinnamon, commercially prepared with raisins",6.2,16.4,50.9,372.0,2.4,304.0,3.079
172798,"Sweet rolls, cinnamon, refrigerated dough with frosting",5.0,12.2,51.6,333.0,,765.0,3.081
172799,"Sweet rolls, cinnamon, refrigerated dough with frosting, baked",5.4,13.2,56.1,362.0,,832.0,3.348
170679,"Sweetener, herbal extract powder from Stevia leaf",0.0,0.0,100.0,0.0,0.0,0.0,0.0
170277,"Sweetener, syrup, agave",0.09,0.45,76.37,310.0,0.2,4.0,0.0
170672,"Sweeteners, for baking, brown, contains sugar and sucralose",0.0,0.0,97.11,388.0,,11.0,
170673,"Sweeteners, for baking, contains sugar and sucralose",0.0,0.0,99.53,398.0,,2.0,
170675,"Sweeteners, sugar substitute, granulated, brown",2.06,0.0,84.77,347.0,0.6,572.0,
169657,"Sweeteners, tabletop, aspartame, EQUAL, packets",2.17,0.0,89.08,365.0,0.0,0.0,0.0
169896,"Sweeteners, tabletop, fructose, dry, powder",0.0,0.0,100.0,368.0,0.0,12.0,0.0
168142,"Sweeteners, tabletop, fructose, liquid",0.0,0.0,76.1,279.0,0.1,2.0,0.0
169072,"Sweeteners, tabletop, saccharin (sodium saccharin)",0.94,0.0,89.11,360.0,0.0,428.0,0.0
170257,"Sweeteners, tabletop, sucralose, SPLENDA packets",0.0,0.0,91.17,336.0,0.0,0.0,0.0
174601,"Swisswurst, pork and beef, with swiss cheese, smoked",12.69,27.37,1.6,307.0,0.0,827.0,
167743,"Syrup, Cane",0.0,0.0,73.14,269.0,0.0,58.0,0.0
170681,"Syrup, NESTLE, chocolate",0.0,0.0,67.21,269.0,0.0,150.0,0.0
167957,"Syrup, fruit flavored",0.0,0.02,65.1,261.0,0.0,0.0,0.0
170276,"Syrup, maple, Canadian",0.0,0.0,67.38,270.0,0.0,9.0,
168834,"Syrups, chocolate, HERSHEY'S Genuine Chocolate Flavored Lite Syrup",1.4,0.97,34.56,153.0,0.0,100.0,0.0
170677,"Syrups, chocolate, HERSHEY'S Sugar free, Genuine Chocolate Flavored, Lite Syrup",2.87,2.03,14.2,43.0,2.9,343.0,0.746
168835,"Syrups, chocolate, fudge-type",4.6,8.9,62.9,350.0,2.8,346.0,3.98
168836,"Syrups, corn, dark",0.0,0.0,77.59,286.0,0.0,155.0,0.0
169659,"Syrups, corn, high-fructose",0.0,0.0,76.0,281.0,0.0,2.0,0.0
168837,"Syrups, corn, light",0.0,0.2,76.79,283.0,0.0,62.0,0.0
168088,"Syrups, grenadine",0.0,0.0,66.91,268.0,0.0,27.0,0.0
169660,"Syrups, malt",6.2,0.0,71.3,318.0,0.0,35.0,0.0
169661,"Syrups, maple",0.04,0.06,67.04,260.0,0.0,12.0,0.007
169662,"Syrups, sorghum",0.0,0.0,74.9,290.0,0.0,8.0,0.0
169878,"Syrups, sugar free",0.8,0.0,11.99,51.0,0.7,210.0,0.0
168839,"Syrups, table blends, corn, refiner, and sugar",0.0,0.0,83.9,319.0,0.0,71.0,0.0
169578,"Syrups, table blends, pancake",0.0,0.0,61.47,234.0,0.0,82.0,0.0
169577,"Syrups, table blends, pancake, reduced-calorie",0.0,0.0,44.55,165.0,0.0,178.0,0.0
168838,"Syrups, table blends, pancake, with 2% maple",0.0,0.1,69.6,265.0,0.0,61.0,0.018
170646,"Syrups, table blends, pancake, with 2% maple, with added potassium",0.0,0.1,69.6,265.0,0.0,61.0,0.0
167584,"Syrups, table blends, pancake, with butter",0.0,0.09,72.43,291.0,0.0,287.0,0.0
169832,"T.G.I. FRIDAY'S, FRIDAY'S Shrimp, breaded",11.87,19.02,20.87,302.0,,1210.0,3.501
169019,"T.G.I. FRIDAY'S, chicken fingers",18.68,20.31,16.84,325.0,0.8,787.0,3.905
169013,"T.G.I. FRIDAY'S, chicken fingers, from kids' menu",18.11,20.78,17.72,330.0,0.9,792.0,3.916
169014,"T.G.I. FRIDAY'S, classic sirloin steak (10 oz)",31.02,7.83,0.47,196.0,,232.0,2.451
169833,"T.G.I. FRIDAY'S, french fries",3.74,14.82,36.9,296.0,4.1,409.0,2.6
169834,"T.G.I. FRIDAY'S, fried mozzarella",15.82,18.76,25.33,333.0,2.2,738.0,7.172
169835,"T.G.I. FRIDAY'S, macaroni & cheese, from kid's menu",5.03,3.45,17.4,121.0,1.0,482.0,1.63
170735,"TACO BELL, BURRITO SUPREME with beef",7.03,6.8,23.37,183.0,3.7,451.0,2.733
170334,"TACO BELL, BURRITO SUPREME with chicken",9.84,6.42,20.51,179.0,2.4,564.0,2.352
170335,"TACO BELL, BURRITO SUPREME with steak",9.13,7.27,20.32,183.0,2.4,534.0,2.674
170734,"TACO BELL, Bean Burrito",7.35,6.05,31.23,209.0,4.2,563.0,2.309
170336,"TACO BELL, Nachos",4.32,21.5,34.91,350.0,3.2,313.0,2.173
170337,"TACO BELL, Nachos Supreme",6.21,12.48,21.39,223.0,3.7,348.0,2.549
170332,"TACO BELL, Original Taco with beef, cheese and lettuce",8.86,12.7,19.85,229.0,3.9,397.0,4.384
170333,"TACO BELL, Soft Taco with beef, cheese and lettuce",9.25,9.75,20.23,206.0,2.9,560.0,4.155
170732,"TACO BELL, Soft Taco with chicken, cheese and lettuce",13.3,6.35,19.69,189.0,1.2,613.0,2.559
170733,"TACO BELL, Soft Taco with steak",11.81,12.1,17.22,225.0,1.6,551.0,3.369
170736,"TACO BELL, Taco Salad",6.69,9.17,15.1,170.0,3.0,363.0,2.979
172800,"Taco shells, baked",6.41,21.79,63.49,476.0,6.7,324.0,7.105
175067,"Taco shells, baked, without added salt",7.2,22.6,62.4,468.0,7.5,15.0,3.245
167636,Tamales (Navajo),6.28,6.12,18.12,153.0,3.1,427.0,2.396
169007,"Tamales, masa and pork filling (Hopi)",13.19,4.7,18.28,168.0,3.3,298.0,1.383
167786,"Tamarind nectar, canned",0.09,0.12,14.73,57.0,0.5,7.0,
167763,"Tamarinds, raw",2.8,0.6,62.5,239.0,5.1,28.0,0.272
169925,"Tangerine juice, raw",0.5,0.2,10.1,43.0,0.2,1.0,0.024
169106,"Tangerines, (mandarin oranges), canned, juice pack",0.62,0.03,9.57,37.0,0.7,5.0,0.003
168184,"Tangerines, (mandarin oranges), canned, juice pack, drained",0.75,0.04,9.41,38.0,1.2,5.0,0.004
169924,"Tangerines, (mandarin oranges), canned, light syrup pack",0.45,0.1,16.19,61.0,0.7,6.0,0.012
169105,"Tangerines, (mandarin oranges), raw",0.81,0.31,13.34,53.0,1.8,2.0,0.039
169717,"Tapioca, pearl, dry",0.19,0.02,88.69,358.0,0.9,1.0,0.005
169772,"Taquitos, frozen, beef and cheese, oven-heated",9.4,12.79,33.46,287.0,2.8,456.0,2.621
169771,"Taquitos, frozen, chicken and cheese, oven-heated",9.21,12.54,33.63,284.0,2.9,453.0,2.31
168488,"Taro leaves, cooked, steamed, without salt",2.72,0.41,4.02,24.0,2.0,2.0,0.083
168487,"Taro leaves, raw",4.98,0.74,6.7,42.0,3.7,3.0,0.151
169309,"Taro shoots, cooked, without salt",0.73,0.08,3.2,14.0,,2.0,0.016
168489,"Taro shoots, raw",0.92,0.09,2.32,11.0,,1.0,0.018
170543,"Taro, cooked, with salt",0.52,0.11,34.6,142.0,5.1,251.0,0.023
168486,"Taro, cooked, without salt",0.52,0.11,34.6,142.0,5.1,15.0,0.023
170544,"Taro, leaves, cooked, steamed, with salt",2.72,0.41,3.89,24.0,2.0,238.0,0.083
169308,"Taro, raw",1.5,0.2,26.46,112.0,4.1,11.0,0.041
170135,"Taro, shoots, cooked, with salt",0.73,0.08,3.19,14.0,,238.0,0.016
170136,"Taro, tahitian, cooked, with salt",4.16,0.68,6.85,44.0,,290.0,0.139
170455,"Taro, tahitian, cooked, without salt",4.16,0.68,6.85,44.0,,54.0,0.139
169310,"Taro, tahitian, raw",2.79,0.97,6.91,44.0,,50.0,0.197
175069,"Tart, breakfast, low fat",3.99,5.99,76.8,372.0,1.5,361.0,1.393
169828,"Tea, herbal, brewed, Hohoysi (Hopi)",0.12,0.2,0.0,2.0,,27.0,
167620,"Tea, tundra, herb and laborador combination (Alaska Native)",0.0,0.0,0.2,1.0,,132.0,0.0
168918,"Teff, cooked",3.87,0.65,19.86,101.0,2.8,8.0,
169747,"Teff, uncooked",13.3,2.38,73.13,367.0,8.0,12.0,0.449
174272,Tempeh,20.29,10.8,7.64,192.0,,9.0,2.539
172467,"Tempeh, cooked",19.91,11.38,7.62,195.0,,14.0,3.4
169811,"Tennis Bread, plain (Apache)",9.0,1.05,53.26,258.0,2.6,810.0,0.27
172940,"Thuringer, cervelat, summer sausage, beef, pork",17.45,30.43,3.33,362.0,0.0,1300.0,11.51
173470,"Thyme, fresh",5.56,1.68,24.45,101.0,14.0,9.0,0.467
167927,"Toaster Pastries, fruit, frosted (include apples, blueberry, cherry, strawberry)",4.01,9.02,71.83,385.0,1.8,311.0,3.091
172801,"Toaster pastries, brown-sugar-cinnamon",4.06,7.98,72.64,370.0,2.3,361.0,
175035,"Toaster pastries, fruit (includes apple, blueberry, cherry, strawberry)",4.2,9.95,70.32,388.0,1.0,334.0,3.615
167928,"Toaster pastries, fruit, toasted (include apple, blueberry, cherry, strawberry)",4.7,11.03,72.7,409.0,1.0,354.0,2.637
172294,"Toddler drink, MEAD JOHNSON, PurAmino Toddler Powder, with ARA and DHA, not reconstituted",13.9,26.0,55.68,512.0,,230.0,10.3
170993,"Toddler formula, MEAD JOHNSON, ENFAGROW PREMIUM (formerly ENFAMIL, LIPIL, NEXT STEP), ready-to-feed",1.78,3.63,7.18,64.0,0.0,25.0,1.55
170992,"Toddler formula, MEAD JOHNSON, ENFAGROW, Toddler Transitions, with ARA and DHA, powder",12.9,26.9,52.8,505.0,0.0,179.0,10.9
173526,"Toddler formula, MEAD JOHNSON, Nutramigen Toddler with LGG Powder, with ARA and DHA, not reconstituted",12.0,21.0,61.97,485.0,,178.0,8.6
167722,Tofu yogurt,3.5,1.8,15.96,94.0,0.2,35.0,0.259
172450,"Tofu, dried-frozen (koyadofu)",52.47,30.34,10.03,477.0,7.2,6.0,4.388
174303,"Tofu, dried-frozen (koyadofu), prepared with calcium sulfate",52.43,30.34,8.3,470.0,1.2,6.0,4.388
174290,"Tofu, extra firm, prepared with nigari",9.98,5.26,1.18,83.0,1.0,4.0,0.919
172448,"Tofu, firm, prepared with calcium sulfate and magnesium chloride (nigari)",9.04,4.17,2.85,78.0,0.9,12.0,0.793
172451,"Tofu, fried",18.82,20.18,8.86,270.0,3.9,16.0,2.918
174304,"Tofu, fried, prepared with calcium sulfate",18.82,20.18,8.86,270.0,3.9,16.0,2.918
174291,"Tofu, hard, prepared with nigari",12.68,9.99,4.39,145.0,0.6,2.0,1.445
172475,"Tofu, raw, firm, prepared with calcium sulfate",17.27,8.72,2.78,144.0,2.3,14.0,1.261
172476,"Tofu, raw, regular, prepared with calcium sulfate",8.08,4.78,1.87,76.0,0.3,7.0,0.691
174280,"Tofu, salted and fermented (fuyu)",8.92,8.0,4.38,116.0,,2873.0,1.157
174305,"Tofu, salted and fermented (fuyu), prepared with calcium sulfate",8.15,8.0,5.15,116.0,,2873.0,1.157
172449,"Tofu, soft, prepared with calcium sulfate and magnesium chloride (nigari)",7.17,3.69,1.18,61.0,0.2,8.0,0.533
168566,"Tomatillos, raw",0.96,1.02,5.84,32.0,1.9,1.0,0.139
167708,"Tomato and vegetable juice, low sodium",0.6,0.1,4.59,22.0,0.8,58.0,0.014
170458,"Tomato juice, canned, with salt added",0.85,0.29,3.53,17.0,0.4,253.0,0.019
170545,"Tomato juice, canned, without salt added",0.85,0.29,3.53,17.0,0.4,10.0,0.019
170461,Tomato powder,12.91,0.44,74.68,302.0,16.5,134.0,0.062
170459,"Tomato products, canned, paste, without salt added (Includes foods for USDA's Food Distribution Program)",4.32,0.47,18.91,82.0,4.1,59.0,0.1
170546,"Tomato products, canned, puree, with salt added",1.65,0.21,8.98,38.0,1.9,202.0,0.029
170460,"Tomato products, canned, puree, without salt added",1.65,0.21,8.98,38.0,1.9,28.0,0.029
170054,"Tomato products, canned, sauce",1.2,0.3,5.31,24.0,1.5,474.0,0.041
170085,"Tomato products, canned, sauce, spanish style",1.44,0.27,7.24,33.0,1.4,472.0,0.038
170057,"Tomato products, canned, sauce, with herbs and cheese",2.13,1.93,10.24,59.0,2.2,543.0,0.627
170055,"Tomato products, canned, sauce, with mushrooms",1.45,0.13,8.43,35.0,1.5,452.0,0.017
170056,"Tomato products, canned, sauce, with onions",1.56,0.19,9.94,42.0,1.8,551.0,0.03
170462,"Tomato products, canned, sauce, with onions, green peppers, and celery",0.94,0.74,8.77,41.0,1.4,368.0,0.133
170463,"Tomato products, canned, sauce, with tomato tidbits",1.32,0.39,7.09,32.0,1.4,15.0,0.055
169074,"Tomato sauce, canned, no salt added",1.2,0.3,5.31,24.0,1.5,11.0,0.041
170501,"Tomatoes, crushed, canned",1.64,0.28,7.29,32.0,1.9,186.0,0.04
170456,"Tomatoes, green, raw",1.2,0.2,5.1,23.0,1.1,13.0,0.028
170502,"Tomatoes, orange, raw",1.16,0.19,3.18,16.0,0.9,42.0,0.025
170051,"Tomatoes, red, ripe, canned, packed in tomato juice",0.79,0.25,3.47,16.0,1.9,115.0,0.034
170138,"Tomatoes, red, ripe, canned, packed in tomato juice, no salt added",0.79,0.25,3.47,16.0,1.9,10.0,0.034
170052,"Tomatoes, red, ripe, canned, stewed",0.91,0.19,6.19,26.0,1.0,221.0,0.026
170053,"Tomatoes, red, ripe, canned, with green chilies",0.69,0.08,3.62,15.0,,401.0,0.011
170050,"Tomatoes, red, ripe, cooked",0.95,0.11,4.01,18.0,0.7,11.0,0.015
170089,"Tomatoes, red, ripe, cooked, stewed",1.96,2.68,13.05,79.0,1.7,455.0,0.521
170137,"Tomatoes, red, ripe, cooked, with salt",0.95,0.11,4.01,18.0,0.7,247.0,0.015
170457,"Tomatoes, red, ripe, raw, year round average",0.88,0.2,3.89,18.0,1.2,5.0,0.028
168567,"Tomatoes, sun-dried",14.11,2.97,55.76,258.0,12.3,107.0,0.426
169384,"Tomatoes, sun-dried, packed in oil, drained",5.06,14.08,23.33,213.0,5.8,266.0,1.893
170096,"Tomatoes, yellow, raw",0.98,0.26,2.98,15.0,0.7,23.0,0.036
167956,"Topping, SMUCKER'S MAGIC SHELL",2.94,44.1,50.07,609.0,2.9,29.0,20.59
168841,"Toppings, butterscotch or caramel",1.21,0.0,57.01,216.0,0.0,341.0,0.0
169664,"Toppings, marshmallow cream",0.8,0.3,79.0,322.0,0.1,80.0,0.056
169666,"Toppings, nuts in syrup",4.5,22.0,58.08,448.0,2.3,42.0,1.96
169665,"Toppings, pineapple",0.1,0.1,66.4,253.0,0.4,42.0,0.018
168758,"Toppings, strawberry",0.2,0.1,66.3,254.0,0.7,21.0,0.005
172094,"Tortellini, pasta with cheese filling, fresh-refrigerated, as purchased",13.5,7.23,47.0,307.0,1.9,406.0,3.6
168859,"Tortilla chips, low fat, baked without fat",11.0,5.7,80.2,448.0,5.3,517.0,0.85
173143,"Tortilla chips, yellow, plain, salted",6.62,22.33,67.38,497.0,4.7,310.0,2.776
169829,"Tortilla, blue corn, Sakwavikaviki (Hopi)",7.83,1.4,58.12,276.0,3.4,663.0,0.287
168041,"Tortilla, includes plain and from mutton sandwich (Navajo)",7.28,0.95,49.94,237.0,2.4,482.0,0.296
175036,"Tortillas, ready-to-bake or -fry, corn",5.7,2.85,44.64,218.0,6.3,45.0,0.453
173241,"Tortillas, ready-to-bake or -fry, corn, without added salt",5.7,2.5,46.6,222.0,5.2,11.0,0.334
175037,"Tortillas, ready-to-bake or -fry, flour, refrigerated",8.2,7.99,49.38,306.0,3.5,736.0,2.924
167535,"Tortillas, ready-to-bake or -fry, flour, shelf stable",8.01,7.58,49.27,297.0,2.4,742.0,1.225
173242,"Tortillas, ready-to-bake or -fry, flour, without added calcium",8.7,7.1,55.6,325.0,3.3,478.0,1.745
174081,"Tortillas, ready-to-bake or -fry, whole wheat",9.76,9.76,45.89,310.0,9.8,617.0,4.878
167525,"Tostada shells, corn",6.15,23.38,64.43,474.0,5.8,657.0,7.011
168553,"Tree fern, cooked, with salt",0.29,0.07,10.78,40.0,3.7,241.0,
170464,"Tree fern, cooked, without salt",0.29,0.07,10.98,40.0,3.7,5.0,0.009
169718,Triticale,13.05,2.09,72.13,336.0,,5.0,0.366
168888,"Triticale flour, whole-grain",13.18,1.81,73.14,338.0,14.6,2.0,0.318
172092,"Turkey Pot Pie, frozen entree",6.5,8.8,17.7,176.0,1.1,350.0,2.88
171500,"Turkey and gravy, frozen",5.88,2.63,4.61,67.0,0.0,554.0,0.85
174572,"Turkey breast, low salt, prepackaged or deli, luncheon meat",21.81,0.83,3.51,109.0,0.5,772.0,0.197
171501,"Turkey breast, pre-basted, meat and skin, cooked, roasted",22.16,3.46,0.0,126.0,0.0,397.0,0.98
172941,"Turkey breast, sliced, prepackaged",14.81,3.77,2.2,106.0,0.0,898.0,0.906
174512,"Turkey from whole, light meat, meat and skin, with added solution, cooked, roasted",26.52,5.64,0.0,157.0,0.0,237.0,1.593
174511,"Turkey from whole, light meat, meat and skin, with added solution, raw",20.02,7.42,0.14,147.0,0.0,195.0,1.35
172865,"Turkey from whole, light meat, meat only, with added solution, cooked, roasted",26.97,2.08,0.0,127.0,0.0,238.0,0.593
172864,"Turkey from whole, light meat, meat only, with added solution, raw",21.54,1.66,0.0,101.0,0.0,206.0,0.536
171503,"Turkey roast, boneless, frozen, seasoned, light and dark meat, raw",17.6,2.2,6.4,120.0,0.0,678.0,0.73
171103,"Turkey sticks, breaded, battered, fried",14.2,16.9,17.0,279.0,,838.0,4.38
171502,"Turkey thigh, pre-basted, meat and skin, cooked, roasted",18.8,8.54,0.0,157.0,0.0,437.0,2.65
171506,"Turkey, Ground, cooked",27.37,10.4,0.0,203.0,0.0,78.0,2.669
171505,"Turkey, Ground, raw",19.66,7.66,0.0,148.0,0.0,58.0,2.024
171092,"Turkey, all classes, back, meat and skin, cooked, roasted",26.59,14.38,0.16,244.0,0.0,73.0,4.18
171492,"Turkey, all classes, breast, meat and skin, cooked, roasted",28.71,7.41,0.0,189.0,0.0,63.0,2.1
171093,"Turkey, all classes, breast, meat and skin, raw",21.89,7.02,0.0,157.0,0.0,59.0,1.91
171483,"Turkey, all classes, gizzard, cooked, simmered",26.45,4.64,0.0,155.0,0.0,127.0,1.059
171485,"Turkey, all classes, heart, cooked, simmered",24.88,7.52,0.0,174.0,0.0,140.0,1.898
171484,"Turkey, all classes, heart, raw",16.7,7.44,0.4,140.0,0.0,129.0,1.923
171494,"Turkey, all classes, leg, meat and skin, cooked, roasted",27.87,9.82,0.0,208.0,0.0,77.0,3.06
171493,"Turkey, all classes, leg, meat and skin, raw",19.54,6.72,0.0,144.0,0.0,74.0,2.06
171491,"Turkey, all classes, light meat, cooked, roasted",30.13,2.08,0.0,147.0,0.0,99.0,0.593
171487,"Turkey, all classes, liver, cooked, simmered",27.0,8.18,0.0,189.0,0.0,98.0,2.304
171486,"Turkey, all classes, liver, raw",18.26,5.5,0.0,128.0,0.0,131.0,1.664
171094,"Turkey, all classes, wing, meat and skin, cooked, roasted",27.38,12.43,0.0,229.0,0.0,61.0,3.39
171495,"Turkey, all classes, wing, meat and skin, raw",20.22,12.32,0.0,197.0,0.0,55.0,3.28
171138,"Turkey, back, from whole bird, meat and skin, with added solution, raw",16.86,15.41,0.15,206.0,0.0,157.0,2.73
171139,"Turkey, back, from whole bird, meat and skin, with added solution, roasted",25.8,11.36,0.0,205.0,0.0,237.0,3.205
174520,"Turkey, back, from whole bird, meat only, with added solution, raw",19.27,4.12,0.15,115.0,0.0,167.0,1.124
174521,"Turkey, back, from whole bird, meat only, with added solution, roasted",26.97,2.08,0.0,127.0,0.0,238.0,0.593
172876,"Turkey, breast, from whole bird, meat only, with added solution, raw",21.54,1.66,0.14,102.0,0.0,206.0,0.536
174519,"Turkey, breast, from whole bird, meat only, with added solution, roasted",26.97,2.08,0.0,127.0,0.0,238.0,0.593
174612,"Turkey, breast, smoked, lemon pepper flavor, 97% fat-free",20.9,0.69,1.31,95.0,0.0,1160.0,0.22
171101,"Turkey, canned, meat only, with broth",23.68,6.86,1.47,169.0,0.0,518.0,2.0
174510,"Turkey, dark meat from whole, meat and skin, with added solution, cooked, roasted",25.55,10.81,0.0,199.0,0.0,206.0,3.145
174509,"Turkey, dark meat from whole, meat and skin, with added solution, raw",17.84,10.83,0.15,169.0,0.0,161.0,2.6
174507,"Turkey, dark meat from whole, meat only, with added solution, raw",19.27,4.12,0.1,115.0,0.0,167.0,1.124
171488,"Turkey, dark meat, meat and skin, raw",19.81,8.97,0.15,166.0,0.0,113.0,2.413
174508,"Turkey, dark meat, meat only, with added solution, cooked, roasted",26.1,6.0,0.0,158.0,0.0,201.0,1.807
171102,"Turkey, diced, light and dark meat, seasoned",18.7,6.0,1.0,138.0,0.0,850.0,1.75
171136,"Turkey, drumstick, from whole bird, meat only, raw",23.66,1.48,0.14,109.0,0.0,113.0,0.289
171530,"Turkey, drumstick, from whole bird, meat only, roasted",30.13,2.08,0.0,139.0,0.0,99.0,0.593
171525,"Turkey, drumstick, from whole bird, meat only, with added solution, raw",19.27,4.12,0.15,115.0,0.0,167.0,1.124
171128,"Turkey, drumstick, from whole bird, meat only, with added solution, roasted",26.1,6.0,0.0,158.0,0.0,201.0,1.807
167710,"Turkey, drumstick, smoked, cooked, with skin, bone removed",27.9,9.8,0.0,200.0,0.0,996.0,3.054
171095,"Turkey, fryer-roasters, meat and skin, cooked, roasted",28.26,5.72,0.0,172.0,0.0,66.0,1.65
171085,"Turkey, gizzard, all classes, raw",18.8,3.37,0.0,111.0,0.0,147.0,0.929
174494,"Turkey, ground, 85% lean, 15% fat, pan-broiled crumbles",25.11,17.45,0.0,258.0,0.0,85.0,4.572
174495,"Turkey, ground, 85% lean, 15% fat, patties, broiled",25.88,16.2,0.0,249.0,0.0,81.0,4.127
174493,"Turkey, ground, 85% lean, 15% fat, raw",16.9,12.54,0.0,180.0,0.0,54.0,3.414
172851,"Turkey, ground, 93% lean, 7% fat, pan-broiled crumbles",27.1,11.6,0.0,213.0,0.0,90.0,2.966
174492,"Turkey, ground, 93% lean, 7% fat, patties, broiled",25.86,11.45,0.0,207.0,0.0,91.0,2.958
172850,"Turkey, ground, 93% lean, 7% fat, raw",18.73,8.34,0.0,150.0,0.0,69.0,2.17
172848,"Turkey, ground, fat free, pan-broiled crumbles",31.69,2.71,0.0,151.0,0.0,61.0,0.717
172849,"Turkey, ground, fat free, patties, broiled",28.99,2.48,0.0,138.0,0.0,59.0,0.673
172847,"Turkey, ground, fat free, raw",23.57,1.95,0.0,112.0,0.0,51.0,0.487
167713,"Turkey, light or dark meat, smoked, cooked, skin and bone removed",29.3,5.0,0.0,162.0,0.0,996.0,1.368
168120,"Turkey, light or dark meat, smoked, cooked, with skin, bone removed",28.1,9.7,0.0,208.0,0.0,996.0,2.831
171504,"Turkey, mechanically deboned, from turkey frames, raw",13.29,15.96,0.0,201.0,0.0,48.0,5.31
171529,"Turkey, retail parts, breast, meat and skin, cooked, roasted",29.01,5.33,0.05,164.0,0.0,114.0,1.657
171528,"Turkey, retail parts, breast, meat and skin, raw",21.88,7.45,0.0,155.0,0.0,72.0,1.756
171130,"Turkey, retail parts, breast, meat and skin, with added solution, raw",20.79,6.75,0.03,144.0,0.0,126.0,1.24
174516,"Turkey, retail parts, breast, meat only, cooked, roasted",29.51,1.97,0.0,136.0,0.0,114.0,0.66
174515,"Turkey, retail parts, breast, meat only, raw",23.34,2.33,0.0,114.0,0.0,74.0,0.344
174514,"Turkey, retail parts, breast, meat only, with added solution, cooked, roasted",27.94,2.08,0.0,130.0,0.0,184.0,0.428
174513,"Turkey, retail parts, breast, meat only, with added solution, raw",21.99,2.53,0.0,111.0,0.0,124.0,0.6
171135,"Turkey, retail parts, drumstick, meat and skin, cooked, roasted",28.21,9.37,0.0,197.0,0.0,112.0,2.307
171134,"Turkey, retail parts, drumstick, meat and skin, raw",19.96,6.84,0.0,141.0,0.0,86.0,1.896
172878,"Turkey, retail parts, drumstick, meat only, cooked, roasted",28.61,6.52,0.0,173.0,0.0,112.0,1.707
172875,"Turkey, retail parts, drumstick, meat only, raw",20.52,3.97,0.0,118.0,0.0,87.0,1.073
171137,"Turkey, retail parts, thigh, meat and skin, cooked, roasted",23.95,9.5,0.41,183.0,0.0,101.0,2.96
171533,"Turkey, retail parts, thigh, meat and skin, raw",19.54,9.16,0.0,161.0,0.0,75.0,2.386
172877,"Turkey, retail parts, thigh, meat only, cooked, roasted",25.14,6.25,0.46,159.0,0.0,104.0,2.02
174518,"Turkey, retail parts, thigh, meat only, raw",20.6,3.69,0.0,116.0,0.0,75.0,0.782
171133,"Turkey, retail parts, wing, meat and skin, cooked, roasted",28.74,13.29,0.13,235.0,0.0,106.0,3.656
171132,"Turkey, retail parts, wing, meat and skin, raw",19.53,13.79,0.05,202.0,0.0,67.0,3.549
172872,"Turkey, retail parts, wing, meat only, cooked, roasted",30.17,5.51,0.0,170.0,0.0,103.0,1.357
174517,"Turkey, retail parts, wing, meat only, raw",22.48,2.49,0.0,112.0,0.0,69.0,0.458
172866,"Turkey, skin from whole (light and dark), with added solution, raw",12.29,36.8,0.21,381.0,0.0,138.0,10.43
172867,"Turkey, skin from whole, (light and dark), with added solution, roasted",22.15,40.31,0.0,451.0,0.0,234.0,11.356
172874,"Turkey, skin, from retail parts, from dark meat, cooked, roasted",24.58,35.03,0.0,414.0,0.0,106.0,10.184
172873,"Turkey, skin, from retail parts, from dark meat, raw",14.35,35.83,0.0,380.0,0.0,78.0,10.216
173338,"Turkey, stuffing, mashed potatoes w/gravy, assorted vegetables, frozen, microwaved",6.97,3.89,16.32,128.0,1.3,326.0,0.877
171531,"Turkey, thigh, from whole bird, meat only, raw",21.28,2.5,0.15,108.0,0.0,124.0,0.683
171532,"Turkey, thigh, from whole bird, meat only, roasted",27.71,6.04,0.0,165.0,0.0,104.0,1.807
171129,"Turkey, thigh, from whole bird, meat only, with added solution, raw",19.27,4.12,0.15,115.0,0.0,167.0,1.124
171131,"Turkey, thigh, from whole bird, meat only, with added solution, roasted",26.1,6.0,0.0,158.0,0.0,201.0,1.807
174613,"Turkey, white, rotisserie, deli cut",13.5,3.0,7.7,112.0,0.4,1200.0,0.118
171097,"Turkey, whole, back, meat only, cooked, roasted",27.71,6.04,0.0,173.0,0.0,104.0,1.807
171096,"Turkey, whole, back, meat only, raw",21.28,2.5,0.15,113.0,0.0,124.0,
171496,"Turkey, whole, breast, meat only, cooked, roasted",30.13,2.08,0.0,147.0,0.0,99.0,0.593
171098,"Turkey, whole, breast, meat only, raw",23.66,1.48,0.14,114.0,0.0,113.0,0.289
171091,"Turkey, whole, dark meat, cooked, roasted",27.71,6.04,0.0,173.0,0.0,104.0,1.807
171489,"Turkey, whole, dark meat, meat and skin, cooked, roasted",27.27,9.95,0.07,206.0,0.0,105.0,2.93
171090,"Turkey, whole, dark meat, meat only, raw",21.28,2.5,0.15,108.0,0.0,124.0,0.683
171084,"Turkey, whole, giblets, cooked, simmered",26.44,6.61,0.0,173.0,0.0,117.0,1.725
171083,"Turkey, whole, giblets, raw",18.18,5.09,0.07,124.0,0.0,136.0,1.452
171089,"Turkey, whole, light meat, meat and skin, cooked, roasted",29.55,5.57,0.05,177.0,0.0,101.0,1.603
171088,"Turkey, whole, light meat, meat and skin, raw",21.96,7.43,0.15,161.0,0.0,105.0,1.899
171490,"Turkey, whole, light meat, raw",23.66,1.48,0.14,114.0,0.0,113.0,0.289
171479,"Turkey, whole, meat and skin, cooked, roasted",28.55,7.39,0.06,189.0,0.0,103.0,2.155
171081,"Turkey, whole, meat and skin, raw",21.64,5.64,0.14,144.0,0.0,112.0,1.461
172870,"Turkey, whole, meat and skin, with added solution, raw",19.03,9.1,0.15,159.0,0.0,180.0,1.7
172871,"Turkey, whole, meat and skin, with added solution, roasted",26.09,8.01,0.0,176.0,0.0,224.0,2.301
171481,"Turkey, whole, meat only, cooked, roasted",29.06,3.84,0.0,159.0,0.0,101.0,1.132
171480,"Turkey, whole, meat only, raw",22.64,1.93,0.14,115.0,0.0,118.0,0.459
172868,"Turkey, whole, meat only, with added solution, raw",20.87,2.39,0.14,106.0,0.0,194.0,0.535
172869,"Turkey, whole, meat only, with added solution, roasted",26.61,3.7,0.0,140.0,0.0,223.0,1.093
171087,"Turkey, whole, neck, meat only, cooked, simmered",22.48,7.36,0.0,162.0,0.0,246.0,2.216
171086,"Turkey, whole, neck, meat only, raw",16.51,6.04,0.0,125.0,0.0,233.0,1.647
171482,"Turkey, whole, skin (light and dark), raw",12.96,38.93,0.16,407.0,0.0,62.0,10.43
171082,"Turkey, whole, skin (light and dark), roasted",23.94,39.31,0.57,459.0,0.0,116.0,11.356
171498,"Turkey, whole, wing, meat only, cooked, roasted",30.13,2.08,0.0,147.0,0.0,99.0,0.593
171497,"Turkey, whole, wing, meat only, raw",23.66,1.48,0.14,115.0,0.0,113.0,0.289
171526,"Turkey, wing, from whole bird, meat only, with added solution, raw",21.54,1.66,0.14,102.0,0.0,206.0,0.536
171527,"Turkey, wing, from whole bird, meat only, with added solution, roasted",26.97,2.08,0.0,127.0,0.0,238.0,0.593
167709,"Turkey, wing, smoked, cooked, with skin, bone removed",27.4,12.41,0.0,221.0,0.0,996.0,3.383
171499,"Turkey, young hen, skin only, cooked, roasted",19.03,44.45,0.0,482.0,0.0,44.0,11.59
170141,"Turnip greens and turnips, frozen, cooked, boiled, drained, with salt",2.99,0.38,4.74,34.0,3.1,255.0,0.085
170062,"Turnip greens and turnips, frozen, cooked, boiled, drained, without salt",2.99,0.38,4.85,35.0,3.1,19.0,0.085
170470,"Turnip greens and turnips, frozen, unprepared",2.46,0.19,3.39,21.0,2.4,18.0,0.032
168119,"Turnip greens, canned, no salt added",1.36,0.3,2.81,19.0,1.3,29.0,0.07
170467,"Turnip greens, canned, solids and liquids",1.36,0.3,2.42,14.0,1.7,277.0,0.07
170139,"Turnip greens, cooked, boiled, drained, with salt",1.14,0.23,4.36,20.0,3.5,265.0,0.053
170466,"Turnip greens, cooked, boiled, drained, without salt",1.14,0.23,4.36,20.0,3.5,29.0,0.053
170140,"Turnip greens, frozen, cooked, boiled, drained, with salt",3.35,0.42,4.98,29.0,3.4,251.0,0.099
170469,"Turnip greens, frozen, cooked, boiled, drained, without salt",3.35,0.42,4.98,29.0,3.4,15.0,0.099
170468,"Turnip greens, frozen, unprepared",2.47,0.31,3.67,22.0,2.5,12.0,0.073
170061,"Turnip greens, raw",1.5,0.3,7.13,32.0,3.2,40.0,0.07
170547,"Turnips, cooked, boiled, drained, with salt",0.71,0.08,5.06,22.0,2.0,286.0,0.008
170058,"Turnips, cooked, boiled, drained, without salt",0.71,0.08,5.06,22.0,2.0,16.0,0.008
170548,"Turnips, frozen, cooked, boiled, drained, with salt",1.53,0.24,3.73,21.0,2.0,272.0,0.025
170060,"Turnips, frozen, cooked, boiled, drained, without salt",1.53,0.24,4.35,23.0,2.0,36.0,0.025
170059,"Turnips, frozen, unprepared",1.04,0.16,2.94,16.0,1.8,25.0,0.017
170465,"Turnips, raw",0.9,0.1,6.43,28.0,1.8,67.0,0.011
169775,"Turnover, cheese-filled, tomato-based sauce, frozen, unprepared",10.24,9.45,27.29,235.0,1.6,598.0,4.724
169780,"Turnover, chicken- or turkey-, and vegetable-filled, reduced fat, frozen",7.87,5.51,21.74,168.0,3.1,276.0,2.756
168963,"Turnover, filled with egg, meat and cheese, frozen",7.87,12.6,20.67,228.0,0.8,378.0,5.512
168962,"Turnover, meat- and cheese-filled, tomato-based sauce, reduced fat, frozen",9.45,5.51,31.89,215.0,0.8,378.0,2.756
167745,"Turtle, green, raw",19.8,0.5,0.0,89.0,0.0,68.0,0.127
168010,"Udi's, Gluten Free, Classic French Dinner Rolls",7.99,6.4,55.1,310.0,3.6,707.0,
167598,"Udi's, Gluten Free, Soft & Delicious White Sandwich Bread",5.4,8.02,51.15,298.0,5.5,515.0,0.629
167599,"Udi's, Gluten Free, Soft & Hearty Whole Grain Bread",7.25,9.34,49.09,309.0,4.9,510.0,0.266
167600,"Udi's, Gluten Free, Whole Grain Dinner Rolls",11.8,11.6,44.29,329.0,11.2,507.0,1.381
167601,"Van's, Gluten Free, Totally Original Pancakes",3.31,4.55,40.32,215.0,1.5,331.0,0.48
168011,"Van's, Gluten Free, Totally Original Waffles",2.99,8.22,40.54,248.0,,508.0,0.781
168012,"Van's, The Perfect 10, Crispy Six Whole Grain + Four Seed Baked Crackers, Gluten Free",7.63,18.93,67.57,471.0,,730.0,
173471,Vanilla extract,0.06,0.06,12.65,288.0,0.0,9.0,0.01
172235,"Vanilla extract, imitation, alcohol",0.05,0.0,2.41,237.0,0.0,4.0,
172236,"Vanilla extract, imitation, no alcohol",0.03,0.0,14.4,56.0,0.0,3.0,0.0
173850,"Veal, Australian, rib, rib roast, separable lean and fat, raw",19.6,13.1,1.15,201.0,0.0,76.0,5.886
172478,"Veal, Australian, rib, rib roast, separable lean only, raw",21.7,4.63,1.4,134.0,0.0,83.0,2.053
173849,"Veal, Australian, separable fat, raw",9.91,52.17,0.0,509.0,0.0,44.0,23.564
174433,"Veal, Australian, shank, fore, bone-in, separable lean and fat, raw",19.58,7.42,0.0,145.0,0.0,108.0,2.948
174432,"Veal, Australian, shank, fore, bone-in, separable lean only, raw",20.18,4.65,0.0,123.0,0.0,112.0,1.672
172607,"Veal, Australian, shank, hind, bone-in, separable lean and fat, raw",19.78,7.2,0.0,144.0,0.0,95.0,2.951
172606,"Veal, Australian, shank, hind, bone-in, separable lean only, raw",20.37,4.47,0.0,122.0,0.0,98.0,1.7
174394,"Veal, breast, plate half, boneless, separable lean and fat, cooked, braised",25.93,18.95,0.0,282.0,,64.0,7.434
174395,"Veal, breast, point half, boneless, separable lean and fat, cooked, braised",28.23,14.16,0.0,248.0,,66.0,5.489
172567,"Veal, breast, separable fat, cooked",9.4,53.35,0.0,521.0,0.0,49.0,21.407
174393,"Veal, breast, whole, boneless, separable lean and fat, cooked, braised",26.97,16.77,0.0,266.0,,65.0,6.55
174392,"Veal, breast, whole, boneless, separable lean and fat, raw",17.47,14.75,0.0,208.0,,71.0,5.896
174396,"Veal, breast, whole, boneless, separable lean only, cooked, braised",30.32,9.8,0.0,218.0,,68.0,3.72
175267,"Veal, composite of trimmed retail cuts, separable fat, cooked",9.42,66.74,0.0,642.0,0.0,57.0,32.39
175266,"Veal, composite of trimmed retail cuts, separable fat, raw",6.02,67.83,0.0,638.0,0.0,26.0,32.92
173816,"Veal, composite of trimmed retail cuts, separable lean and fat, cooked",30.1,11.39,0.0,231.0,0.0,87.0,4.28
173815,"Veal, composite of trimmed retail cuts, separable lean and fat, raw",19.35,6.77,0.0,144.0,0.0,82.0,2.79
175265,"Veal, composite of trimmed retail cuts, separable lean only, cooked",31.9,6.58,0.0,196.0,0.0,89.0,1.84
173817,"Veal, composite of trimmed retail cuts, separable lean only, raw",20.2,2.87,0.0,112.0,0.0,86.0,0.86
175289,"Veal, cubed for stew (leg and shoulder), separable lean only, cooked, braised",34.94,4.31,0.0,188.0,0.0,93.0,1.3
173843,"Veal, cubed for stew (leg and shoulder), separable lean only, raw",20.27,2.5,0.0,109.0,0.0,83.0,0.75
174883,"Veal, external fat only, cooked",15.28,53.23,0.0,540.0,0.0,103.0,17.754
174882,"Veal, external fat only, raw",8.85,51.6,0.89,503.0,0.0,89.0,19.082
172649,"Veal, foreshank, osso buco, separable lean and fat, cooked, braised",27.94,7.77,0.11,182.0,0.0,90.0,2.712
172646,"Veal, foreshank, osso buco, separable lean only, cooked, braised",29.12,4.51,0.0,157.0,0.0,90.0,1.658
175291,"Veal, ground, cooked, broiled",24.38,7.56,0.0,172.0,0.0,83.0,3.04
174879,"Veal, ground, cooked, pan-fried",25.83,11.78,1.51,215.0,0.0,146.0,4.368
175290,"Veal, ground, raw",18.58,13.06,0.0,197.0,0.0,103.0,5.108
173818,"Veal, leg (top round), separable lean and fat, cooked, braised",36.16,6.33,0.0,211.0,0.0,67.0,2.53
173819,"Veal, leg (top round), separable lean and fat, cooked, pan-fried, breaded",27.29,9.18,9.91,238.0,0.3,454.0,3.06
173820,"Veal, leg (top round), separable lean and fat, cooked, pan-fried, not breaded",31.75,8.35,0.0,211.0,0.0,76.0,3.16
173821,"Veal, leg (top round), separable lean and fat, cooked, roasted",27.7,4.65,0.0,160.0,0.0,68.0,1.84
175268,"Veal, leg (top round), separable lean and fat, raw",20.98,3.08,0.0,117.0,0.0,63.0,1.18
175270,"Veal, leg (top round), separable lean only, cooked, braised",36.71,5.09,0.0,203.0,0.0,67.0,1.92
175271,"Veal, leg (top round), separable lean only, cooked, pan-fried, breaded",28.41,6.27,9.84,216.0,0.2,455.0,1.6
175272,"Veal, leg (top round), separable lean only, cooked, pan-fried, not breaded",33.17,4.62,0.0,183.0,0.0,77.0,1.29
173822,"Veal, leg (top round), separable lean only, cooked, roasted",28.07,3.39,0.0,150.0,0.0,68.0,1.22
175269,"Veal, leg (top round), separable lean only, raw",21.28,1.76,0.0,107.0,0.0,64.0,0.53
174880,"Veal, leg, top round, cap off, cutlet, boneless, cooked, grilled",31.89,2.63,0.0,151.0,0.0,88.0,1.012
172643,"Veal, leg, top round, cap off, cutlet, boneless, raw",22.07,2.07,0.0,107.0,0.0,86.0,0.805
172650,"Veal, loin, chop, separable lean and fat, cooked, grilled",28.04,9.48,0.16,198.0,0.0,86.0,3.378
172644,"Veal, loin, chop, separable lean only, cooked, grilled",29.75,4.44,0.07,159.0,0.0,85.0,1.742
173824,"Veal, loin, separable lean and fat, cooked, braised",30.19,17.21,0.0,284.0,0.0,80.0,6.73
173825,"Veal, loin, separable lean and fat, cooked, roasted",24.8,12.32,0.0,217.0,0.0,93.0,5.26
173823,"Veal, loin, separable lean and fat, raw",20.07,10.07,0.07,177.0,0.0,98.0,3.607
175273,"Veal, loin, separable lean only, cooked, braised",33.57,9.15,0.0,226.0,0.0,84.0,2.55
175274,"Veal, loin, separable lean only, cooked, roasted",26.32,6.94,0.0,175.0,0.0,96.0,2.58
173826,"Veal, loin, separable lean only, raw",21.85,2.9,0.0,114.0,0.0,99.0,1.121
175276,"Veal, rib, separable lean and fat, cooked, braised",32.43,12.53,0.0,251.0,0.0,95.0,4.95
173827,"Veal, rib, separable lean and fat, cooked, roasted",23.96,13.96,0.0,228.0,0.0,92.0,5.41
175275,"Veal, rib, separable lean and fat, raw",18.86,9.01,0.0,162.0,0.0,89.0,3.71
173829,"Veal, rib, separable lean only, cooked, braised",34.44,7.81,0.0,218.0,0.0,99.0,2.56
173830,"Veal, rib, separable lean only, cooked, roasted",25.76,7.44,0.0,177.0,0.0,97.0,2.08
173828,"Veal, rib, separable lean only, raw",19.97,3.89,0.0,120.0,0.0,95.0,1.17
172647,"Veal, seam fat only, cooked",11.16,50.17,2.11,505.0,0.0,87.0,16.316
174884,"Veal, seam fat only, raw",12.53,43.75,0.0,444.0,0.0,89.0,14.235
172569,"Veal, shank (fore and hind), separable lean and fat, cooked, braised",31.54,6.2,0.0,191.0,,93.0,2.078
172568,"Veal, shank (fore and hind), separable lean and fat, raw",19.15,3.48,0.0,113.0,,84.0,1.06
172571,"Veal, shank (fore and hind), separable lean only, cooked, braised",32.22,4.33,0.0,177.0,0.0,94.0,1.14
172570,"Veal, shank (fore and hind), separable lean only, raw",19.28,2.83,0.0,108.0,,85.0,0.738
172648,"Veal, shank, separable lean and fat, raw",19.28,3.3,0.0,107.0,0.0,107.0,1.176
172645,"Veal, shank, separable lean only, raw",19.77,1.64,0.0,94.0,0.0,109.0,0.639
173834,"Veal, shoulder, arm, separable lean and fat, cooked, braised",33.63,10.24,0.0,236.0,0.0,87.0,3.96
175281,"Veal, shoulder, arm, separable lean and fat, cooked, roasted",25.46,8.25,0.0,183.0,0.0,90.0,3.51
173833,"Veal, shoulder, arm, separable lean and fat, raw",19.34,5.44,0.0,132.0,0.0,83.0,2.26
175283,"Veal, shoulder, arm, separable lean only, cooked, braised",35.73,5.33,0.0,201.0,0.0,90.0,1.49
175284,"Veal, shoulder, arm, separable lean only, cooked, roasted",26.13,5.81,0.0,164.0,0.0,91.0,2.31
175282,"Veal, shoulder, arm, separable lean only, raw",20.04,2.16,0.0,105.0,0.0,86.0,0.65
172651,"Veal, shoulder, blade chop, separable lean and fat, cooked, grilled",25.72,10.57,0.15,199.0,0.0,111.0,3.715
173835,"Veal, shoulder, blade chop, separable lean and fat, raw",18.72,7.61,0.03,148.0,0.0,91.0,2.701
174881,"Veal, shoulder, blade chop, separable lean only, cooked, grilled",27.33,5.53,0.0,159.0,0.0,113.0,2.092
173838,"Veal, shoulder, blade chop, separable lean only, raw",19.6,2.88,0.0,110.0,0.0,92.0,1.113
173836,"Veal, shoulder, blade, separable lean and fat, cooked, braised",31.26,10.09,0.0,225.0,0.0,98.0,3.64
173837,"Veal, shoulder, blade, separable lean and fat, cooked, roasted",25.15,8.67,0.0,186.0,0.0,100.0,3.46
173839,"Veal, shoulder, blade, separable lean only, cooked, braised",32.66,6.48,0.0,198.0,0.0,101.0,1.81
175285,"Veal, shoulder, blade, separable lean only, cooked, roasted",25.64,6.88,0.0,171.0,0.0,102.0,2.57
175278,"Veal, shoulder, whole (arm and blade), separable lean and fat, cooked, braised",32.06,10.14,0.0,228.0,0.0,95.0,3.75
175279,"Veal, shoulder, whole (arm and blade), separable lean and fat, cooked, roasted",25.32,8.42,0.0,184.0,0.0,96.0,3.4
175277,"Veal, shoulder, whole (arm and blade), separable lean and fat, raw",19.27,5.28,0.0,130.0,0.0,91.0,2.05
173831,"Veal, shoulder, whole (arm and blade), separable lean only, cooked, braised",33.68,6.1,0.0,199.0,0.0,97.0,1.7
173832,"Veal, shoulder, whole (arm and blade), separable lean only, cooked, roasted",25.81,6.62,0.0,170.0,0.0,97.0,2.5
175280,"Veal, shoulder, whole (arm and blade), separable lean only, raw",19.79,3.0,0.0,112.0,0.0,92.0,0.9
175287,"Veal, sirloin, separable lean and fat, cooked, braised",31.26,13.14,0.0,252.0,0.0,79.0,5.18
175288,"Veal, sirloin, separable lean and fat, cooked, roasted",25.14,10.45,0.0,202.0,0.0,83.0,4.51
175286,"Veal, sirloin, separable lean and fat, raw",19.07,7.81,0.0,152.0,0.0,76.0,3.35
173841,"Veal, sirloin, separable lean only, cooked, braised",33.96,6.51,0.0,204.0,0.0,81.0,1.82
173842,"Veal, sirloin, separable lean only, cooked, roasted",26.32,6.22,0.0,168.0,0.0,85.0,2.41
173840,"Veal, sirloin, separable lean only, raw",20.2,2.59,0.0,110.0,0.0,80.0,0.78
174352,"Veal, variety meats and by-products, brain, cooked, braised",11.48,9.63,0.0,136.0,0.0,156.0,2.18
174353,"Veal, variety meats and by-products, brain, cooked, pan-fried",14.48,16.75,0.0,213.0,0.0,176.0,3.96
174351,"Veal, variety meats and by-products, brain, raw",10.32,8.21,0.0,118.0,0.0,127.0,1.91
172530,"Veal, variety meats and by-products, heart, cooked, braised",29.12,6.75,0.13,186.0,0.0,58.0,1.82
172529,"Veal, variety meats and by-products, heart, raw",17.18,3.98,0.08,110.0,0.0,77.0,1.07
174357,"Veal, variety meats and by-products, kidneys, cooked, braised",26.32,5.66,0.0,163.0,0.0,110.0,1.74
174356,"Veal, variety meats and by-products, kidneys, raw",15.76,3.12,0.85,99.0,0.0,178.0,0.96
172535,"Veal, variety meats and by-products, liver, cooked, braised",28.42,6.26,3.77,192.0,0.0,78.0,1.986
174358,"Veal, variety meats and by-products, liver, cooked, pan-fried",27.37,6.51,4.47,193.0,0.0,85.0,2.109
172534,"Veal, variety meats and by-products, liver, raw",19.93,4.85,2.91,140.0,0.0,77.0,1.56
172536,"Veal, variety meats and by-products, lungs, cooked, braised",18.74,2.64,0.0,104.0,0.0,56.0,0.91
174361,"Veal, variety meats and by-products, lungs, raw",16.3,2.3,0.0,90.0,0.0,108.0,0.79
174363,"Veal, variety meats and by-products, pancreas, cooked, braised",29.1,14.6,0.0,256.0,0.0,68.0,5.01
174362,"Veal, variety meats and by-products, pancreas, raw",15.0,13.1,0.0,182.0,0.0,67.0,4.51
172541,"Veal, variety meats and by-products, spleen, cooked, braised",24.08,2.89,0.0,129.0,0.0,58.0,0.96
172540,"Veal, variety meats and by-products, spleen, raw",18.3,2.2,0.0,98.0,0.0,97.0,0.73
172543,"Veal, variety meats and by-products, thymus, cooked, braised",22.67,3.11,0.0,125.0,0.0,59.0,0.942
172542,"Veal, variety meats and by-products, thymus, raw",17.21,3.07,0.0,101.0,0.0,67.0,0.806
174369,"Veal, variety meats and by-products, tongue, cooked, braised",25.85,10.1,0.0,202.0,0.0,64.0,4.35
174368,"Veal, variety meats and by-products, tongue, raw",17.18,5.48,1.91,131.0,0.0,82.0,2.35
170063,"Vegetable juice cocktail, canned",0.93,0.31,3.87,22.0,0.5,169.0,0.088
170473,"Vegetable juice cocktail, low sodium, canned",0.91,0.32,3.83,19.0,0.5,55.0,0.089
169767,"Vegetable juice, BOLTHOUSE FARMS, DAILY GREENS",0.49,0.04,8.13,31.0,1.9,15.0,0.015
171422,"Vegetable oil, palm kernel",0.0,100.0,0.0,862.0,0.0,0.0,81.5
167691,"Vegetable oil-butter spread, reduced calorie",0.0,53.0,0.0,465.0,0.0,581.0,17.88
169085,"Vegetables, mixed (corn, lima beans, peas, green beans, carrots) canned, no salt added",1.4,0.2,7.31,37.0,3.1,26.0,0.039
170065,"Vegetables, mixed, canned, drained solids",2.59,0.25,9.26,49.0,3.0,214.0,0.051
170064,"Vegetables, mixed, canned, solids and liquids",1.42,0.25,7.13,36.0,3.8,224.0,0.051
170142,"Vegetables, mixed, frozen, cooked, boiled, drained, with salt",2.86,0.15,13.09,60.0,4.4,271.0,0.031
170472,"Vegetables, mixed, frozen, cooked, boiled, drained, without salt",2.86,0.15,13.09,65.0,4.4,35.0,0.031
170471,"Vegetables, mixed, frozen, unprepared",3.33,0.52,13.47,72.0,4.0,47.0,0.098
169068,Vegetarian fillets,23.0,18.0,9.0,290.0,6.1,490.0,2.849
169888,Vegetarian meatloaf or patties,21.0,9.0,8.0,197.0,4.6,550.0,1.425
174287,"Veggie burgers or soyburgers, unprepared",15.7,6.3,14.27,177.0,4.9,569.0,1.44
169884,"Vermicelli, made from soy",0.1,0.1,82.32,331.0,3.9,4.0,0.014
172241,"Vinegar, balsamic",0.49,0.0,17.03,88.0,,23.0,0.0
173469,"Vinegar, cider",0.0,0.0,0.93,21.0,0.0,5.0,0.0
172237,"Vinegar, distilled",0.0,0.0,0.04,18.0,0.0,2.0,0.0
172240,"Vinegar, red wine",0.04,0.0,0.27,19.0,0.0,8.0,0.0
170474,"Vinespinach, (basella), raw",1.8,0.3,3.4,19.0,,24.0,
168147,Vital wheat gluten,75.16,1.85,13.79,370.0,0.6,29.0,0.272
175235,"Vitasoy USA Azumaya, Extra Firm Tofu",10.07,4.6,1.53,88.0,0.9,26.0,0.6
175236,"Vitasoy USA Azumaya, Firm Tofu",9.08,4.2,1.52,80.0,0.6,23.0,0.5
173786,"Vitasoy USA Azumaya, Silken Tofu",4.82,2.4,0.58,43.0,0.2,2.0,0.3
173784,"Vitasoy USA Nasoya, Lite Silken Tofu",8.21,1.1,0.0,43.0,,79.0,0.2
175234,"Vitasoy USA Organic Nasoya Sprouted, Tofu Plus Super Firm",13.24,5.9,2.16,115.0,1.2,28.0,1.1
173783,"Vitasoy USA Organic Nasoya, Soft Tofu",8.76,3.5,0.74,70.0,0.6,4.0,0.5
173785,"Vitasoy USA Organic Nasoya, Tofu Plus Extra Firm",10.18,4.9,1.82,92.0,1.0,7.0,0.6
175233,"Vitasoy USA Organic Nasoya, Tofu Plus Firm",9.19,3.4,1.71,74.0,0.8,4.0,0.3
172468,"Vitasoy USA, Nasoya Lite Firm Tofu",8.3,1.7,1.3,54.0,0.6,34.0,0.2
173762,"Vitasoy USA, Organic Nasoya Extra Firm Tofu",10.1,5.2,2.6,98.0,1.3,4.0,0.7
173763,"Vitasoy USA, Organic Nasoya Firm Tofu",8.9,4.4,2.3,84.0,0.8,4.0,0.5
173764,"Vitasoy USA, Organic Nasoya Silken Tofu",4.8,2.5,1.4,47.0,0.3,2.0,0.3
174297,"Vitasoy USA, Organic Nasoya Super Firm Cubed Tofu",12.4,6.3,2.8,118.0,2.0,6.0,1.3
175214,"Vitasoy USA, Vitasoy Light Vanilla Soymilk",1.6,0.82,4.1,30.0,0.1,49.0,0.18
175213,"Vitasoy USA, Vitasoy Organic Classic Original Soymilk",3.2,1.8,4.5,47.0,0.4,66.0,0.21
175212,"Vitasoy USA, Vitasoy Organic Creamy Original Soymilk",2.9,1.6,4.5,44.0,0.4,66.0,0.2
170770,"WEND'YS, Crispy Chicken Sandwich",11.72,13.93,26.36,278.0,,566.0,2.641
170325,"WENDY'S, CLASSIC DOUBLE, with cheese",16.52,14.2,11.71,241.0,1.1,422.0,5.89
170722,"WENDY'S, CLASSIC SINGLE Hamburger, no cheese",12.63,10.6,16.82,213.0,1.3,395.0,3.689
170322,"WENDY'S, CLASSIC SINGLE Hamburger, with cheese",14.87,11.6,14.2,221.0,1.4,476.0,5.191
170725,"WENDY'S, Chicken Nuggets",16.46,22.55,14.31,326.0,,708.0,4.787
170772,"WENDY'S, DAVE'S Hot 'N Juicy 1/4 LB, single",13.69,15.8,17.73,268.0,1.1,473.0,5.746
170784,"WENDY'S, Double Stack, with cheese",18.53,16.6,15.35,285.0,,477.0,6.851
170326,"WENDY'S, Frosty Dairy Dessert",3.49,2.6,23.62,132.0,3.3,98.0,1.635
170723,"WENDY'S, Homestyle Chicken Fillet Sandwich",13.78,8.1,21.55,214.0,1.3,401.0,1.618
170324,"WENDY'S, Jr. Hamburger, with cheese",13.06,11.5,24.97,256.0,1.4,660.0,5.181
170323,"WENDY'S, Jr. Hamburger, without cheese",12.62,8.75,28.45,243.0,1.7,539.0,3.466
170724,"WENDY'S, Ultimate Chicken Grill Sandwich",14.73,5.0,18.88,179.0,1.1,427.0,1.03
170726,"WENDY'S, french fries",3.73,14.1,39.73,301.0,4.0,219.0,2.79
167518,"Waffle, buttermilk, frozen, ready-to-heat, microwaved",6.92,9.4,44.16,289.0,2.4,663.0,2.057
167517,"Waffle, buttermilk, frozen, ready-to-heat, toasted",7.42,9.49,48.39,309.0,2.6,710.0,2.275
167519,"Waffle, plain, frozen, ready-to-heat, microwave",6.71,9.91,45.41,298.0,2.4,682.0,1.58
167516,"Waffles, buttermilk, frozen, ready-to-heat",6.58,9.22,41.05,273.0,2.2,621.0,1.898
167524,"Waffles, chocolate chip, frozen, ready-to-heat",5.8,10.1,45.68,297.0,1.5,529.0,3.567
174105,"Waffles, gluten-free, frozen, ready-to-heat",2.72,8.84,43.05,263.0,1.4,505.0,0.781
175048,"Waffles, plain, frozen, ready -to-heat, toasted",7.19,9.61,49.29,312.0,2.4,467.0,1.638
175038,"Waffles, plain, frozen, ready-to-heat",6.47,9.7,42.98,285.0,2.2,638.0,1.531
175039,"Waffles, plain, prepared from recipe",7.9,14.1,32.9,291.0,,511.0,2.866
174085,"Waffles, whole wheat, lowfat, frozen, ready-to-heat",7.14,3.57,49.16,257.0,4.3,557.0,0.714
168031,"Walrus, liver, raw (Alaska Native)",21.0,3.0,3.5,125.0,,,
168030,"Walrus, meat and subcutaneous fat raw (Alaska Native)",16.3,24.1,0.0,282.0,,,
167621,"Walrus, meat, dried (Alaska Native)",57.0,2.6,0.0,251.0,,,
168029,"Walrus, meat, raw (Alaska Native)",19.2,13.6,0.0,199.0,,,2.57
171831,Wasabi,2.23,10.9,46.13,292.0,6.1,3390.0,2.031
168583,"Wasabi, root, raw",4.8,0.63,23.54,109.0,7.8,17.0,
170132,"Water convolvulus, cooked, boiled, drained, with salt",2.08,0.24,3.7,20.0,1.9,358.0,
169302,"Water convolvulus, cooked, boiled, drained, without salt",2.08,0.24,3.7,20.0,1.9,122.0,0.039
169301,"Water convolvulus,raw",2.6,0.2,3.13,19.0,2.1,113.0,
174158,"Water, bottled, generic",0.0,0.0,0.0,0.0,0.0,2.0,0.0
173657,"Water, bottled, non-carbonated, NAYA",0.0,0.0,0.0,0.0,,1.0,
171926,"Water, non-carbonated, bottles, natural fruit flavors, sweetened with low calorie sweetener",0.0,0.0,0.13,1.0,0.0,14.0,0.0
171940,"Water, with corn syrup and/or sugar and low calorie sweetener, fruit flavored",0.0,0.0,4.5,18.0,0.0,8.0,0.0
170066,"Waterchestnuts, chinese, (matai), raw",1.4,0.1,23.94,97.0,3.0,14.0,0.026
170067,"Waterchestnuts, chinese, canned, solids and liquids",0.88,0.06,12.3,50.0,2.5,8.0,0.016
170068,"Watercress, raw",2.3,0.1,1.29,11.0,0.5,41.0,0.027
167765,"Watermelon, raw",0.61,0.15,7.55,30.0,0.4,1.0,0.016
170549,"Waxgourd, (chinese preserving melon), cooked, boiled, drained, with salt",0.4,0.2,2.45,11.0,1.0,343.0,0.016
170475,"Waxgourd, (chinese preserving melon), cooked, boiled, drained, without salt",0.4,0.2,3.04,14.0,1.0,107.0,0.016
170069,"Waxgourd, (chinese preserving melon), raw",0.4,0.2,3.0,13.0,2.9,111.0,0.016
169796,"Whale, beluga, eyes (Alaska Native)",19.6,23.3,0.0,291.0,0.0,,
168979,"Whale, beluga, flipper, raw (Alaska Native)",19.0,21.7,0.0,271.0,0.0,,
168980,"Whale, beluga, liver, raw (Alaska Native)",18.4,3.9,2.0,117.0,,,
169795,"Whale, beluga, meat, dried (Alaska Native)",69.86,5.34,0.0,327.0,0.0,220.0,1.204
169797,"Whale, beluga, meat, raw (Alaska Native)",26.5,0.5,0.0,111.0,0.0,78.0,0.092
167624,"Whale, bowhead, skin and subcutaneous fat (muktuk) (Alaska Native)",12.6,46.1,0.0,465.0,,,6.56
167623,"Whale, bowhead, subcutaneous fat (blubber) (Alaska Native)",0.4,96.5,0.0,870.0,,,
169722,"Wheat bran, crude",15.55,4.25,64.51,216.0,42.8,2.0,0.63
172018,"Wheat flour, white (industrial), 10% protein, bleached, enriched",9.71,1.48,76.22,366.0,2.4,2.0,0.302
172019,"Wheat flour, white (industrial), 10% protein, bleached, unenriched",9.71,1.48,76.22,366.0,2.4,2.0,0.302
168938,"Wheat flour, white (industrial), 10% protein, unbleached, enriched",9.71,1.48,76.22,366.0,2.4,2.0,0.302
168939,"Wheat flour, white (industrial), 11.5% protein, bleached, enriched",11.5,1.45,73.81,363.0,2.4,2.0,0.268
168940,"Wheat flour, white (industrial), 11.5% protein, bleached, unenriched",11.5,1.45,73.81,363.0,2.4,2.0,0.268
168941,"Wheat flour, white (industrial), 11.5% protein, unbleached, enriched",11.5,1.45,73.81,363.0,2.4,2.0,0.268
168942,"Wheat flour, white (industrial), 13% protein, bleached, enriched",13.07,1.38,72.2,362.0,2.4,2.0,0.189
172020,"Wheat flour, white (industrial), 13% protein, bleached, unenriched",13.07,1.38,72.2,362.0,2.4,2.0,0.189
172021,"Wheat flour, white (industrial), 15% protein, bleached, enriched",15.33,1.41,69.88,362.0,2.4,2.0,0.272
172022,"Wheat flour, white (industrial), 15% protein, bleached, unenriched",15.33,1.41,69.88,362.0,2.4,2.0,0.272
172016,"Wheat flour, white (industrial), 9% protein, bleached, enriched",8.89,1.43,77.32,367.0,,2.0,0.34
172017,"Wheat flour, white (industrial), 9% protein, bleached, unenriched",8.89,1.43,77.32,367.0,2.4,2.0,0.34
168894,"Wheat flour, white, all-purpose, enriched, bleached",10.33,0.98,76.31,364.0,2.7,2.0,0.155
169754,"Wheat flour, white, all-purpose, enriched, calcium-fortified",10.33,0.98,76.31,364.0,2.7,2.0,0.155
168936,"Wheat flour, white, all-purpose, enriched, unbleached",10.33,0.98,76.31,364.0,2.7,2.0,0.155
168895,"Wheat flour, white, all-purpose, self-rising, enriched",9.89,0.97,74.22,354.0,2.7,1193.0,0.154
169761,"Wheat flour, white, all-purpose, unenriched",10.33,0.98,76.31,364.0,2.7,2.0,0.155
168896,"Wheat flour, white, bread, enriched",11.98,1.66,72.53,361.0,2.4,2.0,0.244
169723,"Wheat flour, white, cake, enriched",8.2,0.86,78.03,362.0,1.7,2.0,0.127
169724,"Wheat flour, white, tortilla mix, enriched",9.66,10.63,67.14,405.0,,677.0,4.1
168893,"Wheat flour, whole-grain (Includes foods for USDA's Food Distribution Program)",13.21,2.5,71.97,340.0,10.7,2.0,0.43
168944,"Wheat flour, whole-grain, soft wheat",9.61,1.95,74.48,332.0,13.1,3.0,0.43
168913,"Wheat flours, bread, unenriched",11.98,1.66,72.53,361.0,2.4,2.0,0.244
168892,"Wheat germ, crude",23.15,9.72,51.8,360.0,13.2,12.0,1.665
169721,"Wheat, durum",13.68,2.47,71.13,339.0,,2.0,0.454
168889,"Wheat, hard red spring",15.4,1.92,68.03,329.0,12.2,2.0,0.314
168890,"Wheat, hard red winter",12.61,1.54,71.18,327.0,12.2,2.0,0.269
169719,"Wheat, hard white",11.31,1.71,75.9,342.0,12.2,2.0,0.277
169744,"Wheat, khorasan, cooked",5.71,0.83,27.6,132.0,4.3,8.0,0.077
169743,"Wheat, khorasan, uncooked",14.54,2.13,70.58,337.0,11.1,5.0,0.196
168891,"Wheat, soft red winter",10.35,1.56,74.24,331.0,12.5,2.0,0.289
169720,"Wheat, soft white",10.69,1.99,75.36,340.0,12.7,2.0,0.368
169725,"Wheat, sprouted",7.49,1.27,42.53,198.0,1.1,16.0,0.206
171281,"Whey, acid, dried",11.73,0.54,73.45,339.0,0.0,968.0,0.342
170885,"Whey, acid, fluid",0.76,0.09,5.12,24.0,0.0,48.0,0.057
171283,"Whey, sweet, dried",12.93,1.07,74.46,353.0,0.0,1079.0,0.684
171282,"Whey, sweet, fluid",0.85,0.36,5.14,27.0,0.0,54.0,0.23
169899,"Whipped cream substitute, dietetic, made from powdered mix",0.9,6.0,10.6,100.0,0.0,106.0,3.186
167687,"Whipped topping, frozen, low fat",3.0,13.1,23.6,224.0,0.0,72.0,11.273
173661,"Whiskey sour mix, bottled, with added potassium and sodium",0.1,0.1,21.4,84.0,0.0,33.0,0.008
168897,"Wild rice, cooked",3.99,0.34,21.34,101.0,1.8,3.0,0.049
169726,"Wild rice, raw",14.73,1.08,74.9,357.0,6.2,7.0,0.156
168035,"Willow, leaves in oil (Alaska Native)",2.6,61.0,8.1,592.0,,,
168036,"Willow, young leaves, chopped (Alaska Native)",6.1,1.6,20.7,122.0,,,
170478,"Winged bean leaves, raw",5.85,1.1,14.1,74.0,,9.0,0.272
170070,"Winged bean tuber, raw",11.6,0.9,28.1,148.0,,35.0,0.222
170550,"Winged bean, immature seeds, cooked, boiled, drained, with salt",5.31,0.66,3.21,37.0,,240.0,0.101
170477,"Winged beans, immature seeds, cooked, boiled, drained, without salt",5.31,0.66,3.21,38.0,,4.0,0.181
170476,"Winged beans, immature seeds, raw",6.95,0.87,4.31,49.0,,4.0,0.238
172477,"Winged beans, mature seeds, cooked, boiled, with salt",10.62,5.84,14.94,147.0,,249.0,0.825
172453,"Winged beans, mature seeds, cooked, boiled, without salt",10.62,5.84,14.94,147.0,,13.0,0.825
174283,"Winged beans, mature seeds, raw",29.65,16.32,41.71,409.0,25.9,38.0,2.303
169826,"Wocas, dried seeds, Oregon, yellow pond lily (Klamath)",7.9,1.07,80.02,361.0,19.2,25.0,0.147
169005,"Wocas, tuber, cooked, Oregon, yellow pond lily (Klamath)",0.69,0.35,7.06,34.0,2.3,10.0,0.041
172802,Wonton wrappers (includes egg roll wrappers),9.8,1.5,57.9,291.0,1.8,572.0,0.263
172960,"Yachtwurst, with pistachio nuts, cooked",14.8,22.6,1.4,268.0,0.0,936.0,7.9
170551,"Yam, cooked, boiled, drained, or baked, with salt",1.49,0.14,26.99,114.0,3.9,244.0,0.029
170072,"Yam, cooked, boiled, drained, or baked, without salt",1.49,0.14,27.48,116.0,3.9,8.0,0.029
170071,"Yam, raw",1.53,0.17,27.88,118.0,4.1,9.0,0.037
169358,"Yambean (jicama), cooked, boiled, drained, with salt",0.72,0.09,8.23,36.0,,242.0,
170074,"Yambean (jicama), cooked, boiled, drained, without salt",0.72,0.09,8.82,38.0,,4.0,
170073,"Yambean (jicama), raw",0.72,0.09,8.82,38.0,4.9,4.0,0.021
169359,"Yardlong bean, cooked, boiled, drained, with salt",2.53,0.1,9.17,47.0,,240.0,0.026
169223,"Yardlong bean, cooked, boiled, drained, without salt",2.53,0.1,9.18,47.0,,4.0,0.026
169222,"Yardlong bean, raw",2.8,0.4,8.35,47.0,,4.0,0.105
174306,"Yardlong beans, mature seeds, cooked, boiled, with salt",8.29,0.45,21.09,118.0,3.8,241.0,0.116
174282,"Yardlong beans, mature seeds, cooked, boiled, without salt",8.29,0.45,21.09,118.0,3.8,5.0,0.116
174281,"Yardlong beans, mature seeds, raw",24.33,1.31,61.91,347.0,11.0,17.0,0.339
169401,"Yautia (tannier), raw",1.46,0.4,23.63,98.0,1.5,21.0,0.082
167717,Yeast extract spread,23.88,0.9,20.42,185.0,6.5,3380.0,0.0
168956,"Yellow rice with seasoning, dry packet mix, unprepared",7.02,1.75,74.68,343.0,1.8,1316.0,0.0
170355,"Yogurt parfait, lowfat, with fruit and granola",3.36,1.01,15.86,84.0,1.1,49.0,0.525
170864,"Yogurt, Greek, 2% fat, apricot, CHOBANI",7.22,1.71,12.15,93.0,0.6,40.0,1.03
173434,"Yogurt, Greek, 2% fat, key lime blend, CHOBANI",7.75,1.47,11.91,92.0,0.5,40.0,0.87
172199,"Yogurt, Greek, 2% fat, mango, CHOBANI",7.64,1.69,11.84,93.0,0.5,30.0,1.02
170909,"Yogurt, Greek, 2% fat, pineapple, CHOBANI",7.05,1.82,12.27,94.0,0.7,33.0,1.12
170912,"Yogurt, Greek, 2% fat, strawberry banana, CHOBANI",8.0,1.71,10.24,88.0,0.7,32.0,1.03
170891,"Yogurt, Greek, 2% fat,mixed berry blend, CHOBANI",8.26,1.83,10.94,93.0,0.6,41.0,1.1
171260,"Yogurt, Greek, 2%fat, coconut blend, CHOBANI",8.11,1.71,11.04,92.0,0.5,33.0,
170914,"Yogurt, Greek, Blueberry, CHOBANI",7.23,0.24,12.78,82.0,0.5,32.0,0.037
170905,"Yogurt, Greek, fruit, whole milk",7.33,3.0,12.29,106.0,0.0,37.0,1.599
170916,"Yogurt, Greek, nonfat, Fruit on Bottom, Blackberry, CHOBANI",7.54,0.37,15.43,95.0,0.4,0.0,0.19
170913,"Yogurt, Greek, nonfat, Fruit on Bottom, Pomegranate, CHOBANI",7.45,0.18,12.13,80.0,0.8,31.0,0.1
170915,"Yogurt, Greek, nonfat, Fruit on Bottom, Strawberry, CHOBANI",7.28,0.23,11.86,79.0,0.4,31.0,0.15
171310,"Yogurt, Greek, nonfat, lemon blend, CHOBANI",8.62,0.15,10.66,78.0,0.5,44.0,0.09
171311,"Yogurt, Greek, nonfat, peach, CHOBANI",7.76,0.11,11.9,80.0,0.7,32.0,0.06
171312,"Yogurt, Greek, nonfat, plain, CHOBANI",9.53,0.24,3.43,54.0,0.2,37.0,0.145
171313,"Yogurt, Greek, nonfat, raspberry, CHOBANI",7.65,0.22,11.98,81.0,0.5,30.0,0.13
171299,"Yogurt, Greek, nonfat, strawberry, DANNON OIKOS",8.03,0.22,12.53,84.0,0.4,33.0,0.11
171296,"Yogurt, Greek, nonfat, vanilla, CHOBANI",9.07,0.22,8.09,71.0,0.3,36.0,0.178
171298,"Yogurt, Greek, nonfat, vanilla, DANNON OIKOS",8.12,0.14,12.72,85.0,0.5,32.0,0.09
170903,"Yogurt, Greek, plain, lowfat",9.95,1.92,3.94,73.0,0.0,34.0,1.23
170894,"Yogurt, Greek, plain, nonfat (Includes foods for USDA's Food Distribution Program)",10.19,0.39,3.6,59.0,0.0,36.0,0.117
171304,"Yogurt, Greek, plain, whole milk",9.0,5.0,3.98,97.0,0.0,35.0,2.395
171297,"Yogurt, Greek, strawberry, DANNON OIKOS",8.25,2.92,11.67,106.0,1.0,34.0,1.832
171300,"Yogurt, Greek, strawberry, lowfat",8.17,2.57,12.29,105.0,1.0,33.0,1.599
170901,"Yogurt, Greek, strawberry, nonfat",8.05,0.15,12.07,82.0,0.6,33.0,0.105
170907,"Yogurt, Greek, vanilla, lowfat",8.64,2.5,9.54,95.0,0.0,40.0,1.465
170902,"Yogurt, Greek, vanilla, nonfat",8.64,0.18,10.37,78.0,0.5,34.0,0.133
171309,"Yogurt, Greek, whole, plain, CHOBANI",8.24,4.01,3.24,82.0,0.8,35.0,2.46
172208,"Yogurt, chocolate, nonfat milk",3.53,0.0,23.53,112.0,1.2,135.0,0.0
172221,"Yogurt, chocolate, nonfat milk, fortified with vitamin D",3.53,0.0,23.53,112.0,1.2,135.0,0.0
173464,"Yogurt, frozen, flavors not chocolate, nonfat milk, with low-calorie sweetener",4.4,0.8,19.7,104.0,2.0,81.0,0.488
170908,"Yogurt, frozen, flavors other than chocolate, lowfat",8.0,2.5,21.0,139.0,0.0,45.0,1.509
169898,"Yogurt, fruit variety, nonfat",4.4,0.2,19.0,95.0,0.0,58.0,0.119
173458,"Yogurt, fruit variety, nonfat, fortified with vitamin D",4.4,0.2,19.0,95.0,0.0,58.0,0.119
171285,"Yogurt, fruit, low fat, 10 grams protein per 8 ounce",4.37,1.08,19.05,102.0,0.0,58.0,0.697
173457,"Yogurt, fruit, low fat, 10 grams protein per 8 ounce, fortified with vitamin D",4.37,1.08,19.05,102.0,0.0,58.0,0.697
171286,"Yogurt, fruit, low fat, 11g protein/8 oz",4.86,1.41,18.6,105.0,0.0,65.0,0.909
173456,"Yogurt, fruit, low fat, 9 grams protein per 8 ounce, fortified with vitamin D",3.98,1.15,18.64,99.0,0.0,53.0,0.742
170889,"Yogurt, fruit, low fat,9 g protein/8 oz",3.98,1.15,18.64,99.0,0.0,53.0,0.742
173451,"Yogurt, fruit, lowfat, with low calorie sweetener",4.86,1.41,18.6,105.0,0.0,58.0,0.909
172218,"Yogurt, fruit, lowfat, with low calorie sweetener, fortified with vitamin D",4.86,1.41,18.6,105.0,0.0,58.0,0.909
170886,"Yogurt, plain, low fat",5.25,1.55,7.04,63.0,0.0,70.0,1.0
170887,"Yogurt, plain, skim milk",5.73,0.18,7.68,56.0,0.0,77.0,0.116
171284,"Yogurt, plain, whole milk",3.47,3.25,4.66,61.0,0.0,46.0,2.096
173463,"Yogurt, vanilla flavor, lowfat milk, sweetened with low calorie sweetener",4.93,1.25,13.8,86.0,0.0,66.0,0.752
173445,"Yogurt, vanilla or lemon flavor, nonfat milk, sweetened with low-calorie sweetener",3.86,0.18,7.5,43.0,0.0,59.0,0.116
172220,"Yogurt, vanilla or lemon flavor, nonfat milk, sweetened with low-calorie sweetener, fortified with vitamin D",3.86,0.18,7.5,43.0,0.0,59.0,0.116
172219,"Yogurt, vanilla, low fat, fortified with vitamin D",4.93,1.25,13.8,85.0,0.0,66.0,0.806
170888,"Yogurt, vanilla, low fat.",4.93,1.25,13.8,85.0,0.0,66.0,0.806
170906,"Yogurt, vanilla, non-fat",2.94,0.0,17.04,78.0,0.0,47.0,0.0
173730,"Yokan, prepared from adzuki beans and sugar",3.29,0.12,60.72,260.0,,83.0,0.043
171372,Zwieback,10.1,9.7,74.2,426.0,2.5,227.0,2.525
